,position,time,temperature
0,0.0,0.0,0.0
1,0.0,0.01,0.03141075907812829
2,0.0,0.02,0.06279051952931337
3,0.0,0.03,0.09410831331851431
4,0.0,0.04,0.12533323356430426
5,0.0,0.05,0.15643446504023087
6,0.0,0.06,0.1873813145857246
7,0.0,0.07,0.21814324139654256
8,0.0,0.08,0.2486898871648548
9,0.0,0.09,0.2789911060392293
10,0.0,0.1,0.3090169943749474
11,0.0,0.11,0.33873792024529137
12,0.0,0.12,0.3681245526846779
13,0.0,0.13,0.3971478906347806
14,0.0,0.14,0.4257792915650727
15,0.0,0.15,0.45399049973954675
16,0.0,0.16,0.4817536741017153
17,0.0,0.17,0.5090414157503713
18,0.0,0.18,0.5358267949789967
19,0.0,0.19,0.5620833778521306
20,0.0,0.2,0.5877852522924731
21,0.0,0.21,0.6129070536529764
22,0.0,0.22,0.6374239897486896
23,0.0,0.23,0.6613118653236518
24,0.0,0.24,0.6845471059286886
25,0.0,0.25,0.7071067811865475
26,0.0,0.26,0.7289686274214116
27,0.0,0.27,0.7501110696304596
28,0.0,0.28,0.7705132427757893
29,0.0,0.29,0.7901550123756903
30,0.0,0.3,0.8090169943749475
31,0.0,0.31,0.8270805742745618
32,0.0,0.32,0.8443279255020151
33,0.0,0.33,0.8607420270039436
34,0.0,0.34,0.8763066800438637
35,0.0,0.35000000000000003,0.8910065241883678
36,0.0,0.36,0.9048270524660196
37,0.0,0.37,0.9177546256839811
38,0.0,0.38,0.9297764858882513
39,0.0,0.39,0.9408807689542255
40,0.0,0.4,0.9510565162951535
41,0.0,0.41000000000000003,0.9602936856769431
42,0.0,0.42,0.9685831611286311
43,0.0,0.43,0.9759167619387473
44,0.0,0.44,0.9822872507286886
45,0.0,0.45,0.9876883405951378
46,0.0,0.46,0.9921147013144779
47,0.0,0.47000000000000003,0.99556196460308
48,0.0,0.48,0.9980267284282716
49,0.0,0.49,0.9995065603657316
50,0.0,0.5,1.0
51,0.0,0.51,0.9995065603657316
52,0.0,0.52,0.9980267284282716
53,0.0,0.53,0.99556196460308
54,0.0,0.54,0.9921147013144778
55,0.0,0.55,0.9876883405951377
56,0.0,0.56,0.9822872507286886
57,0.0,0.5700000000000001,0.9759167619387474
58,0.0,0.58,0.9685831611286312
59,0.0,0.59,0.9602936856769431
60,0.0,0.6,0.9510565162951536
61,0.0,0.61,0.9408807689542255
62,0.0,0.62,0.9297764858882513
63,0.0,0.63,0.9177546256839813
64,0.0,0.64,0.9048270524660195
65,0.0,0.65,0.8910065241883679
66,0.0,0.66,0.8763066800438635
67,0.0,0.67,0.8607420270039436
68,0.0,0.68,0.844327925502015
69,0.0,0.6900000000000001,0.8270805742745617
70,0.0,0.7000000000000001,0.8090169943749475
71,0.0,0.71,0.7901550123756905
72,0.0,0.72,0.7705132427757893
73,0.0,0.73,0.7501110696304597
74,0.0,0.74,0.7289686274214114
75,0.0,0.75,0.7071067811865476
76,0.0,0.76,0.6845471059286888
77,0.0,0.77,0.6613118653236518
78,0.0,0.78,0.6374239897486899
79,0.0,0.79,0.6129070536529764
80,0.0,0.8,0.5877852522924732
81,0.0,0.81,0.5620833778521305
82,0.0,0.8200000000000001,0.5358267949789967
83,0.0,0.8300000000000001,0.5090414157503711
84,0.0,0.84,0.4817536741017156
85,0.0,0.85,0.45399049973954686
86,0.0,0.86,0.4257792915650729
87,0.0,0.87,0.3971478906347806
88,0.0,0.88,0.36812455268467814
89,0.0,0.89,0.3387379202452913
90,0.0,0.9,0.3090169943749475
91,0.0,0.91,0.2789911060392291
92,0.0,0.92,0.24868988716485482
93,0.0,0.93,0.21814324139654231
94,0.0,0.9400000000000001,0.18738131458572457
95,0.0,0.9500000000000001,0.15643446504023098
96,0.0,0.96,0.12533323356430454
97,0.0,0.97,0.09410831331851435
98,0.0,0.98,0.06279051952931358
99,0.0,0.99,0.031410759078128236
100,0.0,1.0,0.0
101,0.01,0.0,0.0
102,0.01,0.01,0.030645231124203393
103,0.01,0.02,0.06126037998988452
104,0.01,0.03,0.0918148248709818
105,0.01,0.04,0.1222788255319995
106,0.01,0.05,0.15262229434467
107,0.01,0.06,0.18281451636060247
108,0.01,0.07,0.21282746348011483
109,0.01,0.08,0.24262882473741193
110,0.01,0.09,0.2721925466790543
111,0.01,0.1,0.30148576306552133
112,0.01,0.11,0.3304831393439133
113,0.01,0.12,0.35915331864348826
114,0.01,0.13,0.3874689258496161
115,0.01,0.14,0.41540382239518264
116,0.01,0.15,0.44292565243126464
117,0.01,0.16,0.4700143460621334
118,0.01,0.17,0.49663503361858313
119,0.01,0.18,0.5227695677992461
120,0.01,0.19,0.5483843993960016
121,0.01,0.2,0.5734617748865241
122,0.01,0.21,0.5979696593282331
123,0.01,0.22,0.6218904491974885
124,0.01,0.23,0.6451952457852456
125,0.01,0.24,0.6678649240770498
126,0.01,0.25,0.6898741598877819
127,0.01,0.26,0.711204001115289
128,0.01,0.27,0.7318302527941771
129,0.01,0.28,0.7517363806926229
130,0.01,0.29,0.7708981346832807
131,0.01,0.3,0.7893018682710918
132,0.01,0.31,0.8069237968940903
133,0.01,0.32,0.8237524516329137
134,0.01,0.33,0.8397644145926181
135,0.01,0.34,0.8549525162893169
136,0.01,0.35000000000000003,0.8692910514185237
137,0.01,0.36,0.882777476409653
138,0.01,0.37,0.8953882761357144
139,0.01,0.38,0.9071177285517305
140,0.01,0.39,0.9179517318833851
141,0.01,0.4,0.9278787142523294
142,0.01,0.41000000000000003,0.9368916347561871
143,0.01,0.42,0.9449783078142787
144,0.01,0.43,0.952133907309403
145,0.01,0.44,0.9583484707626272
146,0.01,0.45,0.963618507526375
147,0.01,0.46,0.9679366054024058
148,0.01,0.47000000000000003,0.971300131626479
149,0.01,0.48,0.9737044557352033
150,0.01,0.49,0.9751488998480428
151,0.01,0.5,0.9756293205097113
152,0.01,0.51,0.9751490571310812
153,0.01,0.52,0.9737041668197985
154,0.01,0.53,0.9713004742848693
155,0.01,0.54,0.9679363222860693
156,0.01,0.55,0.9636186342488253
157,0.01,0.56,0.958348577209905
158,0.01,0.5700000000000001,0.9521334823081397
159,0.01,0.58,0.9449790877704709
160,0.01,0.59,0.9368906594156569
161,0.01,0.6,0.9278794641408787
162,0.01,0.61,0.9179517524261132
163,0.01,0.62,0.9071165216276694
164,0.01,0.63,0.895390762132454
165,0.01,0.64,0.8827739916462894
166,0.01,0.65,0.8692949621747312
167,0.01,0.66,0.8549488533776741
168,0.01,0.67,0.8397673384172443
169,0.01,0.68,0.8237503192056441
170,0.01,0.6900000000000001,0.8069255413874903
171,0.01,0.7000000000000001,0.7892999513074899
172,0.01,0.71,0.7709005418948425
173,0.01,0.72,0.7517336147753114
174,0.01,0.73,0.7318328540577668
175,0.01,0.74,0.7112022626971898
176,0.01,0.75,0.6898744609889234
177,0.01,0.76,0.6678662250682338
178,0.01,0.77,0.6451926647468271
179,0.01,0.78,0.6218937362183432
180,0.01,0.79,0.597966120172493
181,0.01,0.8,0.5734654513289685
182,0.01,0.81,0.5483804403823829
183,0.01,0.8200000000000001,0.5227739216456018
184,0.01,0.8300000000000001,0.4966304493037941
185,0.01,0.84,0.47001878732850705
186,0.01,0.85,0.4429216053165811
187,0.01,0.86,0.4154075682461978
188,0.01,0.87,0.3874651776215209
189,0.01,0.88,0.35915729171381183
190,0.01,0.89,0.330478928422239
191,0.01,0.9,0.30149007591659094
192,0.01,0.91,0.27218834750603677
193,0.01,0.92,0.2426326524892145
194,0.01,0.93,0.21282418984350854
195,0.01,0.9400000000000001,0.18281730234273472
196,0.01,0.9500000000000001,0.15261967226958087
197,0.01,0.96,0.12228159382752189
198,0.01,0.97,0.09181194941813552
199,0.01,0.98,0.06126289085544274
200,0.01,0.99,0.03064374394089355
201,0.01,1.0,0.0
202,0.02,0.0,0.0
203,0.02,0.01,0.02989905179054986
204,0.02,0.02,0.05976620103784968
205,0.02,0.03,0.08957904982947189
206,0.02,0.04,0.11929677722545527
207,0.02,0.05,0.14890508857808904
208,0.02,0.06,0.17835721271565855
209,0.02,0.07,0.20764252921435689
210,0.02,0.08,0.2367149524071374
211,0.02,0.09,0.265559098331396
212,0.02,0.1,0.2941399810229005
213,0.02,0.11,0.32242618760561964
214,0.02,0.12,0.3504053919890512
215,0.02,0.13,0.37801996444198804
216,0.02,0.14,0.405288268010389
217,0.02,0.15,0.4321220536485507
218,0.02,0.16,0.4585709549663854
219,0.02,0.17,0.4845198794787059
220,0.02,0.18,0.5100424724242109
221,0.02,0.19,0.535007020195057
222,0.02,0.2,0.559499681620453
223,0.02,0.21,0.5833838854972752
224,0.02,0.22,0.6067480160301191
225,0.02,0.23,0.6294587586198411
226,0.02,0.24,0.6516018618637395
227,0.02,0.25,0.6730490103147735
228,0.02,0.26,0.6938848270776278
229,0.02,0.27,0.7139822335052514
230,0.02,0.28,0.7334301158089824
231,0.02,0.29,0.7520971250258217
232,0.02,0.3,0.7700811215761474
233,0.02,0.31,0.7872440439300175
234,0.02,0.32,0.8036922672921899
235,0.02,0.33,0.8192852448484028
236,0.02,0.34,0.8341300486244408
237,0.02,0.35000000000000003,0.8480948878315834
238,0.02,0.36,0.8612740863055618
239,0.02,0.37,0.8735591110545994
240,0.02,0.38,0.8850178298457057
241,0.02,0.39,0.89557651368064
242,0.02,0.4,0.9052686685735819
243,0.02,0.41000000000000003,0.9140590894267108
244,0.02,0.42,0.9219476498902612
245,0.02,0.43,0.9289331947306632
246,0.02,0.44,0.9349893281184932
247,0.02,0.45,0.9401400570071345
248,0.02,0.46,0.9443420709228347
249,0.02,0.47000000000000003,0.947635739822314
250,0.02,0.48,0.9499686510513061
251,0.02,0.49,0.951390925720525
252,0.02,0.5,0.9518466783942964
253,0.02,0.51,0.9513909234276021
254,0.02,0.52,0.9499686013836431
255,0.02,0.53,0.9476359718591815
256,0.02,0.54,0.9443414140153338
257,0.02,0.55,0.9401415294988104
258,0.02,0.56,0.9349864812171088
259,0.02,0.5700000000000001,0.9289381321285628
260,0.02,0.58,0.9219397984884883
261,0.02,0.59,0.9140706981786744
262,0.02,0.6,0.9052525530067479
263,0.02,0.61,0.8955976716041295
264,0.02,0.62,0.8849914111892357
265,0.02,0.63,0.8735906252611637
266,0.02,0.64,0.861238043631724
267,0.02,0.65,0.8481345189944661
268,0.02,0.66,0.8340880771698026
269,0.02,0.67,0.8193280826237933
270,0.02,0.68,0.803650180126562
271,0.02,0.6900000000000001,0.7872836929302156
272,0.02,0.7000000000000001,0.7700456084772036
273,0.02,0.71,0.7521268494706429
274,0.02,0.72,0.7334077282228695
275,0.02,0.73,0.7139959111333364
276,0.02,0.74,0.6938809769578929
277,0.02,0.75,0.6730422514824624
278,0.02,0.76,0.6516196098318273
279,0.02,0.77,0.6294300765257745
280,0.02,0.78,0.6067871497907561
281,0.02,0.79,0.5833351590444085
282,0.02,0.8,0.5595568515151959
283,0.02,0.81,0.5349427397082825
284,0.02,0.8200000000000001,0.510112456422264
285,0.02,0.8300000000000001,0.48444557766150015
286,0.02,0.84,0.45864828021528636
287,0.02,0.85,0.4320428696557342
288,0.02,0.86,0.4053682830248231
289,0.02,0.87,0.37794002753778716
290,0.02,0.88,0.35048442485783554
291,0.02,0.89,0.3223488443638308
292,0.02,0.9,0.294214847495903
293,0.02,0.91,0.2654875318950694
294,0.02,0.92,0.23678233629115533
295,0.02,0.93,0.20758027855593067
296,0.02,0.9400000000000001,0.17841331889120385
297,0.02,0.9500000000000001,0.148856172658
298,0.02,0.96,0.11933746799061992
299,0.02,0.97,0.0895475455864759
300,0.02,0.98,0.05978770441810427
301,0.02,0.99,0.029888143208601933
302,0.02,1.0,0.0
303,0.03,0.0,0.0
304,0.03,0.01,0.029170998537984626
305,0.03,0.02,0.05830847547443849
306,0.03,0.03,0.08739791992793668
307,0.03,0.04,0.11638673878362933
308,0.03,0.05,0.14528005819537762
309,0.03,0.06,0.17400550624070096
310,0.03,0.07,0.20258903790782282
311,0.03,0.08,0.23093734367420157
312,0.03,0.09,0.2590987038188218
313,0.03,0.1,0.2869575735316203
314,0.03,0.11,0.3145860077864726
315,0.03,0.12,0.34184516318144786
316,0.03,0.13,0.3688318913270575
317,0.03,0.14,0.3953835913823645
318,0.03,0.15,0.4216221590514835
319,0.03,0.16,0.4473616914314052
320,0.03,0.17,0.4727483371191002
321,0.03,0.18,0.4975744703672689
322,0.03,0.19,0.5220085105421175
323,0.03,0.2,0.5458239036496622
324,0.03,0.21,0.5692081336799036
325,0.03,0.22,0.5919197041062112
326,0.03,0.23,0.6141608093040529
327,0.03,0.24,0.6356800630034041
328,0.03,0.25,0.6566890327640656
329,0.03,0.26,0.6769323602993766
330,0.03,0.27,0.6966248986279989
331,0.03,0.28,0.7155138408108073
332,0.03,0.29,0.733810767484214
333,0.03,0.3,0.7512722532683023
334,0.03,0.31,0.7680998904154054
335,0.03,0.32,0.7840664498622415
336,0.03,0.33,0.7993569882886897
337,0.03,0.34,0.8137669445203602
338,0.03,0.35000000000000003,0.8274587828523631
339,0.03,0.36,0.8402564284157592
340,0.03,0.37,0.8522944770211239
341,0.03,0.38,0.8634302408521265
342,0.03,0.39,0.8737661827578547
343,0.03,0.4,0.8831967927720527
344,0.03,0.41000000000000003,0.8917892964058212
345,0.03,0.42,0.8994779390376976
346,0.03,0.43,0.9062928227259275
347,0.03,0.44,0.9122092948720324
348,0.03,0.45,0.9172196496972937
349,0.03,0.46,0.921340491940908
350,0.03,0.47000000000000003,0.9245267759107652
351,0.03,0.48,0.9268353708059115
352,0.03,0.49,0.9281854909817762
353,0.03,0.5,0.9286721088393086
354,0.03,0.51,0.9281815070705669
355,0.03,0.52,0.926843285736045
356,0.03,0.53,0.9245150369186574
357,0.03,0.54,0.9213558917547666
358,0.03,0.55,0.9172008116055602
359,0.03,0.56,0.9122312859194732
360,0.03,0.5700000000000001,0.9062680303233502
361,0.03,0.58,0.8995051118738738
362,0.03,0.59,0.8917602354571024
363,0.03,0.6,0.8832271774954511
364,0.03,0.61,0.8737351093151371
365,0.03,0.62,0.8634613008399161
366,0.03,0.63,0.8522641936003786
367,0.03,0.64,0.8402851201449067
368,0.03,0.65,0.8274325382558567
369,0.03,0.66,0.8137898605762278
370,0.03,0.67,0.799338291404299
371,0.03,0.68,0.7840800464680662
372,0.03,0.6900000000000001,0.7680922454311582
373,0.03,0.7000000000000001,0.7512731461836303
374,0.03,0.71,0.7338173548349309
375,0.03,0.72,0.7154991381216911
376,0.03,0.73,0.6966482389135514
377,0.03,0.74,0.6768999908031348
378,0.03,0.75,0.6567306770876155
379,0.03,0.76,0.6356290565813989
380,0.03,0.77,0.6142210978333918
381,0.03,0.78,0.5918503859031835
382,0.03,0.79,0.5692860554152381
383,0.03,0.8,0.5457379755308804
384,0.03,0.81,0.5221016834811378
385,0.03,0.8200000000000001,0.4974749682850743
386,0.03,0.8300000000000001,0.4728531122772141
387,0.03,0.84,0.447252822873923
388,0.03,0.85,0.4217338371313215
389,0.03,0.86,0.3952704702949299
390,0.03,0.87,0.3689450294850739
391,0.03,0.88,0.34173346895601797
392,0.03,0.89,0.31469478699723885
393,0.03,0.9,0.2868531653737048
394,0.03,0.91,0.25919732471492246
395,0.03,0.92,0.2308458624159056
396,0.03,0.93,0.20267211379666358
397,0.03,0.9400000000000001,0.1739319935642542
398,0.03,0.9500000000000001,0.1453429770460356
399,0.03,0.96,0.11633530000259373
400,0.03,0.97,0.08743715144720733
401,0.03,0.98,0.05828200734920783
402,0.03,0.99,0.02918432735676335
403,0.03,1.0,0.0
404,0.04,0.0,0.0
405,0.04,0.01,0.028460684517095682
406,0.04,0.02,0.05688633174101371
407,0.04,0.03,0.08526972768650586
408,0.04,0.04,0.11354816878448612
409,0.04,0.05,0.14174223428444774
410,0.04,0.06,0.16976190688255344
411,0.04,0.07,0.1976553152508559
412,0.04,0.08,0.22530571854650933
413,0.04,0.09,0.25278827949200133
414,0.04,0.1,0.2799604311776598
415,0.04,0.11,0.3069235029074695
416,0.04,0.12,0.3335103931701837
417,0.04,0.13,0.3598472869809841
418,0.04,0.14,0.38574432438693945
419,0.04,0.15,0.41135070361861875
420,0.04,0.16,0.43645614768825736
421,0.04,0.17,0.46123042275963
422,0.04,0.18,0.4854457984687279
423,0.04,0.19,0.5092895191720841
424,0.04,0.2,0.5325200093999619
425,0.04,0.21,0.5553382548008328
426,0.04,0.22,0.5774930677692749
427,0.04,0.23,0.5991948330722845
428,0.04,0.24,0.6201875429368766
429,0.04,0.25,0.6406861216810678
430,0.04,0.26,0.6604349815094482
431,0.04,0.27,0.679648340580539
432,0.04,0.28,0.69807656785677
433,0.04,0.29,0.7159277121567795
434,0.04,0.3,0.7329637475977582
435,0.04,0.31,0.7493810708632442
436,0.04,0.32,0.764958811674829
437,0.04,0.33,0.7798764299059806
438,0.04,0.34,0.7939354386453735
439,0.04,0.35000000000000003,0.8072935028711288
440,0.04,0.36,0.8197791928712486
441,0.04,0.37,0.8315241784517253
442,0.04,0.38,0.8423879764042302
443,0.04,0.39,0.852472946638089
444,0.04,0.4,0.8616724325640888
445,0.04,0.41000000000000003,0.8700572748716404
446,0.04,0.42,0.8775562994927137
447,0.04,0.43,0.8842079327250246
448,0.04,0.44,0.8899767123339947
449,0.04,0.45,0.8948692636775007
450,0.04,0.46,0.8988844531086393
451,0.04,0.47000000000000003,0.9019994025376215
452,0.04,0.48,0.9042441477817308
453,0.04,0.49,0.9055704370750665
454,0.04,0.5,0.9060344104014819
455,0.04,0.51,0.9055685125189049
456,0.04,0.52,0.9042479344593907
457,0.04,0.53,0.901993877817007
458,0.04,0.54,0.8988915317329961
459,0.04,0.55,0.8948608729710341
460,0.04,0.56,0.8899861187940498
461,0.04,0.5700000000000001,0.88419785737398
462,0.04,0.58,0.8775666511035999
463,0.04,0.59,0.8700470798541011
464,0.04,0.6,0.8616820042189116
465,0.04,0.61,0.8524644920005081
466,0.04,0.62,0.8423948011919332
467,0.04,0.63,0.8315195072076814
468,0.04,0.64,0.8197811848591287
469,0.04,0.65,0.8072947086062893
470,0.04,0.66,0.7939305335297039
471,0.04,0.67,0.7798855095275133
472,0.04,0.68,0.7649451186791222
473,0.04,0.6900000000000001,0.7493997702874463
474,0.04,0.7000000000000001,0.7329397037133959
475,0.04,0.71,0.7159573748361852
476,0.04,0.72,0.6980410836961766
477,0.04,0.73,0.6796897702139201
478,0.04,0.74,0.6603875670706646
479,0.04,0.75,0.6407394708770838
480,0.04,0.76,0.6201284017493128
481,0.04,0.77,0.5992595289355536
482,0.04,0.78,0.5774231493332315
483,0.04,0.79,0.5554129703393277
484,0.04,0.8,0.5324410124926834
485,0.04,0.81,0.5093721962324349
486,0.04,0.8200000000000001,0.4853601215370886
487,0.04,0.8300000000000001,0.4613183481875276
488,0.04,0.84,0.43636678681455415
489,0.04,0.85,0.41144063593125185
490,0.04,0.86,0.3856547237514358
491,0.04,0.87,0.3599356264911333
492,0.04,0.88,0.3334242570788229
493,0.04,0.89,0.30700649440172306
494,0.04,0.9,0.2798815101583774
495,0.04,0.91,0.25286223361431975
496,0.04,0.92,0.22523758441806793
497,0.04,0.93,0.19771683294418177
498,0.04,0.9400000000000001,0.16970773286139257
499,0.04,0.9500000000000001,0.14178841813729973
500,0.04,0.96,0.11351053054175698
501,0.04,0.97,0.08529836483254562
502,0.04,0.98,0.056867043897927676
503,0.04,0.99,0.028470387746016564
504,0.04,1.0,0.0
505,0.05,0.0,0.0
506,0.05,0.01,0.027769318550894904
507,0.05,0.02,0.05549556882884632
508,0.05,0.03,0.08319831916926959
509,0.05,0.04,0.11077220958316772
510,0.05,0.05,0.13829884206495227
511,0.05,0.06,0.16561186005925352
512,0.05,0.07,0.19285333968962412
513,0.05,0.08,0.2197981859593113
514,0.05,0.09,0.24664641565731
515,0.05,0.1,0.2731174353151741
516,0.05,0.11,0.2994656746755866
517,0.05,0.12,0.3253592816391778
518,0.05,0.13,0.3511025618179451
519,0.05,0.14,0.3763176522985316
520,0.05,0.15,0.40135318793784724
521,0.05,0.16,0.425791538796643
522,0.05,0.17,0.4500191379486141
523,0.05,0.18,0.47358578584597294
524,0.05,0.19,0.4969082586360789
525,0.05,0.2,0.5195118563174694
526,0.05,0.21,0.5418354226457267
527,0.05,0.22,0.5633885693397812
528,0.05,0.23,0.584623265301842
529,0.05,0.24,0.605042808989892
530,0.05,0.25,0.6251028909770645
531,0.05,0.26,0.6443102011633335
532,0.05,0.27,0.6631145458355071
533,0.05,0.28,0.6810357563395046
534,0.05,0.29,0.6985082539152594
535,0.05,0.3,0.7150744760727328
536,0.05,0.31,0.7311444136873438
537,0.05,0.32,0.7462919211517989
538,0.05,0.33,0.7608943524172338
539,0.05,0.34,0.7745647394891901
540,0.05,0.35000000000000003,0.7876408358520182
541,0.05,0.36,0.7997811519336508
542,0.05,0.37,0.8112785309544547
543,0.05,0.38,0.8218413943488334
544,0.05,0.39,0.8317144196027443
545,0.05,0.4,0.8406581144644794
546,0.05,0.41000000000000003,0.84886816137602
547,0.05,0.42,0.8561567221760147
548,0.05,0.43,0.8626724037602299
549,0.05,0.44,0.8682756921298794
550,0.05,0.45,0.8730730383515752
551,0.05,0.46,0.8769668175682799
552,0.05,0.47000000000000003,0.88002940192086
553,0.05,0.48,0.8821954145013519
554,0.05,0.49,0.8835144215460132
555,0.05,0.5,0.8839404753138363
556,0.05,0.51,0.8835147034296396
557,0.05,0.52,0.8821947708921025
558,0.05,0.53,0.8800305654920472
559,0.05,0.54,0.8769649002817124
560,0.05,0.55,0.8730760143536699
561,0.05,0.56,0.868271286774799
562,0.05,0.5700000000000001,0.862678667866748
563,0.05,0.58,0.8561481192123448
564,0.05,0.59,0.8488796248852007
565,0.05,0.6,0.8406432372113584
566,0.05,0.61,0.8317332844262796
567,0.05,0.62,0.8218179590388119
568,0.05,0.63,0.8113071167279896
569,0.05,0.64,0.7997468509996326
570,0.05,0.65,0.7876813888975386
571,0.05,0.66,0.7745174375229098
572,0.05,0.67,0.7609488478459214
573,0.05,0.68,0.7462298516405281
574,0.05,0.6900000000000001,0.7312143629991089
575,0.05,0.7000000000000001,0.7149964262556437
576,0.05,0.71,0.6985945308778687
577,0.05,0.72,0.6809412274698922
578,0.05,0.73,0.6632172430818758
579,0.05,0.74,0.6441995322285622
580,0.05,0.75,0.6252212185583135
581,0.05,0.76,0.6049172535822477
582,0.05,0.77,0.5847555003569052
583,0.05,0.78,0.5632503178683513
584,0.05,0.79,0.5419789164574416
585,0.05,0.8,0.5193639989989072
586,0.05,0.81,0.49705950378652086
587,0.05,0.8200000000000001,0.4734322157215194
588,0.05,0.8300000000000001,0.45017389429022925
589,0.05,0.84,0.4256367981328374
590,0.05,0.85,0.4015066619514086
591,0.05,0.86,0.3761667298279736
592,0.05,0.87,0.3512496299597956
593,0.05,0.88,0.32521737185247956
594,0.05,0.89,0.2996011378566073
595,0.05,0.9,0.2729896741040579
596,0.05,0.91,0.24676526934845697
597,0.05,0.92,0.21968937905537617
598,0.05,0.93,0.1929510425593623
599,0.05,0.9400000000000001,0.1655262217064996
600,0.05,0.9500000000000001,0.13837156568500858
601,0.05,0.96,0.1107131286108142
602,0.05,0.97,0.08324316223959426
603,0.05,0.98,0.05546541774464342
604,0.05,0.99,0.02778447124857316
605,0.05,1.0,0.0
606,0.06,0.0,0.0
607,0.06,0.01,0.02709247210258642
608,0.06,0.02,0.05414334738953823
609,0.06,0.03,0.08117044319602645
610,0.06,0.04,0.10807311860320258
611,0.06,0.05,0.13492791762483475
612,0.06,0.06,0.16157657933990852
613,0.06,0.07,0.18815263825789488
614,0.06,0.08,0.21444267557136082
615,0.06,0.09,0.2406344533654705
616,0.06,0.1,0.26646286501630195
617,0.06,0.11,0.29216614764059334
618,0.06,0.12,0.3174319383021947
619,0.06,0.13,0.3425442620697909
620,0.06,0.14,0.36714882650915515
621,0.06,0.15,0.3915698994570022
622,0.06,0.16,0.4154173918962059
623,0.06,0.17,0.4390495124068579
624,0.06,0.18,0.46204719873232414
625,0.06,0.19,0.484795670585994
626,0.06,0.2,0.5068542612896839
627,0.06,0.21,0.5286278041077386
628,0.06,0.22,0.5496617661995343
629,0.06,0.23,0.5703729199298533
630,0.06,0.24,0.5903007665184616
631,0.06,0.25,0.609866288219781
632,0.06,0.26,0.6286108450012335
633,0.06,0.27,0.6469520957289577
634,0.06,0.28,0.6644407442236198
635,0.06,0.29,0.6814840633283136
636,0.06,0.3,0.6976489613427749
637,0.06,0.31,0.7133260249916329
638,0.06,0.32,0.7281043054225823
639,0.06,0.33,0.7423524656721291
640,0.06,0.34,0.755686415385611
641,0.06,0.35000000000000003,0.7684490157004441
642,0.06,0.36,0.7802862367807502
643,0.06,0.37,0.791512899539416
644,0.06,0.38,0.8018064556747685
645,0.06,0.39,0.8114533369625231
646,0.06,0.4,0.8201618880854945
647,0.06,0.41000000000000003,0.8281918949789923
648,0.06,0.42,0.8352798234727276
649,0.06,0.43,0.841662789108774
650,0.06,0.44,0.8471003208897275
651,0.06,0.45,0.8518131329136079
652,0.06,0.46,0.8555764564736974
653,0.06,0.47000000000000003,0.8586031350133175
654,0.06,0.48,0.8606745210204915
655,0.06,0.49,0.8620062431542569
656,0.06,0.5,0.8623741664514951
657,0.06,0.51,0.8620092352419237
658,0.06,0.52,0.8606685000465633
659,0.06,0.53,0.8586122575919175
660,0.06,0.54,0.8555641253959091
661,0.06,0.55,0.8518288109800791
662,0.06,0.56,0.8470811291278041
663,0.06,0.5700000000000001,0.8416856853695497
664,0.06,0.58,0.8352530126108931
665,0.06,0.59,0.8282228444448982
666,0.06,0.6,0.8201265680226045
667,0.06,0.61,0.8114932612777299
668,0.06,0.62,0.8017616984294087
669,0.06,0.63,0.7915627065733702
670,0.06,0.64,0.7802311818477676
671,0.06,0.65,0.7685094909979463
672,0.06,0.66,0.7556203796484932
673,0.06,0.67,0.7424241630589962
674,0.06,0.68,0.7280268901272983
675,0.06,0.6900000000000001,0.7134091639171984
676,0.06,0.7000000000000001,0.6975601485788515
677,0.06,0.71,0.6815784403557393
678,0.06,0.72,0.6643409757617135
679,0.06,0.73,0.6470570169478621
680,0.06,0.74,0.6285010772021076
681,0.06,0.75,0.6099805282683664
682,0.06,0.76,0.5901824963259863
683,0.06,0.77,0.5704947118207403
684,0.06,0.78,0.5495370248996856
685,0.06,0.79,0.5287548622284655
686,0.06,0.8,0.5067255746687731
687,0.06,0.81,0.48492524719483965
688,0.06,0.8200000000000001,0.46191751438540285
689,0.06,0.8300000000000001,0.4391784857933239
690,0.06,0.84,0.41528997658610667
691,0.06,0.85,0.3916948898250107
692,0.06,0.86,0.36702713851290775
693,0.06,0.87,0.34266176927674685
694,0.06,0.88,0.317319481459821
695,0.06,0.89,0.29227270332729366
696,0.06,0.9,0.2663630325841615
697,0.06,0.91,0.24072677886334867
698,0.06,0.92,0.21435859286819642
699,0.06,0.93,0.18822779905605927
700,0.06,0.9400000000000001,0.16151095448128716
701,0.06,0.9500000000000001,0.13498346517757043
702,0.06,0.96,0.10802811031234924
703,0.06,0.97,0.08120453546662995
704,0.06,0.98,0.054120457957598754
705,0.06,0.99,0.02710396544071108
706,0.06,1.0,0.0
707,0.07,0.0,0.0
708,0.07,0.01,0.02642222883603174
709,0.07,0.02,0.05284381610091821
710,0.07,0.03,0.07916249929394992
711,0.07,0.04,0.10547890381553567
712,0.07,0.05,0.1315906172159729
713,0.07,0.06,0.1576973626680097
714,0.07,0.07,0.18349984294872526
715,0.07,0.08,0.2092929448076003
716,0.07,0.09,0.23468547412902524
717,0.07,0.1,0.26006187333000974
718,0.07,0.11,0.2849456491175267
719,0.07,0.12,0.3098036510056115
720,0.07,0.13,0.334082139061819
721,0.07,0.14,0.35832185621381873
722,0.07,0.15,0.38190112549490696
723,0.07,0.16,0.4054249228861079
724,0.07,0.17,0.4282139604822423
725,0.07,0.18,0.4509269012711601
726,0.07,0.19,0.47283790645252843
727,0.07,0.2,0.4946481963580998
728,0.07,0.21,0.515596852979819
729,0.07,0.22,0.5364162808319651
730,0.07,0.23,0.5563220079222628
731,0.07,0.24,0.5760663794933546
732,0.07,0.25,0.5948525604615853
733,0.07,0.26,0.6134421221554066
734,0.07,0.27,0.6310363137226607
735,0.07,0.28,0.6483961621391798
736,0.07,0.29,0.664730284780432
737,0.07,0.3,0.6807907576257651
738,0.07,0.31,0.6958012699786887
739,0.07,0.32,0.7104983132919629
740,0.07,0.33,0.7241263735893408
741,0.07,0.34,0.7374018798570185
742,0.07,0.35000000000000003,0.7495934979302756
743,0.07,0.36,0.7613956094005778
744,0.07,0.37,0.7721017931342253
745,0.07,0.38,0.7823851645752562
746,0.07,0.39,0.7915620648211552
747,0.07,0.4,0.8002880801281832
748,0.07,0.41000000000000003,0.8078971379747814
749,0.07,0.42,0.8150340754601387
750,0.07,0.43,0.8210421753638213
751,0.07,0.44,0.8265653172823816
752,0.07,0.45,0.8309449488859559
753,0.07,0.46,0.8348366317721604
754,0.07,0.47000000000000003,0.8375660622543819
755,0.07,0.48,0.8398156659688663
756,0.07,0.49,0.8408791235017896
757,0.07,0.5,0.8414829984831049
758,0.07,0.51,0.8408708658542984
759,0.07,0.52,0.8398321998990806
760,0.07,0.53,0.837541215638497
761,0.07,0.54,0.8348698435247965
762,0.07,0.55,0.8309033060383312
763,0.07,0.56,0.826615467373438
764,0.07,0.5700000000000001,0.8209834357241114
765,0.07,0.58,0.8151014884332523
766,0.07,0.59,0.8078209716403348
767,0.07,0.6,0.8003730703951039
768,0.07,0.61,0.7914681955662024
769,0.07,0.62,0.7824879460530542
770,0.07,0.63,0.7719900944526296
771,0.07,0.64,0.7615161955744659
772,0.07,0.65,0.7494640949874931
773,0.07,0.66,0.7375399817579138
774,0.07,0.67,0.7239797433370841
775,0.07,0.68,0.710653243270267
776,0.07,0.6900000000000001,0.6956383315415178
777,0.07,0.7000000000000001,0.6809613466943059
778,0.07,0.71,0.6645524725858623
779,0.07,0.72,0.6485806980448561
780,0.07,0.73,0.6308456267041608
781,0.07,0.74,0.6136383142473792
782,0.07,0.75,0.5946515819752551
783,0.07,0.76,0.5762713549423141
784,0.07,0.77,0.5561138927119275
785,0.07,0.78,0.5366266149048373
786,0.07,0.79,0.5153852795044269
787,0.07,0.8,0.4948599773741452
788,0.07,0.81,0.4726269950356073
789,0.07,0.8200000000000001,0.4511358286854627
790,0.07,0.8300000000000001,0.42800815992279995
791,0.07,0.84,0.40562643480209204
792,0.07,0.85,0.38170507285333455
793,0.07,0.86,0.35851128065671317
794,0.07,0.87,0.3339004991665872
795,0.07,0.88,0.30997637362526775
796,0.07,0.89,0.28478294180439345
797,0.07,0.9,0.26021351295909584
798,0.07,0.91,0.23454589822076372
799,0.07,0.92,0.2094195275697048
800,0.07,0.93,0.18338710643557357
801,0.07,0.9400000000000001,0.1577954851672467
802,0.07,0.9500000000000001,0.13150778296551377
803,0.07,0.96,0.10554587636544814
804,0.07,0.97,0.0791118549029095
805,0.07,0.98,0.052877777947067946
806,0.07,0.99,0.026405187973978325
807,0.07,1.0,0.0
808,0.08,0.0,0.0
809,0.08,0.01,0.025780893562564754
810,0.08,0.02,0.05155086419054075
811,0.08,0.03,0.07724098043265878
812,0.08,0.04,0.10289819073446602
813,0.08,0.05,0.12839636642137978
814,0.08,0.06,0.15383924821362274
815,0.08,0.07,0.17904524898781368
816,0.08,0.08,0.20417291445968613
817,0.08,0.09,0.22898781718906794
818,0.08,0.1,0.25370047316992006
819,0.08,0.11,0.27802703740495466
820,0.08,0.12,0.3022264009363363
821,0.08,0.13,0.3259694282160366
822,0.08,0.14,0.34955914153434847
823,0.08,0.15,0.3726258214309798
824,0.08,0.16,0.3955118643546174
825,0.08,0.17,0.4178121063270009
826,0.08,0.18,0.4399032039110216
827,0.08,0.19,0.4613499542465774
828,0.08,0.2,0.4825579774198426
829,0.08,0.21,0.5030675207826569
830,0.08,0.22,0.5233078775216253
831,0.08,0.23,0.5428001228814543
832,0.08,0.24,0.5619921373090232
833,0.08,0.25,0.5803908882946536
834,0.08,0.26,0.5984581649323437
835,0.08,0.27,0.6156913749196775
836,0.08,0.28,0.6325621451802999
837,0.08,0.29,0.6485621576761117
838,0.08,0.3,0.6641696055771005
839,0.08,0.31,0.6788733806771864
840,0.08,0.32,0.6931559446984478
841,0.08,0.33,0.7065052725666511
842,0.08,0.34,0.7194069205877347
843,0.08,0.35000000000000003,0.7313486230031759
844,0.08,0.36,0.7428190973485443
845,0.08,0.37,0.7533052183868651
846,0.08,0.38,0.763300248198697
847,0.08,0.39,0.772288235036461
848,0.08,0.4,0.7807697134920715
849,0.08,0.41000000000000003,0.7882225881428228
850,0.08,0.42,0.7951587124442138
851,0.08,0.43,0.8010452349462762
852,0.08,0.44,0.8064106075326856
853,0.08,0.45,0.8107054307149297
854,0.08,0.46,0.8144811207791456
855,0.08,0.47000000000000003,0.8171649362407957
856,0.08,0.48,0.8193385013529592
857,0.08,0.49,0.820398175723511
858,0.08,0.5,0.8209636441612507
859,0.08,0.51,0.8203923440804547
860,0.08,0.52,0.8193501593035084
861,0.08,0.53,0.817147462909675
862,0.08,0.54,0.8145043924662729
863,0.08,0.55,0.8106763845402493
864,0.08,0.56,0.806445396511939
865,0.08,0.5700000000000001,0.8010047438346094
866,0.08,0.58,0.7952048546731117
867,0.08,0.59,0.7881708576590342
868,0.08,0.6,0.7808269558992877
869,0.08,0.61,0.7722255722106608
870,0.08,0.62,0.7633682230162755
871,0.08,0.63,0.7532320586793428
872,0.08,0.64,0.7428972944525664
873,0.08,0.65,0.7312655580263139
874,0.08,0.66,0.7194946603641665
875,0.08,0.67,0.7064130759733661
876,0.08,0.68,0.6932523540548441
877,0.08,0.6900000000000001,0.6787730296093255
878,0.08,0.7000000000000001,0.6642735996481661
879,0.08,0.71,0.6484548473272839
880,0.08,0.72,0.6326724170276765
881,0.08,0.73,0.6155785240980507
882,0.08,0.74,0.5985731851290446
883,0.08,0.75,0.5802741343542815
884,0.08,0.76,0.5621101647497997
885,0.08,0.77,0.5426813049978514
886,0.08,0.78,0.5234269821444774
887,0.08,0.79,0.5029486512433845
888,0.08,0.8,0.48267607480051167
889,0.08,0.81,0.46123317816810544
890,0.08,0.8200000000000001,0.4400181009462494
891,0.08,0.8300000000000001,0.41769965094895445
892,0.08,0.84,0.3956213145280973
893,0.08,0.85,0.37251993683114665
894,0.08,0.86,0.34966090760785057
895,0.08,0.87,0.3258723218894607
896,0.08,0.88,0.3023183223699854
897,0.08,0.89,0.27794080561843826
898,0.08,0.9,0.25378053518611554
899,0.08,0.91,0.22891437632657452
900,0.08,0.92,0.20423931545180596
901,0.08,0.93,0.17898627022069974
902,0.08,0.9400000000000001,0.15389046217972904
903,0.08,0.9500000000000001,0.12835321695973667
904,0.08,0.96,0.10293302159193864
905,0.08,0.97,0.07721467434235922
906,0.08,0.98,0.051568489191597774
907,0.08,0.99,0.025772054681353174
908,0.08,1.0,0.0
909,0.09,0.0,0.0
910,0.09,0.01,0.02515370863582601
911,0.09,0.02,0.05029237290650766
912,0.09,0.03,0.07536187958466052
913,0.09,0.04,0.10038621729674248
914,0.09,0.05,0.12527270224520312
915,0.09,0.06,0.15008379015013712
916,0.09,0.07,0.17468924517112305
917,0.09,0.08,0.19918891629643798
918,0.09,0.09,0.22341652271663615
919,0.09,0.1,0.24750776449967335
920,0.09,0.11,0.27126226274328674
921,0.09,0.12,0.29484961416515665
922,0.09,0.13,0.31803766376673487
923,0.09,0.14,0.34102760959827716
924,0.09,0.15,0.3635581386018271
925,0.09,0.16,0.3858594987910511
926,0.09,0.17,0.4076440416192296
927,0.09,0.18,0.4291683537720809
928,0.09,0.19,0.4501213767924929
929,0.09,0.2,0.4707832696280365
930,0.09,0.21,0.49082248378976334
931,0.09,0.22,0.5105400393903109
932,0.09,0.23,0.5295866994486012
933,0.09,0.24,0.5482818020793274
934,0.09,0.25,0.566260992064656
935,0.09,0.26,0.5838596613111517
936,0.09,0.27,0.6007005660245301
937,0.09,0.28,0.6171332719964902
938,0.09,0.29,0.6327694344193683
939,0.09,0.3,0.6479713928005012
940,0.09,0.31,0.6623409573880731
941,0.09,0.32,0.6762524021825308
942,0.09,0.33,0.6892983440572552
943,0.09,0.34,0.7018647759970352
944,0.09,0.35000000000000003,0.7135351160690233
945,0.09,0.36,0.7247075248094227
946,0.09,0.37,0.7349555308176394
947,0.09,0.38,0.7446905892618845
948,0.09,0.39,0.753474962652291
949,0.09,0.4,0.7617351920128015
950,0.09,0.41000000000000003,0.7690202404462998
951,0.09,0.42,0.7757741449670476
952,0.09,0.43,0.7815299400837203
953,0.09,0.44,0.7867521107114036
954,0.09,0.45,0.7909546305732489
955,0.09,0.46,0.7946258172671338
956,0.09,0.47000000000000003,0.7972570726674629
957,0.09,0.48,0.7993642254683772
958,0.09,0.49,0.8004123690433564
959,0.09,0.5,0.8009486484682931
960,0.09,0.51,0.8004080652884519
961,0.09,0.52,0.7993728230629549
962,0.09,0.53,0.7972442011357079
963,0.09,0.54,0.7946429327042638
964,0.09,0.55,0.790933311599884
965,0.09,0.56,0.7867775822464377
966,0.09,0.5700000000000001,0.7815003778873914
967,0.09,0.58,0.7758077246352445
968,0.09,0.59,0.768982728179856
969,0.09,0.6,0.7617765399049168
970,0.09,0.61,0.7534298886270038
971,0.09,0.62,0.7447392669950008
972,0.09,0.63,0.7349033851248369
973,0.09,0.64,0.7247629890392133
974,0.09,0.65,0.7134764966976995
975,0.09,0.66,0.7019263729121565
976,0.09,0.67,0.6892339615445189
977,0.09,0.68,0.6763193639493481
978,0.09,0.6900000000000001,0.6622716370467896
979,0.09,0.7000000000000001,0.6480428368836291
980,0.09,0.71,0.6326961152649949
981,0.09,0.72,0.6172082041689367
982,0.09,0.73,0.600624295667431
983,0.09,0.74,0.5839369829929479
984,0.09,0.75,0.5661829170372432
985,0.09,0.76,0.5483603224152679
986,0.09,0.77,0.5295080506867124
987,0.09,0.78,0.5106184922093144
988,0.09,0.79,0.4907445572697843
989,0.09,0.8,0.4708603351348875
990,0.09,0.81,0.45004550962260653
991,0.09,0.8200000000000001,0.42924268452495556
992,0.09,0.8300000000000001,0.40757158417632217
993,0.09,0.84,0.38592974923396
994,0.09,0.85,0.36349042357642414
995,0.09,0.86,0.3410924681645246
996,0.09,0.87,0.3179759732094072
997,0.09,0.88,0.2949078367626488
998,0.09,0.89,0.2712077943819838
999,0.09,0.9,0.2475582080451649
1000,0.09,0.91,0.22337035692332743
1001,0.09,0.92,0.1992305708937233
1002,0.09,0.93,0.17465231398991302
1003,0.09,0.9400000000000001,0.15011580851257952
1004,0.09,0.9500000000000001,0.12524576184925407
1005,0.09,0.96,0.10040794009846747
1006,0.09,0.97,0.07534548740716832
1007,0.09,0.98,0.05030334890529803
1008,0.09,0.99,0.025148206227075115
1009,0.09,1.0,0.0
1010,0.1,0.0,0.0
1011,0.1,0.01,0.024543136082771335
1012,0.1,0.02,0.049061897569379
1013,0.1,0.03,0.07353254818291209
1014,0.1,0.04,0.09793016928401534
1015,0.1,0.05,0.12223176234619099
1016,0.1,0.06,0.14641195344823452
1017,0.1,0.07,0.17044858597012916
1018,0.1,0.08,0.19431591366959666
1019,0.1,0.09,0.2179927302097104
1020,0.1,0.1,0.24145299398507652
1021,0.1,0.11,0.26467656095056724
1022,0.1,0.12,0.28763716498976316
1023,0.1,0.13,0.3103158393025828
1024,0.1,0.14,0.3326861580238698
1025,0.1,0.15,0.35473044869123466
1026,0.1,0.16,0.3764221845206929
1027,0.1,0.17,0.3977451056771963
1028,0.1,0.18,0.41867263767640844
1029,0.1,0.19,0.4391900516992549
1030,0.1,0.2,0.4592707736720307
1031,0.1,0.21,0.4789017230112199
1032,0.1,0.22,0.4980563697582372
1033,0.1,0.23,0.5167233961698644
1034,0.1,0.24,0.5348763566047785
1035,0.1,0.25,0.5525058065277002
1036,0.1,0.26,0.5695854224175227
1037,0.1,0.27,0.5861077372911305
1038,0.1,0.28,0.6020465864374339
1039,0.1,0.29,0.6173965768208105
1040,0.1,0.3,0.6321317395565469
1041,0.1,0.31,0.6462488419764095
1042,0.1,0.32,0.6597221499157967
1043,0.1,0.33,0.6725506654418885
1044,0.1,0.34,0.6847089314879069
1045,0.1,0.35000000000000003,0.6961982451093709
1046,0.1,0.36,0.7069934737948627
1047,0.1,0.37,0.7170982537491158
1048,0.1,0.38,0.7264878310632398
1049,0.1,0.39,0.7351682073494311
1050,0.1,0.4,0.7431150692811874
1051,0.1,0.41000000000000003,0.7503367906729924
1052,0.1,0.42,0.7568095697875176
1053,0.1,0.43,0.7625441387443344
1054,0.1,0.44,0.767517288195474
1055,0.1,0.45,0.7717420731566277
1056,0.1,0.46,0.7751959676305987
1057,0.1,0.47000000000000003,0.7778942922635906
1058,0.1,0.48,0.7798153054429665
1059,0.1,0.49,0.7809765145038561
1060,0.1,0.5,0.7813570727381719
1061,0.1,0.51,0.7809765742896261
1062,0.1,0.52,0.7798151862580446
1063,0.1,0.53,0.7778944700783216
1064,0.1,0.54,0.7751957323303917
1065,0.1,0.55,0.7717423644344584
1066,0.1,0.56,0.7675169427963355
1067,0.1,0.5700000000000001,0.762544536078435
1068,0.1,0.58,0.7568091230132593
1069,0.1,0.59,0.7503372841085606
1070,0.1,0.6,0.7431145322202606
1071,0.1,0.61,0.7351687847717638
1072,0.1,0.62,0.7264872167405669
1073,0.1,0.63,0.7170989013462111
1074,0.1,0.64,0.7069927966808884
1075,0.1,0.65,0.6961989478848034
1076,0.1,0.66,0.6847082069704564
1077,0.1,0.67,0.6725514077514181
1078,0.1,0.68,0.6597213937618385
1079,0.1,0.6900000000000001,0.646249608061068
1080,0.1,0.7000000000000001,0.6321309673908736
1081,0.1,0.71,0.6173973513100955
1082,0.1,0.72,0.6020458132636011
1083,0.1,0.73,0.5861085056523645
1084,0.1,0.74,0.5695846622032431
1085,0.1,0.75,0.552506555441421
1086,0.1,0.76,0.534875621949556
1087,0.1,0.77,0.5167241138160662
1088,0.1,0.78,0.4980556716556052
1089,0.1,0.79,0.4789023992570532
1090,0.1,0.8,0.45927012137270184
1091,0.1,0.81,0.43919067818504093
1092,0.1,0.8200000000000001,0.4186720386522933
1093,0.1,0.8300000000000001,0.3977456758039447
1094,0.1,0.84,0.3764216445235369
1095,0.1,0.85,0.35473095751885586
1096,0.1,0.86,0.33268568122655157
1097,0.1,0.87,0.3103162833732919
1098,0.1,0.88,0.28763675419347473
1099,0.1,0.89,0.26467693805625053
1100,0.1,0.9,0.24145265087195156
1101,0.1,0.91,0.21799303912499718
1102,0.1,0.92,0.19431563907810503
1103,0.1,0.93,0.17044882617440293
1104,0.1,0.9400000000000001,0.1464117476479523
1105,0.1,0.9500000000000001,0.12223193375769316
1106,0.1,0.96,0.09793003222724632
1107,0.1,0.97,0.07353265092645338
1108,0.1,0.98,0.04906182909948134
1109,0.1,0.99,0.024543170309488525
1110,0.1,1.0,0.0
1111,0.11,0.0,0.0
1112,0.11,0.01,0.023953680511820796
1113,0.11,0.02,0.04784894218612746
1114,0.11,0.03,0.07176647909253447
1115,0.11,0.04,0.09550910229555487
1116,0.11,0.05,0.11929596585680706
1117,0.11,0.06,0.14279243867356453
1118,0.11,0.07,0.16635451640413965
1119,0.11,0.08,0.18951238775095222
1120,0.11,0.09,0.21275637608353223
1121,0.11,0.1,0.2354845961981723
1122,0.11,0.11,0.2583183969891665
1123,0.11,0.12,0.2805276448341099
1124,0.11,0.13,0.30286076411792184
1125,0.11,0.14,0.3244637615757158
1126,0.11,0.15,0.34620770768625975
1127,0.11,0.16,0.3671195207440241
1128,0.11,0.17,0.38818819867446347
1129,0.11,0.18,0.40832652607820397
1130,0.11,0.19,0.4286366247520338
1131,0.11,0.2,0.4479220748520597
1132,0.11,0.21,0.4673934438389026
1133,0.11,0.22,0.48574980053666583
1134,0.11,0.23,0.5043058126725342
1135,0.11,0.24,0.5216602915085636
1136,0.11,0.25,0.5392281878802434
1137,0.11,0.26,0.5555116833652853
1138,0.11,0.27,0.5720228971982153
1139,0.11,0.28,0.5871702224792016
1140,0.11,0.29,0.6025606786325464
1141,0.11,0.3,0.6165107984973092
1142,0.11,0.31,0.630721185521655
1143,0.11,0.32,0.643417443579285
1144,0.11,0.33,0.6563934556318596
1145,0.11,0.34,0.6677837962598215
1146,0.11,0.35000000000000003,0.6794763425967869
1147,0.11,0.36,0.6895135279249813
1148,0.11,0.37,0.6998789081943589
1149,0.11,0.38,0.708520730007211
1150,0.11,0.39,0.7175207741400524
1151,0.11,0.4,0.7247302601309553
1152,0.11,0.41000000000000003,0.7323324322595456
1153,0.11,0.42,0.7380780455816514
1154,0.11,0.43,0.744255512085399
1155,0.11,0.44,0.7485113426263015
1156,0.11,0.45,0.7532430050988458
1157,0.11,0.46,0.7559889503845797
1158,0.11,0.47000000000000003,0.7592594450071241
1159,0.11,0.48,0.760481378135994
1160,0.11,0.49,0.7622810436074706
1161,0.11,0.5,0.7619709651509743
1162,0.11,0.51,0.7622957819397495
1163,0.11,0.52,0.7604519523513891
1164,0.11,0.53,0.7593034565701061
1165,0.11,0.54,0.7559305053377839
1166,0.11,0.55,0.7533156809779921
1167,0.11,0.56,0.7484246885648479
1168,0.11,0.5700000000000001,0.7443558421390027
1169,0.11,0.58,0.7379643907008769
1170,0.11,0.59,0.732459012507454
1171,0.11,0.6,0.7245912014683177
1172,0.11,0.61,0.7176718177072771
1173,0.11,0.62,0.7083582405273184
1174,0.11,0.63,0.7000522603399971
1175,0.11,0.64,0.6893299392285808
1176,0.11,0.65,0.6796695004169586
1177,0.11,0.66,0.6675817763214286
1178,0.11,0.67,0.656603593022564
1179,0.11,0.68,0.6431999689534087
1180,0.11,0.6900000000000001,0.6309451839191534
1181,0.11,0.7000000000000001,0.6162811205345208
1182,0.11,0.71,0.6027951639152096
1183,0.11,0.72,0.5869318272581454
1184,0.11,0.73,0.5722642829394928
1185,0.11,0.74,0.555268245268148
1186,0.11,0.75,0.5394727248966509
1187,0.11,0.76,0.5214156206343626
1188,0.11,0.77,0.5045496445263085
1189,0.11,0.78,0.48550778444433546
1190,0.11,0.79,0.46763266764831435
1191,0.11,0.8,0.4476866154364464
1192,0.11,0.81,0.42886735635146855
1193,0.11,0.8200000000000001,0.40810147268789687
1194,0.11,0.8300000000000001,0.3884066408704502
1195,0.11,0.84,0.3669086009312378
1196,0.11,0.85,0.3464102200935999
1197,0.11,0.86,0.3242705111067998
1198,0.11,0.87,0.30304393284949827
1199,0.11,0.88,0.28035533876828095
1200,0.11,0.89,0.2584791023289015
1201,0.11,0.9,0.2353361829483747
1202,0.11,0.91,0.21289185620582324
1203,0.11,0.92,0.18939042806490833
1204,0.11,0.93,0.16646242522216023
1205,0.11,0.9400000000000001,0.14269905141018896
1206,0.11,0.9500000000000001,0.11937442318876462
1207,0.11,0.96,0.09544591872202268
1208,0.11,0.97,0.07181411152678097
1209,0.11,0.98,0.0478170702890326
1210,0.11,0.99,0.023969651621159827
1211,0.11,1.0,0.0
1212,0.12,0.0,0.0
1213,0.12,0.01,0.023360661530592745
1214,0.12,0.02,0.046701371662747945
1215,0.12,0.03,0.06998979155083626
1216,0.12,0.04,0.09321843274952195
1217,0.12,0.05,0.11634270614265813
1218,0.12,0.06,0.13936760037127657
1219,0.12,0.07,0.16223647257256588
1220,0.12,0.08,0.18496674412879618
1221,0.12,0.09,0.20748996943843717
1222,0.12,0.1,0.22983590515925237
1223,0.12,0.11,0.2519246012281353
1224,0.12,0.12,0.2737980065774733
1225,0.12,0.13,0.29536500295006907
1226,0.12,0.14,0.3166795524979168
1227,0.12,0.15,0.33763973206445774
1228,0.12,0.16,0.3583113128696931
1229,0.12,0.17,0.37858194499274317
1230,0.12,0.18,0.3985289914145545
1231,0.12,0.19,0.4180300555417301
1232,0.12,0.2,0.43717387402631414
1233,0.12,0.21,0.45582837264842246
1234,0.12,0.22,0.47409345506937156
1235,0.12,0.23,0.49182771493092187
1236,0.12,0.24,0.509142039103558
1237,0.12,0.25,0.5258859996198879
1238,0.12,0.26,0.5421813156619695
1239,0.12,0.27,0.5578688035436388
1240,0.12,0.28,0.5730809048173756
1241,0.12,0.29,0.5876498939476635
1242,0.12,0.3,0.6017188713906781
1243,0.12,0.31,0.6151117270457838
1244,0.12,0.32,0.6279822057811965
1245,0.12,0.33,0.6401459123250595
1246,0.12,0.34,0.6517672695326953
1247,0.12,0.35000000000000003,0.6626536407593862
1248,0.12,0.36,0.6729802038904088
1249,0.12,0.37,0.6825460752271553
1250,0.12,0.38,0.6915372997522127
1251,0.12,0.39,0.6997447015758745
1252,0.12,0.4,0.707365327570857
1253,0.12,0.41000000000000003,0.7141816389308039
1254,0.12,0.42,0.7204018259231163
1255,0.12,0.43,0.7257999080049087
1256,0.12,0.44,0.7305953476251176
1257,0.12,0.45,0.7345536563332193
1258,0.12,0.46,0.737905662440288
1259,0.12,0.47000000000000003,0.7404083395254077
1260,0.12,0.48,0.7423039155965914
1261,0.12,0.49,0.7433408578053915
1262,0.12,0.5,0.7437727415023444
1263,0.12,0.51,0.7433396472853827
1264,0.12,0.52,0.742306332224225
1265,0.12,0.53,0.7404047256032571
1266,0.12,0.54,0.7379104604664849
1267,0.12,0.55,0.7345476917356554
1268,0.12,0.56,0.730602456966233
1269,0.12,0.5700000000000001,0.7257916799840382
1270,0.12,0.58,0.720411142395392
1271,0.12,0.59,0.7141712683161088
1272,0.12,0.6,0.7073767140349787
1273,0.12,0.61,0.69973234142975
1274,0.12,0.62,0.6915505876612241
1275,0.12,0.63,0.6825319090899497
1276,0.12,0.64,0.6729951952551915
1277,0.12,0.65,0.6626378804702302
1278,0.12,0.66,0.6517837393175189
1279,0.12,0.67,0.6401287954079161
1280,0.12,0.68,0.6279999047372254
1281,0.12,0.6900000000000001,0.6150935136562765
1282,0.12,0.7000000000000001,0.6017375293276926
1283,0.12,0.71,0.5876308633853137
1284,0.12,0.72,0.573100234303522
1285,0.12,0.73,0.557849250345868
1286,0.12,0.74,0.5422010161284639
1287,0.12,0.75,0.5258662292680434
1288,0.12,0.76,0.5091618013165303
1289,0.12,0.77,0.49180803921397465
1290,0.12,0.78,0.4741129659151927
1291,0.12,0.79,0.4558091047460502
1292,0.12,0.8,0.43719282154070516
1293,0.12,0.81,0.4180115049043009
1294,0.12,0.8200000000000001,0.39854706997044986
1295,0.12,0.8300000000000001,0.3785644121103057
1296,0.12,0.84,0.35832822842521744
1297,0.12,0.85,0.3376235032292648
1298,0.12,0.86,0.3166950277948221
1299,0.12,0.87,0.2953503451265542
1300,0.12,0.88,0.2738117861727944
1301,0.12,0.89,0.2519117571498884
1302,0.12,0.9,0.22984776016941122
1303,0.12,0.91,0.20747915305304146
1304,0.12,0.92,0.1849764765663661
1305,0.12,0.93,0.1622278649518291
1306,0.12,0.9400000000000001,0.13937504696031403
1307,0.12,0.9500000000000001,0.11633645196771798
1308,0.12,0.96,0.09322346811574124
1309,0.12,0.97,0.06998599626901107
1310,0.12,0.98,0.04670391080955806
1311,0.12,0.99,0.02335938926410651
1312,0.12,1.0,0.0
1313,0.13,0.0,0.0
1314,0.13,0.01,0.022783321430324518
1315,0.13,0.02,0.04557932398742539
1316,0.13,0.03,0.06826004181344802
1317,0.13,0.04,0.09097878169789665
1318,0.13,0.05,0.11346734861605601
1319,0.13,0.06,0.1360192187535582
1320,0.13,0.07,0.1582268109454492
1321,0.13,0.08,0.18052290166442125
1322,0.13,0.09,0.20236176044344414
1323,0.13,0.1,0.224314221011227
1324,0.13,0.11,0.2456979868995172
1325,0.13,0.12,0.2672203859562189
1326,0.13,0.13,0.2880644244942451
1327,0.13,0.14,0.30907210725940526
1328,0.13,0.15,0.3292938260403927
1329,0.13,0.16,0.3497042660356692
1330,0.13,0.17,0.36922342262261826
1331,0.13,0.18,0.3889565655593592
1332,0.13,0.19,0.4076955660782201
1333,0.13,0.2,0.42667416350714477
1334,0.13,0.21,0.44455835181085274
1335,0.13,0.22,0.46270828212618953
1336,0.13,0.23,0.47966621948695926
1337,0.13,0.24,0.4969167939222075
1338,0.13,0.25,0.5128805292311032
1339,0.13,0.26,0.529164780579739
1340,0.13,0.27,0.5440701110117738
1341,0.13,0.28,0.5593250629539062
1342,0.13,0.29,0.5731117849939394
1343,0.13,0.3,0.5872787001078291
1344,0.13,0.31,0.5998908507289918
1345,0.13,0.32,0.6129154555115308
1346,0.13,0.33,0.6243015431571312
1347,0.13,0.34,0.6361342286652529
1348,0.13,0.35000000000000003,0.6462474535119819
1349,0.13,0.36,0.656843450561351
1350,0.13,0.37,0.6656419133425782
1351,0.13,0.38,0.6749614415530292
1352,0.13,0.39,0.6824083400039694
1353,0.13,0.4,0.6904167303539015
1354,0.13,0.41000000000000003,0.696480542114624
1355,0.13,0.42,0.7031483330485703
1356,0.13,0.43,0.7078029836364241
1357,0.13,0.44,0.7131059911500883
1358,0.13,0.45,0.7163310054010731
1359,0.13,0.46,0.7202503678944453
1360,0.13,0.47000000000000003,0.7220310030846536
1361,0.13,0.48,0.7245532021144324
1362,0.13,0.49,0.7248805608191613
1363,0.13,0.5,0.7259974191849159
1364,0.13,0.51,0.7248685398250979
1365,0.13,0.52,0.7245771986784529
1366,0.13,0.53,0.7219951216514308
1367,0.13,0.54,0.7202979985143004
1368,0.13,0.55,0.7162718058169268
1369,0.13,0.56,0.7131765355253912
1370,0.13,0.5700000000000001,0.7077213618583688
1371,0.13,0.58,0.7032407225072131
1372,0.13,0.59,0.696377736004554
1373,0.13,0.6,0.6905295619502858
1374,0.13,0.61,0.6822859129082472
1375,0.13,0.62,0.6750929967948087
1376,0.13,0.63,0.6655017330792232
1377,0.13,0.64,0.6569917186828705
1378,0.13,0.65,0.6460916668680277
1379,0.13,0.66,0.6362969343211593
1380,0.13,0.67,0.6241325460499275
1381,0.13,0.68,0.6130900907062128
1382,0.13,0.6900000000000001,0.599711254249616
1383,0.13,0.7000000000000001,0.5874625601055791
1384,0.13,0.71,0.5729243776276842
1385,0.13,0.72,0.5595152858323407
1386,0.13,0.73,0.543877817417948
1387,0.13,0.74,0.529358389997608
1388,0.13,0.75,0.5126863660590376
1389,0.13,0.76,0.4971107445758246
1390,0.13,0.77,0.4794732488031289
1391,0.13,0.78,0.4628995072707714
1392,0.13,0.79,0.44436963280864344
1393,0.13,0.8,0.4268596238253731
1394,0.13,0.81,0.4075141058318516
1395,0.13,0.8200000000000001,0.3891332985748294
1396,0.13,0.8300000000000001,0.3690521267247179
1397,0.13,0.84,0.3498694351988785
1398,0.13,0.85,0.3291354500235114
1399,0.13,0.86,0.3092230497835184
1400,0.13,0.87,0.28792152697555695
1401,0.13,0.88,0.2673546584533317
1402,0.13,0.89,0.2455728854012018
1403,0.13,0.9,0.22442964198053836
1404,0.13,0.91,0.20225649082607172
1405,0.13,0.92,0.18061758991376076
1406,0.13,0.93,0.1581430913466061
1407,0.13,0.9400000000000001,0.13609162689585358
1408,0.13,0.9500000000000001,0.11340654871143188
1409,0.13,0.96,0.09102772395370587
1410,0.13,0.97,0.06822315811407799
1411,0.13,0.98,0.04560399764145059
1412,0.13,0.99,0.02277095920051304
1413,0.13,1.0,0.0
1414,0.14,0.0,0.0
1415,0.14,0.01,0.02222759220224918
1416,0.14,0.02,0.04446954665732509
1417,0.14,0.03,0.06659503757963468
1418,0.14,0.04,0.08876362622988168
1419,0.14,0.05,0.11069961154918147
1420,0.14,0.06,0.13270746529689328
1421,0.14,0.07,0.15436721742292547
1422,0.14,0.08,0.17612767495537132
1423,0.14,0.09,0.19742548024561937
1424,0.14,0.1,0.21885293606726863
1425,0.14,0.11,0.23970442621554613
1426,0.14,0.12,0.26071467613092414
1427,0.14,0.13,0.2810371528659844
1428,0.14,0.14,0.3015477350484804
1429,0.14,0.15,0.32126048741473645
1430,0.14,0.16,0.34119101711471644
1431,0.14,0.17,0.36021563072487167
1432,0.14,0.18,0.37948812661900516
1433,0.14,0.19,0.3977487843638754
1434,0.14,0.2,0.4162879845302947
1435,0.14,0.21,0.4337117583009201
1436,0.14,0.22,0.4514454238243957
1437,0.14,0.23,0.4679625568432097
1438,0.14,0.24,0.4848217611126552
1439,0.14,0.25,0.5003659404825225
1440,0.14,0.26,0.5162853423404076
1441,0.14,0.27,0.5307939614024166
1442,0.14,0.28,0.5457120604414696
1443,0.14,0.29,0.559126470485299
1444,0.14,0.3,0.5729858429603765
1445,0.14,0.31,0.5852515937568712
1446,0.14,0.32,0.5979991077860115
1447,0.14,0.33,0.609066176313529
1448,0.14,0.34,0.6206531852776881
1449,0.14,0.35000000000000003,0.6304761918961758
1450,0.14,0.36,0.6408587052065828
1451,0.14,0.37,0.6493971164016368
1452,0.14,0.38,0.6585359470806745
1453,0.14,0.39,0.665754263760338
1454,0.14,0.4,0.6736151525690561
1455,0.14,0.41000000000000003,0.6794830827559397
1456,0.14,0.42,0.6860367988908009
1457,0.14,0.43,0.6905294135188278
1458,0.14,0.44,0.6957518321837071
1459,0.14,0.45,0.6988497025902858
1460,0.14,0.46,0.7027218600185559
1461,0.14,0.47000000000000003,0.7044111756271387
1462,0.14,0.48,0.7069193023745014
1463,0.14,0.49,0.7071919669968249
1464,0.14,0.5,0.7083275005404716
1465,0.14,0.51,0.7071812056992434
1466,0.14,0.52,0.7069407835557743
1467,0.14,0.53,0.7043790572431664
1468,0.14,0.54,0.702764491950392
1469,0.14,0.55,0.6987967213001692
1470,0.14,0.56,0.6958149586917383
1471,0.14,0.5700000000000001,0.6904563851564814
1472,0.14,0.58,0.686119447390111
1473,0.14,0.59,0.6793911331813406
1474,0.14,0.6,0.673716047959943
1475,0.14,0.61,0.6656448127276761
1476,0.14,0.62,0.6586535300785505
1477,0.14,0.63,0.6492718570756204
1478,0.14,0.64,0.6409911549287244
1479,0.14,0.65,0.6303370662197302
1480,0.14,0.66,0.6207984458565489
1481,0.14,0.67,0.6089153464853028
1482,0.14,0.68,0.5981549187215304
1483,0.14,0.6900000000000001,0.5850914101362246
1484,0.14,0.7000000000000001,0.5731497728626664
1485,0.14,0.71,0.5589594363050057
1486,0.14,0.72,0.545881543751552
1487,0.14,0.73,0.5306226947337807
1488,0.14,0.74,0.51645771855191
1489,0.14,0.75,0.5001931339620987
1490,0.14,0.76,0.48499431595376064
1491,0.14,0.77,0.4677909357324631
1492,0.14,0.78,0.4516154317993325
1493,0.14,0.79,0.4335440375073071
1494,0.14,0.8,0.4164527521660678
1495,0.14,0.81,0.39758762510114015
1496,0.14,0.8200000000000001,0.3796450357187599
1497,0.14,0.8300000000000001,0.3600635975289683
1498,0.14,0.84,0.34133756728686815
1499,0.14,0.85,0.32112000625704235
1500,0.14,0.86,0.3016815847630789
1501,0.14,0.87,0.28091047111502015
1502,0.14,0.88,0.26083368155374814
1503,0.14,0.89,0.23959357519042768
1504,0.14,0.9,0.21895518693940394
1505,0.14,0.91,0.19733224107772943
1506,0.14,0.92,0.17621152682235827
1507,0.14,0.93,0.1542930908963436
1508,0.14,0.9400000000000001,0.13277156744701324
1509,0.14,0.9500000000000001,0.11064579252558218
1510,0.14,0.96,0.0888069447750377
1511,0.14,0.97,0.06656239453080809
1512,0.14,0.98,0.04449138228070879
1513,0.14,0.99,0.02221665227506448
1514,0.14,1.0,0.0
1515,0.15,0.0,0.0
1516,0.15,0.01,0.021703309425206353
1517,0.15,0.02,0.04335101406035391
1518,0.15,0.03,0.06502429607354607
1519,0.15,0.04,0.08653089972427438
1520,0.15,0.05,0.10808872430254389
1521,0.15,0.06,0.1293692034950968
1522,0.15,0.07,0.15072668109869625
1523,0.15,0.08,0.17169681905633832
1524,0.15,0.09,0.1927699376048221
1525,0.15,0.1,0.21334665432192174
1526,0.15,0.11,0.23405261331956598
1527,0.15,0.12,0.2541542906624474
1528,0.15,0.13,0.2744118308861887
1529,0.15,0.14,0.29395863173941034
1530,0.15,0.15,0.31368835885610646
1531,0.15,0.16,0.3326025394135749
1532,0.15,0.17,0.3517272398674578
1533,0.15,0.18,0.36993345423677143
1534,0.15,0.19,0.38837840174503624
1535,0.15,0.2,0.40580399808825207
1536,0.15,0.21,0.4234972491046902
1537,0.15,0.22,0.44007255657753847
1538,0.15,0.23,0.4569452331321365
1539,0.15,0.24,0.4726038389054888
1540,0.15,0.25,0.48859039730238263
1541,0.15,0.26,0.5032694129541998
1542,0.15,0.27,0.5183078969108593
1543,0.15,0.28,0.5319482134643737
1544,0.15,0.29,0.545980490400154
1545,0.15,0.3,0.5585270212559557
1546,0.15,0.31,0.571499000586094
1547,0.15,0.32,0.5829009115541541
1548,0.15,0.33,0.5947627440130423
1549,0.15,0.34,0.6049736695982996
1550,0.15,0.35000000000000003,0.6156799267998037
1551,0.15,0.36,0.6246581718352453
1552,0.15,0.37,0.6341680054737252
1553,0.15,0.38,0.6418767311319045
1554,0.15,0.39,0.6501540114306116
1555,0.15,0.4,0.6565614045827561
1556,0.15,0.41000000000000003,0.6635748378012639
1557,0.15,0.42,0.6686542626372881
1558,0.15,0.43,0.6743774876511326
1559,0.15,0.44,0.6781076184288581
1560,0.15,0.45,0.6825192825871446
1561,0.15,0.46,0.6848842163496964
1562,0.15,0.47000000000000003,0.6879680309947199
1563,0.15,0.48,0.6889573790859992
1564,0.15,0.49,0.6907021552779006
1565,0.15,0.5,0.6903111125013851
1566,0.15,0.51,0.6907107776260093
1567,0.15,0.52,0.6889401679354636
1568,0.15,0.53,0.6879937639810938
1569,0.15,0.54,0.6848500616657994
1570,0.15,0.55,0.6825617260313592
1571,0.15,0.56,0.6780570514650434
1572,0.15,0.5700000000000001,0.6744359812067389
1573,0.15,0.58,0.6685880703691892
1574,0.15,0.59,0.663648470803593
1575,0.15,0.6,0.6564806179565899
1576,0.15,0.61,0.650241636516215
1577,0.15,0.62,0.6417826096192326
1578,0.15,0.63,0.6342682558032985
1579,0.15,0.64,0.6245521844865737
1580,0.15,0.65,0.6157912366677512
1581,0.15,0.66,0.6048574728367478
1582,0.15,0.67,0.594883372578115
1583,0.15,0.68,0.5827763239989878
1584,0.15,0.6900000000000001,0.5716270584092662
1585,0.15,0.7000000000000001,0.5583959959135691
1586,0.15,0.71,0.5461139684287908
1587,0.15,0.72,0.5318128076705179
1588,0.15,0.73,0.5184446975031889
1589,0.15,0.74,0.5031317564948407
1590,0.15,0.75,0.4887283668444336
1591,0.15,0.76,0.4724661007834688
1592,0.15,0.77,0.45708219576191866
1593,0.15,0.78,0.4399369109268659
1594,0.15,0.79,0.42363104102682303
1595,0.15,0.8,0.40567258976597886
1596,0.15,0.81,0.3885069055946649
1597,0.15,0.8200000000000001,0.3698083646426828
1598,0.15,0.8300000000000001,0.3518484185664652
1599,0.15,0.84,0.33248575309901723
1600,0.15,0.85,0.31380028839852847
1601,0.15,0.86,0.29385200436743264
1602,0.15,0.87,0.2745127314943499
1603,0.15,0.88,0.25405951887118755
1604,0.15,0.89,0.23414087842847575
1605,0.15,0.9,0.2132652480212809
1606,0.15,0.91,0.192844160160158
1607,0.15,0.92,0.171630076654304
1608,0.15,0.93,0.1507856766932259
1609,0.15,0.9400000000000001,0.12931819050482457
1610,0.15,0.9500000000000001,0.10813155072664656
1611,0.15,0.96,0.08649643114688078
1612,0.15,0.97,0.06505026891673732
1613,0.15,0.98,0.04333364087236562
1614,0.15,0.99,0.021712013435975955
1615,0.15,1.0,0.0
1616,0.16,0.0,0.0
1617,0.16,0.01,0.02116904973908964
1618,0.16,0.02,0.04230523767537249
1619,0.16,0.03,0.06342361257977358
1620,0.16,0.04,0.08444350004047833
1621,0.16,0.05,0.10542789520210993
1622,0.16,0.06,0.12624847073514092
1623,0.16,0.07,0.14701614180167086
1624,0.16,0.08,0.16755514870841035
1625,0.16,0.09,0.18802423852014394
1626,0.16,0.1,0.20820049940557286
1627,0.16,0.11,0.22829036111192913
1628,0.16,0.12,0.24802409822139607
1629,0.16,0.13,0.2676556135438867
1630,0.16,0.14,0.28686876368721925
1631,0.16,0.15,0.3059646550017241
1632,0.16,0.16,0.3245811778983832
1633,0.16,0.17,0.3430663128240498
1634,0.16,0.18,0.36101249173692224
1635,0.16,0.19,0.3788141789427121
1636,0.16,0.2,0.3960189125022906
1637,0.16,0.21,0.4130671874753761
1638,0.16,0.22,0.42946227163001366
1639,0.16,0.23,0.4456901711930291
1640,0.16,0.24,0.46121057025436446
1641,0.16,0.25,0.4765543946708476
1642,0.16,0.26,0.491138500456257
1643,0.16,0.27,0.5055380620251825
1644,0.16,0.28,0.5191279401312708
1645,0.16,0.29,0.5325267972418607
1646,0.16,0.3,0.5450684195148034
1647,0.16,0.31,0.5574140952110618
1648,0.16,0.32,0.5688575575114677
1649,0.16,0.33,0.580101741701196
1650,0.16,0.34,0.5904014660936504
1651,0.16,0.35000000000000003,0.6005002006279524
1652,0.16,0.36,0.6096151211592424
1653,0.16,0.37,0.6185289671044382
1654,0.16,0.38,0.6264226983704824
1655,0.16,0.39,0.6341168848935508
1656,0.16,0.4,0.6407578726341614
1657,0.16,0.41000000000000003,0.6472024270238388
1658,0.16,0.42,0.6525640800275821
1659,0.16,0.43,0.6577339384745419
1660,0.16,0.44,0.6617947411240895
1661,0.16,0.45,0.6656698399837183
1662,0.16,0.46,0.6684134448260785
1663,0.16,0.47000000000000003,0.6709787921847797
1664,0.16,0.48,0.6723940919715028
1665,0.16,0.49,0.6736398194308346
1666,0.16,0.5,0.6737209981413665
1667,0.16,0.51,0.6736423928224403
1668,0.16,0.52,0.6723889552597564
1669,0.16,0.53,0.6709864721121505
1670,0.16,0.54,0.6684032517439521
1671,0.16,0.55,0.6656825063180986
1672,0.16,0.56,0.6617796511292358
1673,0.16,0.5700000000000001,0.6577513930382721
1674,0.16,0.58,0.6525443292604616
1675,0.16,0.59,0.6472243966165845
1676,0.16,0.6,0.6407337703094401
1677,0.16,0.61,0.63414302547086
1678,0.16,0.62,0.6263946220429589
1679,0.16,0.63,0.6185588690508964
1680,0.16,0.64,0.6095835109300122
1681,0.16,0.65,0.6005333950513639
1682,0.16,0.66,0.5903668178378032
1683,0.16,0.67,0.5801377076589395
1684,0.16,0.68,0.5688204152235397
1685,0.16,0.6900000000000001,0.5574522677652367
1686,0.16,0.7000000000000001,0.5450293668822913
1687,0.16,0.71,0.5325665762262675
1688,0.16,0.72,0.5190875914595072
1689,0.16,0.73,0.5055788213948269
1690,0.16,0.74,0.4910974910796012
1691,0.16,0.75,0.47659549229377823
1692,0.16,0.76,0.46116954657869863
1693,0.16,0.77,0.44573095893518955
1694,0.16,0.78,0.4294218809596797
1695,0.16,0.79,0.41310702142206507
1696,0.16,0.8,0.3959797928105724
1697,0.16,0.81,0.37885242959545323
1698,0.16,0.8200000000000001,0.36097526154272896
1699,0.16,0.8300000000000001,0.34310237510942343
1700,0.16,0.84,0.3245464264126855
1701,0.16,0.85,0.3059979579292102
1702,0.16,0.86,0.2868370413908644
1703,0.16,0.87,0.2676856293531542
1704,0.16,0.88,0.24799590803106336
1705,0.16,0.89,0.22831661375636306
1706,0.16,0.9,0.20817628857677703
1707,0.16,0.91,0.18804631134274025
1708,0.16,0.92,0.1675353016136597
1709,0.16,0.93,0.1470336842716665
1710,0.16,0.9400000000000001,0.12623330264172097
1711,0.16,0.9500000000000001,0.10544062859569633
1712,0.16,0.96,0.0844332519960699
1713,0.16,0.97,0.0634313345057147
1714,0.16,0.98,0.042300072591110204
1715,0.16,0.99,0.021171637429705344
1716,0.16,1.0,0.0
1717,0.17,0.0,0.0
1718,0.17,0.01,0.020646889971353628
1719,0.17,0.02,0.041286787234602704
1720,0.17,0.03,0.061859177194605576
1721,0.17,0.04,0.08241065212893861
1722,0.17,0.05,0.10282730790622768
1723,0.17,0.06,0.1232093152575875
1724,0.17,0.07,0.14338958198802051
1725,0.17,0.08,0.1635217804812549
1726,0.17,0.09,0.18338590122912554
1727,0.17,0.1,0.20318897024129387
1728,0.17,0.11,0.22265840125234704
1729,0.17,0.12,0.24205435326498023
1730,0.17,0.13,0.26105207464432884
1731,0.17,0.14,0.2799645621999695
1732,0.17,0.15,0.2984153828340972
1733,0.17,0.16,0.31676999873734096
1734,0.17,0.17,0.3346008543075374
1735,0.17,0.18,0.35232542383345916
1736,0.17,0.19,0.3694656667977604
1737,0.17,0.2,0.38649053070130446
1738,0.17,0.21,0.4028722111528865
1739,0.17,0.22,0.419130498311633
1740,0.17,0.23,0.43468863465334995
1741,0.17,0.24,0.450116523222991
1742,0.17,0.25,0.4647893616301986
1743,0.17,0.26,0.47932632764683114
1744,0.17,0.27,0.4930555893237938
1745,0.17,0.28,0.506644641749363
1746,0.17,0.29,0.5193757570185196
1747,0.17,0.3,0.53196365829485
1748,0.17,0.31,0.543645986593286
1749,0.17,0.32,0.5551834578453888
1750,0.17,0.33,0.5657704927394004
1751,0.17,0.34,0.5762124028492617
1752,0.17,0.35000000000000003,0.5856619612164017
1753,0.17,0.36,0.5949674990732455
1754,0.17,0.37,0.6032418936422802
1755,0.17,0.38,0.6113747229632501
1756,0.17,0.39,0.6184409174466649
1757,0.17,0.4,0.6253693136518284
1758,0.17,0.41000000000000003,0.6311990597535635
1759,0.17,0.42,0.6368960284698929
1760,0.17,0.43,0.6414659841035294
1761,0.17,0.44,0.6459093609628633
1762,0.17,0.45,0.6492011890731353
1763,0.17,0.46,0.652373720557894
1764,0.17,0.47000000000000003,0.6543741680017462
1765,0.17,0.48,0.6562635731782703
1766,0.17,0.49,0.6569645291911484
1767,0.17,0.5,0.65756354225296
1768,0.17,0.51,0.6569620761019426
1769,0.17,0.52,0.6562684697231331
1770,0.17,0.53,0.6543668472310566
1771,0.17,0.54,0.6523834368026978
1772,0.17,0.55,0.6491891155165496
1773,0.17,0.56,0.6459237444059971
1774,0.17,0.5700000000000001,0.6414493472783421
1775,0.17,0.58,0.6369148533122685
1776,0.17,0.59,0.631178120865891
1777,0.17,0.6,0.6253922842927465
1778,0.17,0.61,0.618416005345368
1779,0.17,0.62,0.6114014785818792
1780,0.17,0.63,0.6032133997188973
1781,0.17,0.64,0.5949976192285075
1782,0.17,0.65,0.5856303333261151
1783,0.17,0.66,0.5762454140154968
1784,0.17,0.67,0.5657362282330347
1785,0.17,0.68,0.5552188407866931
1786,0.17,0.6900000000000001,0.5436096245642628
1787,0.17,0.7000000000000001,0.53200085616766
1788,0.17,0.71,0.5193378698813532
1789,0.17,0.72,0.5066830688109111
1790,0.17,0.73,0.49301677385189396
1791,0.17,0.74,0.4793653784367435
1792,0.17,0.75,0.4647502295902264
1793,0.17,0.76,0.45015558207673917
1794,0.17,0.77,0.43464980318095014
1795,0.17,0.78,0.4191689490580081
1796,0.17,0.79,0.40283429302009033
1797,0.17,0.8,0.38652776639172787
1798,0.17,0.81,0.3694292607255468
1799,0.17,0.8200000000000001,0.35236085634894376
1800,0.17,0.8300000000000001,0.3345665354778165
1801,0.17,0.84,0.3168030681193948
1802,0.17,0.85,0.2983836937536268
1803,0.17,0.86,0.2799947455547749
1804,0.17,0.87,0.2610235165087379
1805,0.17,0.88,0.2420811730958177
1806,0.17,0.89,0.22263342595150706
1807,0.17,0.9,0.20321200207239615
1808,0.17,0.91,0.1833649041256345
1809,0.17,0.92,0.16354065964698594
1810,0.17,0.93,0.14337289558865315
1811,0.17,0.9400000000000001,0.1232237427439118
1812,0.17,0.9500000000000001,0.1028151965320286
1813,0.17,0.96,0.08242039936937252
1814,0.17,0.97,0.06185183273908903
1815,0.17,0.98,0.04129169977996569
1816,0.17,0.99,0.02064442881831195
1817,0.17,1.0,0.0
1818,0.18,0.0,0.0
1819,0.18,0.01,0.020137645402116364
1820,0.18,0.02,0.040292776126762325
1821,0.18,0.03,0.060333438456242075
1822,0.18,0.04,0.08042658236018559
1823,0.18,0.05,0.10029105216733179
1824,0.18,0.06,0.12024307585537153
1825,0.18,0.07,0.13985274542997492
1826,0.18,0.08,0.15958516538068407
1827,0.18,0.09,0.17886234050806277
1828,0.18,0.1,0.1982976309257514
1829,0.18,0.11,0.21716583976768636
1830,0.18,0.12,0.23622773590022192
1831,0.18,0.13,0.25461203383348996
1832,0.18,0.14,0.2732258295018428
1833,0.18,0.15,0.29105309877266716
1834,0.18,0.16,0.3091459368734533
1835,0.18,0.17,0.3263451799516618
1836,0.18,0.18,0.3438463347192835
1837,0.18,0.19,0.36034896026047364
1838,0.18,0.2,0.37719011011121323
1839,0.18,0.21,0.3929302104581971
1840,0.18,0.22,0.40904570028501375
1841,0.18,0.23,0.4239603194609225
1842,0.18,0.24,0.4392874113046654
1843,0.18,0.25,0.4533168024692896
1844,0.18,0.26,0.4677959135591714
1845,0.18,0.27,0.48088378491761447
1846,0.18,0.28,0.4944587121503923
1847,0.18,0.29,0.5065524603194376
1848,0.18,0.3,0.5191705903318177
1849,0.18,0.31,0.5302215201853009
1850,0.18,0.32,0.5418340242663335
1851,0.18,0.33,0.551797554297276
1852,0.18,0.34,0.5623595674854261
1853,0.18,0.35000000000000003,0.5711954197409096
1854,0.18,0.36,0.5806662035523263
1855,0.18,0.37,0.5883385772184293
1856,0.18,0.38,0.5966816655568262
1857,0.18,0.39,0.6031593932968229
1858,0.18,0.4,0.6103427211993522
1859,0.18,0.41000000000000003,0.6155994073803022
1860,0.18,0.42,0.6215954223558308
1861,0.18,0.43,0.625609562338114
1862,0.18,0.44,0.6303953181524437
1863,0.18,0.45,0.6331503978650885
1864,0.18,0.46,0.6367076307200267
1865,0.18,0.47000000000000003,0.6381922058030777
1866,0.18,0.48,0.6405073929411648
1867,0.18,0.49,0.6407151468058302
1868,0.18,0.5,0.641779547648507
1869,0.18,0.51,0.6407093278871545
1870,0.18,0.52,0.6405190078800289
1871,0.18,0.53,0.6381748405516733
1872,0.18,0.54,0.6367306779454809
1873,0.18,0.55,0.6331217593682797
1874,0.18,0.56,0.6304294352076605
1875,0.18,0.5700000000000001,0.625570101007751
1876,0.18,0.58,0.6216400726320219
1877,0.18,0.59,0.615549743927055
1878,0.18,0.6,0.6103972023080835
1879,0.18,0.61,0.6031003090428739
1880,0.18,0.62,0.5967451202956925
1881,0.18,0.63,0.5882710018949489
1882,0.18,0.64,0.5807376332980525
1883,0.18,0.65,0.5711204169552535
1884,0.18,0.66,0.5624378478110622
1885,0.18,0.67,0.551716304890953
1886,0.18,0.68,0.5419179225445253
1887,0.18,0.6900000000000001,0.5301353037368898
1888,0.18,0.7000000000000001,0.5192587850546839
1889,0.18,0.71,0.5064626350762781
1890,0.18,0.72,0.49454981366882256
1891,0.18,0.73,0.4807917664657629
1892,0.18,0.74,0.46788848592086385
1893,0.18,0.75,0.45322404147244927
1894,0.18,0.76,0.4393799948513779
1895,0.18,0.77,0.42386827881542527
1896,0.18,0.78,0.4091368346557082
1897,0.18,0.79,0.39284034222225445
1898,0.18,0.8,0.37727835728935927
1899,0.18,0.81,0.3602626827215369
1900,0.18,0.8200000000000001,0.3439303017598124
1901,0.18,0.8300000000000001,0.3262638551956134
1902,0.18,0.84,0.309224297947893
1903,0.18,0.85,0.2909780111125862
1904,0.18,0.86,0.2732973469090951
1905,0.18,0.87,0.2545443694438572
1906,0.18,0.88,0.23629127970524058
1907,0.18,0.89,0.21710666785221155
1908,0.18,0.9,0.19835219690890757
1909,0.18,0.91,0.1788125963060121
1910,0.18,0.92,0.1596298910066003
1911,0.18,0.93,0.13981321533727528
1912,0.18,0.9400000000000001,0.12027725400111319
1913,0.18,0.9500000000000001,0.10026236121524387
1914,0.18,0.96,0.08044967257842223
1915,0.18,0.97,0.060316040352573805
1916,0.18,0.98,0.04030441325927183
1917,0.18,0.99,0.020131815298420626
1918,0.18,1.0,0.0
1919,0.19,0.0,0.0
1920,0.19,0.01,0.01964472403792744
1921,0.19,0.02,0.03931516443604071
1922,0.19,0.03,0.05885661686220794
1923,0.19,0.04,0.0784752228193415
1924,0.19,0.05,0.09783615025238851
1925,0.19,0.06,0.1173256807384064
1926,0.19,0.07,0.13642943778101577
1927,0.19,0.08,0.15571326464619797
1928,0.19,0.09,0.1744841185942909
1929,0.19,0.1,0.1934865262573076
1930,0.19,0.11,0.21184995921928493
1931,0.19,0.12,0.23049643973103565
1932,0.19,0.13,0.2483794469868773
1933,0.19,0.14,0.26659698928213854
1934,0.19,0.15,0.2839283727290803
1935,0.19,0.16,0.30164574490046087
1936,0.19,0.17,0.31835640044990987
1937,0.19,0.18,0.33550442390955587
1938,0.19,0.19,0.351527621718314
1939,0.19,0.2,0.36803943615242773
1940,0.19,0.21,0.38331109258976265
1941,0.19,0.22,0.3991224106593704
1942,0.19,0.23,0.41358135092983284
1943,0.19,0.24,0.42863070172816325
1944,0.19,0.25,0.44221891208831005
1945,0.19,0.26,0.4564478724302049
1946,0.19,0.27,0.46911074095580824
1947,0.19,0.28,0.48246415364708395
1948,0.19,0.29,0.4941506985264481
1949,0.19,0.3,0.5065768768401424
1950,0.19,0.31,0.5172399611894664
1951,0.19,0.32,0.5286908788602978
1952,0.19,0.33,0.5382874110794632
1953,0.19,0.34,0.5487188772162621
1954,0.19,0.35000000000000003,0.5572099959289603
1955,0.19,0.36,0.5665818143358399
1956,0.19,0.37,0.5739330569876625
1957,0.19,0.38,0.5822091694766754
1958,0.19,0.39,0.5883906236998402
1959,0.19,0.4,0.5955392370691837
1960,0.19,0.41000000000000003,0.6005256739640706
1961,0.19,0.42,0.6065193704049104
1962,0.19,0.43,0.6102903589376834
1963,0.19,0.44,0.6151061897177731
1964,0.19,0.45,0.6176461914910369
1965,0.19,0.46,0.6212657538430153
1966,0.19,0.47000000000000003,0.6225641975635936
1967,0.19,0.48,0.6249736947788486
1968,0.19,0.49,0.625025029823992
1969,0.19,0.5,0.6262153146181482
1970,0.19,0.51,0.6250190431892423
1971,0.19,0.52,0.6249856444618078
1972,0.19,0.53,0.6225463319130493
1973,0.19,0.54,0.6212894650709889
1974,0.19,0.55,0.6176167281093726
1975,0.19,0.56,0.6151412891620824
1976,0.19,0.5700000000000001,0.610249761733878
1977,0.19,0.58,0.6065653053953342
1978,0.19,0.59,0.6004745822021694
1979,0.19,0.6,0.5955952842552948
1980,0.19,0.61,0.5883298419788374
1981,0.19,0.62,0.5822744461681651
1982,0.19,0.63,0.5738635426246651
1983,0.19,0.64,0.5666552923472113
1984,0.19,0.65,0.5571328439400764
1985,0.19,0.66,0.5487993990023247
1986,0.19,0.67,0.5382038369903491
1987,0.19,0.68,0.5287771756929958
1988,0.19,0.6900000000000001,0.5171512819416192
1989,0.19,0.7000000000000001,0.5066675887449836
1990,0.19,0.71,0.4940583117755975
1991,0.19,0.72,0.48255785078929114
1992,0.19,0.73,0.4690161030846529
1993,0.19,0.74,0.4565430776171814
1994,0.19,0.75,0.44212351527691784
1995,0.19,0.76,0.4287259136763394
1996,0.19,0.77,0.4134866996429064
1997,0.19,0.78,0.39921612766034537
1998,0.19,0.79,0.3832186798503323
1999,0.19,0.8,0.368130179765805
2000,0.19,0.81,0.3514389055420366
2001,0.19,0.8200000000000001,0.33559076230819423
2002,0.19,0.8300000000000001,0.31827278081286453
2003,0.19,0.84,0.30172631549812723
2004,0.19,0.85,0.28385116943470806
2005,0.19,0.86,0.266670520283765
2006,0.19,0.87,0.24830987878454672
2007,0.19,0.88,0.2305617702618588
2008,0.19,0.89,0.21178912450802723
2009,0.19,0.9,0.19354262474890718
2010,0.19,0.91,0.1744329780207861
2011,0.19,0.92,0.15575924518455248
2012,0.19,0.93,0.13638879901127046
2013,0.19,0.9400000000000001,0.1173608171111453
2014,0.19,0.9500000000000001,0.09780665516218882
2015,0.19,0.96,0.07849896003589414
2016,0.19,0.97,0.05883873135289676
2017,0.19,0.98,0.03932712753477064
2018,0.19,0.99,0.019638730641978422
2019,0.19,1.0,0.0
2020,0.2,0.0,0.0
2021,0.2,0.01,0.019186907426431934
2022,0.2,0.02,0.038315203033846924
2023,0.2,0.03,0.057485021435031786
2024,0.2,0.04,0.07647915129607352
2025,0.2,0.05,0.09555633143720597
2026,0.2,0.06,0.11434118740909421
2027,0.2,0.07,0.13325062867179302
2028,0.2,0.08,0.15175184642562423
2029,0.2,0.09,0.1704191911237412
2030,0.2,0.1,0.18856344615846873
2031,0.2,0.11,0.20691537000256002
2032,0.2,0.12,0.22463067047322618
2033,0.2,0.13,0.24259516804071612
2034,0.2,0.14,0.25981114324038496
2035,0.2,0.15,0.27731780733163464
2036,0.2,0.16,0.29396599067929774
2037,0.2,0.17,0.31094628446917744
2038,0.2,0.18,0.32696038987134407
2039,0.2,0.19,0.343347910801618
2040,0.2,0.2,0.3586641012731117
2041,0.2,0.21,0.37439483567295767
2042,0.2,0.22,0.38895198312248563
2043,0.2,0.23,0.4039645505926466
2044,0.2,0.24,0.41770448570095403
2045,0.2,0.25,0.4319403723510302
2046,0.2,0.26,0.44480812349399684
2047,0.2,0.27,0.45821190318180777
2048,0.2,0.28,0.47015592337787326
2049,0.2,0.29,0.48267546616403806
2050,0.2,0.3,0.4936478470551864
2051,0.2,0.31,0.5052345141543749
2052,0.2,0.32,0.5151911860629443
2053,0.2,0.33,0.5258000106448083
2054,0.2,0.34,0.5347009277851155
2055,0.2,0.35000000000000003,0.5442907810517802
2056,0.2,0.36,0.5521000910164832
2057,0.2,0.37,0.5606338330586866
2058,0.2,0.38,0.5673200297455154
2059,0.2,0.39,0.5747646447549759
2060,0.2,0.4,0.5803007039504989
2061,0.2,0.41000000000000003,0.5866274194408542
2062,0.2,0.42,0.5909909163348483
2063,0.2,0.43,0.5961753060965188
2064,0.2,0.44,0.5993485140637329
2065,0.2,0.45,0.6033705846483702
2066,0.2,0.46,0.6053405547044103
2067,0.2,0.47000000000000003,0.6081848153013387
2068,0.2,0.48,0.6089434357162906
2069,0.2,0.49,0.6105989513458032
2070,0.2,0.5,0.6101429869831663
2071,0.2,0.51,0.6106034149891062
2072,0.2,0.52,0.608934526028571
2073,0.2,0.53,0.6081981359048872
2074,0.2,0.54,0.6053228757052191
2075,0.2,0.55,0.6033925523379006
2076,0.2,0.56,0.5993223443002231
2077,0.2,0.5700000000000001,0.5962055747471638
2078,0.2,0.58,0.5909566681486357
2079,0.2,0.59,0.5866655121157139
2080,0.2,0.6,0.580258916998111
2081,0.2,0.61,0.574809961200445
2082,0.2,0.62,0.5672713625164536
2083,0.2,0.63,0.560685659139984
2084,0.2,0.64,0.5520453104808533
2085,0.2,0.65,0.5443482999818131
2086,0.2,0.66,0.5346408973320544
2087,0.2,0.67,0.5258623158313901
2088,0.2,0.68,0.5151268519179246
2089,0.2,0.6900000000000001,0.5053006234653218
2090,0.2,0.7000000000000001,0.4935802233883035
2091,0.2,0.71,0.4827443373872126
2092,0.2,0.72,0.47008607633603033
2093,0.2,0.73,0.45828245043810467
2094,0.2,0.74,0.4447371544071571
2095,0.2,0.75,0.43201148320292393
2096,0.2,0.76,0.4176335137260513
2097,0.2,0.77,0.40403510357952316
2098,0.2,0.78,0.38888212759792107
2099,0.2,0.79,0.3744637179972185
2100,0.2,0.8,0.35859646406184875
2101,0.2,0.81,0.3434140358866356
2102,0.2,0.8200000000000001,0.32689603797132905
2103,0.2,0.8300000000000001,0.3110086091116719
2104,0.2,0.84,0.2939059393762381
2105,0.2,0.85,0.27737534817693515
2106,0.2,0.86,0.2597563400698355
2107,0.2,0.87,0.24264701711961922
2108,0.2,0.88,0.22458198024655882
2109,0.2,0.89,0.206960709082949
2110,0.2,0.9,0.18852163729081325
2111,0.2,0.91,0.17045730464859946
2112,0.2,0.92,0.1517175787834991
2113,0.2,0.93,0.13328091507743303
2114,0.2,0.9400000000000001,0.11431500187151387
2115,0.2,0.9500000000000001,0.09557831267111612
2116,0.2,0.96,0.07646146119579629
2117,0.2,0.97,0.05749835052130222
2118,0.2,0.98,0.03830628761554743
2119,0.2,0.99,0.01919137395779821
2120,0.2,1.0,0.0
2121,0.21,0.0,0.0
2122,0.21,0.01,0.01872224990126364
2123,0.21,0.02,0.03737559983645247
2124,0.21,0.03,0.056092885636333835
2125,0.21,0.04,0.07460364712913516
2126,0.21,0.05,0.09324222038669382
2127,0.21,0.06,0.11153717223654001
2128,0.21,0.07,0.13002368974019207
2129,0.21,0.08,0.14803036901836888
2130,0.21,0.09,0.1662921796381912
2131,0.21,0.1,0.18393917083677191
2132,0.21,0.11,0.2019045985076354
2133,0.21,0.12,0.21912181968328884
2134,0.21,0.13,0.23672044142242457
2135,0.21,0.14,0.25343942618155807
2136,0.21,0.15,0.2706023440717439
2137,0.21,0.16,0.2867565182512745
2138,0.21,0.17,0.3034166243538594
2139,0.21,0.18,0.3189415762629581
2140,0.21,0.19,0.33503380946342104
2141,0.21,0.2,0.34986755256570334
2142,0.21,0.21,0.36532914639826564
2143,0.21,0.22,0.37941237333106576
2144,0.21,0.23,0.39418309387781414
2145,0.21,0.24,0.40745942072540475
2146,0.21,0.25,0.42148179373909106
2147,0.21,0.26,0.4338979935001233
2148,0.21,0.27,0.4471175199578248
2149,0.21,0.28,0.4586237441740708
2150,0.21,0.29,0.4709891035306397
2151,0.21,0.3,0.4815390910746181
2152,0.21,0.31,0.4930023315496378
2153,0.21,0.32,0.5025536036032378
2154,0.21,0.33,0.5130703189022761
2155,0.21,0.34,0.521584359197481
2156,0.21,0.35000000000000003,0.5311138511369474
2157,0.21,0.36,0.5385562705736279
2158,0.21,0.37,0.5470616971476302
2159,0.21,0.38,0.5534023819525746
2160,0.21,0.39,0.5608508904489261
2161,0.21,0.4,0.5660641330952357
2162,0.21,0.41000000000000003,0.572426977935311
2163,0.21,0.42,0.5764915901023828
2164,0.21,0.43,0.5817442351450037
2165,0.21,0.44,0.5846436420668875
2166,0.21,0.45,0.5887658471790507
2167,0.21,0.46,0.5904881628032003
2168,0.21,0.47000000000000003,0.5934640545595617
2169,0.21,0.48,0.5940021370190232
2170,0.21,0.49,0.5958202634470381
2171,0.21,0.5,0.5951717504368771
2172,0.21,0.51,0.595825119774936
2173,0.21,0.52,0.5939924435180135
2174,0.21,0.53,0.5934785469995332
2175,0.21,0.54,0.5904689285872291
2176,0.21,0.55,0.5887897473043369
2177,0.21,0.56,0.5846151703039439
2178,0.21,0.5700000000000001,0.5817771662402133
2179,0.21,0.58,0.5764543295717555
2180,0.21,0.59,0.5724684209246372
2181,0.21,0.6,0.5660186711249122
2182,0.21,0.61,0.5609001920654919
2183,0.21,0.62,0.55334943517513
2184,0.21,0.63,0.5471180802161775
2185,0.21,0.64,0.5384966736452256
2186,0.21,0.65,0.5311764268089493
2187,0.21,0.66,0.5215190516565967
2188,0.21,0.67,0.513138100651859
2189,0.21,0.68,0.5024836150749828
2190,0.21,0.6900000000000001,0.4930742507109585
2191,0.21,0.7000000000000001,0.48146552505265516
2192,0.21,0.71,0.471064026132983
2193,0.21,0.72,0.45854776063465097
2194,0.21,0.73,0.4471942645940818
2195,0.21,0.74,0.4338207906213769
2196,0.21,0.75,0.421559150186756
2197,0.21,0.76,0.4073822159993793
2198,0.21,0.77,0.3942598421794967
2199,0.21,0.78,0.3793363843658797
2200,0.21,0.79,0.36540407610114817
2201,0.21,0.8,0.34979397788040784
2202,0.21,0.81,0.3351057387142417
2203,0.21,0.8200000000000001,0.31887157637815317
2204,0.21,0.8300000000000001,0.30348441854794295
2205,0.21,0.84,0.2866911973741964
2206,0.21,0.85,0.270664933761313
2207,0.21,0.86,0.2533798147752803
2208,0.21,0.87,0.2367768392008305
2209,0.21,0.88,0.21906885819598548
2210,0.21,0.89,0.20195391460207648
2211,0.21,0.9,0.18389369484888102
2212,0.21,0.91,0.16633363596371148
2213,0.21,0.92,0.1479930960432404
2214,0.21,0.93,0.1300566321919521
2215,0.21,0.9400000000000001,0.11150869038409578
2216,0.21,0.9500000000000001,0.09326612917531335
2217,0.21,0.96,0.07458440581262399
2218,0.21,0.97,0.056107383502072325
2219,0.21,0.98,0.037365902670016576
2220,0.21,0.99,0.01872710807644114
2221,0.21,1.0,0.0
2222,0.22,0.0,0.0
2223,0.22,0.01,0.01825058176279281
2224,0.22,0.02,0.036495553608140316
2225,0.22,0.03,0.05467971329957168
2226,0.22,0.04,0.07284708648339336
2227,0.22,0.05,0.09089303321525578
2228,0.22,0.06,0.10891114614109315
2229,0.22,0.07,0.1267476137908184
2230,0.22,0.08,0.14454541435147134
2231,0.22,0.09,0.16210194342470416
2232,0.22,0.1,0.17960926867211022
2233,0.22,0.11,0.19681648524554837
2234,0.22,0.12,0.21396433729119171
2235,0.22,0.13,0.2307542279276593
2236,0.22,0.14,0.24747504499301518
2237,0.22,0.15,0.2637812265342283
2238,0.22,0.16,0.28000914809236027
2239,0.22,0.17,0.2957671312525191
2240,0.22,0.18,0.3114382562278772
2241,0.22,0.19,0.32658570193299913
2242,0.22,0.2,0.34163833895661827
2243,0.22,0.21,0.35611530640033745
2244,0.22,0.22,0.37049021515187
2245,0.22,0.23,0.38423940056818
2246,0.22,0.24,0.3978800232743561
2247,0.22,0.25,0.4108469884613967
2248,0.22,0.26,0.42369967066238795
2249,0.22,0.27,0.43583306032877894
2250,0.22,0.28,0.4478472600693305
2251,0.22,0.29,0.4590990071156678
2252,0.22,0.3,0.4702274917664966
2253,0.22,0.31,0.4805530096593567
2254,0.22,0.32,0.49075203962592295
2255,0.22,0.33,0.5001104010699855
2256,0.22,0.34,0.5093398997000304
2257,0.22,0.35000000000000003,0.5176940008656359
2258,0.22,0.36,0.5259177099235215
2259,0.22,0.37,0.5332344195420236
2260,0.22,0.38,0.5404200396765962
2261,0.22,0.39,0.5466703323741339
2262,0.22,0.4,0.5527896480672169
2263,0.22,0.41000000000000003,0.5579487213688862
2264,0.22,0.42,0.5629777099132697
2265,0.22,0.43,0.5670250844139675
2266,0.22,0.44,0.5709440085325672
2267,0.22,0.45,0.5738636107978289
2268,0.22,0.46,0.5766570945792149
2269,0.22,0.47000000000000003,0.5784373224089846
2270,0.22,0.48,0.5800944102984359
2271,0.22,0.49,0.5807281800586392
2272,0.22,0.5,0.5812423787079739
2273,0.22,0.51,0.5807271545087663
2274,0.22,0.52,0.5800964573521643
2275,0.22,0.53,0.5784342619274897
2276,0.22,0.54,0.5766611564141461
2277,0.22,0.55,0.5738585636344442
2278,0.22,0.56,0.5709500211119317
2279,0.22,0.5700000000000001,0.5670181301401039
2280,0.22,0.58,0.5629855784446465
2281,0.22,0.59,0.5579399696243389
2282,0.22,0.6,0.5527992484956098
2283,0.22,0.61,0.5466599211400869
2284,0.22,0.62,0.5404312206385653
2285,0.22,0.63,0.5332225129674584
2286,0.22,0.64,0.5259302951316954
2287,0.22,0.65,0.5176807866812679
2288,0.22,0.66,0.5093536907205569
2289,0.22,0.67,0.5000960876303455
2290,0.22,0.68,0.49076681900522545
2291,0.22,0.6900000000000001,0.4805378226594941
2292,0.22,0.7000000000000001,0.4702430264581925
2293,0.22,0.71,0.4590831860340954
2294,0.22,0.72,0.44786330510742267
2295,0.22,0.73,0.4358168546526101
2296,0.22,0.74,0.4237159730229302
2297,0.22,0.75,0.4108306537530912
2298,0.22,0.76,0.39789632586479384
2299,0.22,0.77,0.3842231944358456
2300,0.22,0.78,0.37050626086520366
2301,0.22,0.79,0.35609948443509637
2302,0.22,0.8,0.34165387472647385
2303,0.22,0.81,0.326570513677489
2304,0.22,0.8200000000000001,0.3114530370205127
2305,0.22,0.8300000000000001,0.2957528162641497
2306,0.22,0.84,0.28002294077258827
2307,0.22,0.85,0.26376801060536154
2308,0.22,0.86,0.24748763200297388
2309,0.22,0.87,0.23074231952243882
2310,0.22,0.88,0.21397552008381612
2311,0.22,0.89,0.19680607220971646
2312,0.22,0.9,0.17961887084500225
2313,0.22,0.91,0.1620931900204551
2314,0.22,0.92,0.14455328443157767
2315,0.22,0.93,0.1267406581036216
2316,0.22,0.9400000000000001,0.10891715997610515
2317,0.22,0.9500000000000001,0.09088798497371134
2318,0.22,0.96,0.07285114920199307
2319,0.22,0.97,0.05467665214283519
2320,0.22,0.98,0.03649760111803439
2321,0.22,0.99,0.018249555983024142
2322,0.22,1.0,0.0
2323,0.23,0.0,0.0
2324,0.23,0.01,0.01779599206870567
2325,0.23,0.02,0.035625788393650874
2326,0.23,0.03,0.053317724202459664
2327,0.23,0.04,0.0711110167173368
2328,0.23,0.05,0.08862897783926327
2329,0.23,0.06,0.10631567910520205
2330,0.23,0.07,0.12359035793008474
2331,0.23,0.08,0.14110087591758722
2332,0.23,0.09,0.158063851511302
2333,0.23,0.1,0.17532936140770974
2334,0.23,0.11,0.19191337287841434
2335,0.23,0.12,0.20886608487678981
2336,0.23,0.13,0.22500530113549375
2337,0.23,0.14,0.24157872318723414
2338,0.23,0.15,0.2572090079935776
2339,0.23,0.16,0.2733382025376584
2340,0.23,0.17,0.28839737372962704
2341,0.23,0.18,0.30401920744596084
2342,0.23,0.19,0.31844728926436155
2343,0.23,0.2,0.33350067493716384
2344,0.23,0.21,0.3472401423720643
2345,0.23,0.22,0.36166627199110385
2346,0.23,0.23,0.37466228609813224
2347,0.23,0.24,0.3884048543710224
2348,0.23,0.25,0.4006054875304986
2349,0.23,0.26,0.4136109050274116
2350,0.23,0.27,0.4249673551488203
2351,0.23,0.28,0.43718495035179344
2352,0.23,0.29,0.4476517430602023
2353,0.23,0.3,0.4590339526421245
2354,0.23,0.31,0.4685691305219228
2355,0.23,0.32,0.4790716772348682
2356,0.23,0.33,0.48763697524974453
2357,0.23,0.34,0.49721903285809105
2358,0.23,0.35000000000000003,0.5047800391145965
2359,0.23,0.36,0.5134043838648109
2360,0.23,0.37,0.5199306849402617
2361,0.23,0.38,0.5275638331158526
2362,0.23,0.39,0.5330291432297685
2363,0.23,0.4,0.5396414743962287
2364,0.23,0.41000000000000003,0.5440237477679949
2365,0.23,0.42,0.549589613368102
2366,0.23,0.43,0.5528711391720772
2367,0.23,0.44,0.5573689561862712
2368,0.23,0.45,0.5595364355890283
2369,0.23,0.46,0.5629487650283855
2370,0.23,0.47000000000000003,0.5639933698710218
2371,0.23,0.48,0.5663069799212552
2372,0.23,0.49,0.5662243926924964
2373,0.23,0.5,0.5674303063762399
2374,0.23,0.51,0.5662207412090537
2375,0.23,0.52,0.5663142684802437
2376,0.23,0.53,0.5639824729954648
2377,0.23,0.54,0.5629632272238634
2378,0.23,0.55,0.5595184651383915
2379,0.23,0.56,0.5573903639842273
2380,0.23,0.5700000000000001,0.5528463784980883
2381,0.23,0.58,0.5496176292165156
2382,0.23,0.59,0.5439925872917786
2383,0.23,0.6,0.5396756565445875
2384,0.23,0.61,0.5329920742890396
2385,0.23,0.62,0.5276036425770364
2386,0.23,0.63,0.5198882920457638
2387,0.23,0.64,0.5134491929098514
2388,0.23,0.65,0.5047329907375846
2389,0.23,0.66,0.4972681349101762
2390,0.23,0.67,0.48758601328545015
2391,0.23,0.68,0.4791242980069139
2392,0.23,0.6900000000000001,0.46851505859481307
2393,0.23,0.7000000000000001,0.45908926234261715
2394,0.23,0.71,0.44759541385512686
2395,0.23,0.72,0.43724207676673016
2396,0.23,0.73,0.42490965696754185
2397,0.23,0.74,0.41366894727230524
2398,0.23,0.75,0.4005473302853732
2399,0.23,0.76,0.38846289709630266
2400,0.23,0.77,0.37460458696365667
2401,0.23,0.78,0.36172339981701584
2402,0.23,0.79,0.34718381132048737
2403,0.23,0.8,0.33355598689056387
2404,0.23,0.81,0.31839321471346815
2405,0.23,0.8200000000000001,0.3040718311712877
2406,0.23,0.8300000000000001,0.288346408529129
2407,0.23,0.84,0.2733873080578325
2408,0.23,0.85,0.2571619559712849
2409,0.23,0.86,0.24162353599725866
2410,0.23,0.87,0.2249629044156844
2411,0.23,0.88,0.20890589816328492
2412,0.23,0.89,0.19187630017270177
2413,0.23,0.9,0.1753635472013486
2414,0.23,0.91,0.15803268756699734
2415,0.23,0.92,0.14112889500220357
2416,0.23,0.93,0.12356559430281552
2417,0.23,0.9400000000000001,0.10633708952694089
2418,0.23,0.9500000000000001,0.08861100513571983
2419,0.23,0.96,0.07112548075931563
2420,0.23,0.97,0.05330682591592771
2421,0.23,0.98,0.03563307790583625
2422,0.23,0.99,0.017792340104876545
2423,0.23,1.0,0.0
2424,0.24,0.0,0.0
2425,0.24,0.01,0.017374551452641853
2426,0.24,0.02,0.03473309171174978
2427,0.24,0.03,0.052055084537392084
2428,0.24,0.04,0.0693291085844171
2429,0.24,0.05,0.08653017877985815
2430,0.24,0.06,0.1036515167395783
2431,0.24,0.07,0.12066377594816796
2432,0.24,0.08,0.13756486208532145
2433,0.24,0.09,0.154321165570895
2434,0.24,0.1,0.17093530488091277
2435,0.24,0.11,0.18736951658833365
2436,0.24,0.12,0.20363114793071313
2437,0.24,0.13,0.21967840158617874
2438,0.24,0.14,0.2355233563229232
2439,0.24,0.15,0.2511203115425803
2440,0.24,0.16,0.26648606666210506
2441,0.24,0.17,0.2815711590569825
2442,0.24,0.18,0.29639708378589
2443,0.24,0.19,0.31091076807461626
2444,0.24,0.2,0.32513836300567495
2445,0.24,0.21,0.339023348173811
2446,0.24,0.22,0.3525964759682372
2447,0.24,0.23,0.3657979515442182
2448,0.24,0.24,0.3786630582998342
2449,0.24,0.25,0.39112891085235657
2450,0.24,0.26,0.4032352372662451
2451,0.24,0.27,0.4149162562663238
2452,0.24,0.28,0.42621603776106926
2453,0.24,0.29,0.437066109993778
2454,0.24,0.3,0.4475147650201188
2455,0.24,0.31,0.45749105677604923
2456,0.24,0.32,0.4670473625515759
2457,0.24,0.33,0.47611048887614493
2458,0.24,0.34,0.48473674386938725
2459,0.24,0.35000000000000003,0.49285092419909116
2460,0.24,0.36,0.5005130967207327
2461,0.24,0.37,0.5076462962891044
2462,0.24,0.38,0.5143141586069415
2463,0.24,0.39,0.5204382150590999
2464,0.24,0.4,0.5260854625104967
2465,0.24,0.41000000000000003,0.5311761972235726
2466,0.24,0.42,0.5357805518583265
2467,0.24,0.43,0.5398178655254766
2468,0.24,0.44,0.5433611638729686
2469,0.24,0.45,0.5463291159709163
2470,0.24,0.46,0.54879738058792
2471,0.24,0.47000000000000003,0.5506842524117426
2472,0.24,0.48,0.5520677469310776
2473,0.24,0.49,0.5528660879450419
2474,0.24,0.5,0.5531593554101099
2475,0.24,0.51,0.5528660127294903
2476,0.24,0.52,0.5520678970653831
2477,0.24,0.53,0.5506840279511085
2478,0.24,0.54,0.5487976784891675
2479,0.24,0.55,0.5463287458045681
2480,0.24,0.56,0.5433616048437446
2481,0.24,0.5700000000000001,0.5398173554903447
2482,0.24,0.58,0.5357811289452066
2483,0.24,0.59,0.5311755553621487
2484,0.24,0.6,0.5260861666136453
2485,0.24,0.61,0.520437451492669
2486,0.24,0.62,0.5143149786235486
2487,0.24,0.63,0.5076454230582047
2488,0.24,0.64,0.5005140197200286
2489,0.24,0.65,0.4928499550737136
2490,0.24,0.66,0.48473775529648216
2491,0.24,0.67,0.47610943913865844
2492,0.24,0.68,0.46704844645691335
2493,0.24,0.6900000000000001,0.4574899429802718
2494,0.24,0.7000000000000001,0.4475159043109312
2495,0.24,0.71,0.43706494970398635
2496,0.24,0.72,0.426217214470874
2497,0.24,0.73,0.4149150677803139
2498,0.24,0.74,0.4032364328381354
2499,0.24,0.75,0.39112771291291837
2500,0.24,0.76,0.37866425387910074
2501,0.24,0.77,0.36579676304357217
2502,0.24,0.78,0.35259765269970716
2503,0.24,0.79,0.3390221878556668
2504,0.24,0.8,0.32513950233108024
2505,0.24,0.81,0.31090965423855127
2506,0.24,0.8200000000000001,0.2963981677365744
2507,0.24,0.8300000000000001,0.2815701092698048
2508,0.24,0.84,0.2664870781424517
2509,0.24,0.85,0.25111934236123024
2510,0.24,0.86,0.23552427938002965
2511,0.24,0.87,0.2196775282965423
2512,0.24,0.88,0.2036319680060571
2513,0.24,0.89,0.1873687529640922
2514,0.24,0.9,0.17093600904003398
2515,0.24,0.91,0.1543205236562194
2516,0.24,0.92,0.13756543922189277
2517,0.24,0.93,0.12066326586768912
2518,0.24,0.9400000000000001,0.10365195775064195
2519,0.24,0.9500000000000001,0.08652980857891705
2520,0.24,0.96,0.06932940651401714
2521,0.24,0.97,0.05205486005509275
2522,0.24,0.98,0.03473324186069125
2523,0.24,0.99,0.01737447622971405
2524,0.24,1.0,0.0
2525,0.25,0.0,0.0
2526,0.25,0.01,0.016956298282147994
2527,0.25,0.02,0.033876312490379125
2528,0.25,0.03,0.050801981754130324
2529,0.25,0.04,0.06761891933156465
2530,0.25,0.05,0.08444718994299553
2531,0.25,0.06,0.10109464271238715
2532,0.25,0.07,0.11775915159855849
2533,0.25,0.08,0.13417135841257233
2534,0.25,0.09,0.15060641023958785
2535,0.25,0.1,0.16671851739354718
2536,0.25,0.11,0.1828593427983663
2537,0.25,0.12,0.19860766116672093
2538,0.25,0.13,0.2143906710365842
2539,0.25,0.14,0.22971292890337622
2540,0.25,0.15,0.2450759637161577
2541,0.25,0.16,0.2599115542829536
2542,0.25,0.17,0.27479412754498567
2543,0.25,0.18,0.2890843501170794
2544,0.25,0.19,0.3034278849618809
2545,0.25,0.2,0.3171161788350222
2546,0.25,0.21,0.3308642368767491
2547,0.25,0.22,0.3438964069721708
2548,0.25,0.23,0.35699490854134563
2549,0.25,0.24,0.3693193418663906
2550,0.25,0.25,0.38171677679236904
2551,0.25,0.26,0.39328464883749276
2552,0.25,0.27,0.4049322769819978
2553,0.25,0.28,0.4156977472022506
2554,0.25,0.29,0.4265497879909479
2555,0.25,0.3,0.4364701835611369
2556,0.25,0.31,0.44648399380540427
2557,0.25,0.32,0.45551998088288237
2558,0.25,0.33,0.46465622023142855
2559,0.25,0.34,0.47277196200873023
2560,0.25,0.35000000000000003,0.48099474541829507
2561,0.25,0.36,0.4881580462994975
2562,0.25,0.37,0.4954350829652809
2563,0.25,0.38,0.5016175182548429
2564,0.25,0.39,0.5079202364943253
2565,0.25,0.4,0.5130972670450803
2566,0.25,0.41000000000000003,0.5184009246832596
2567,0.25,0.42,0.5225519960109953
2568,0.25,0.43,0.5268357758705539
2569,0.25,0.44,0.5299444013059882
2570,0.25,0.45,0.5331914914622716
2571,0.25,0.46,0.5352453189769815
2572,0.25,0.47000000000000003,0.5374429774947145
2573,0.25,0.48,0.5384338399054273
2574,0.25,0.49,0.539573443831581
2575,0.25,0.5,0.5394973921569053
2576,0.25,0.51,0.5395744706018947
2577,0.25,0.52,0.5384317904167243
2578,0.25,0.53,0.5374460416139446
2579,0.25,0.54,0.5352412523191127
2580,0.25,0.55,0.5331965446105714
2581,0.25,0.56,0.5299383816084637
2582,0.25,0.5700000000000001,0.5268427383617753
2583,0.25,0.58,0.5225441182021953
2584,0.25,0.59,0.5184096867213369
2585,0.25,0.6,0.5130876553555449
2586,0.25,0.61,0.507930659904411
2587,0.25,0.62,0.5016063242585362
2588,0.25,0.63,0.49544700337235975
2589,0.25,0.64,0.48814544652390557
2590,0.25,0.65,0.4810079748389492
2591,0.25,0.66,0.47275815515145236
2592,0.25,0.67,0.4646705500379133
2593,0.25,0.68,0.4555051846785784
2594,0.25,0.6900000000000001,0.4464991980153215
2595,0.25,0.7000000000000001,0.436454631348208
2596,0.25,0.71,0.42656562683067023
2597,0.25,0.72,0.41568168424336555
2598,0.25,0.73,0.40494850066767524
2599,0.25,0.74,0.39326832845196485
2600,0.25,0.75,0.3817331294689107
2601,0.25,0.76,0.3693030214353787
2602,0.25,0.77,0.35701113231727394
2603,0.25,0.78,0.3438803438796915
2604,0.25,0.79,0.3308800758913022
2605,0.25,0.8,0.3171006264087834
2606,0.25,0.81,0.3034430894202234
2607,0.25,0.8200000000000001,0.2890695536331528
2608,0.25,0.8300000000000001,0.27480845765788114
2609,0.25,0.84,0.2598977470973097
2610,0.25,0.85,0.24508919348195501
2611,0.25,0.86,0.2297003287713076
2612,0.25,0.87,0.21440259180585192
2613,0.25,0.88,0.19859646680822574
2614,0.25,0.89,0.182869766564929
2615,0.25,0.9,0.16670890535886895
2616,0.25,0.91,0.15061517260603163
2617,0.25,0.92,0.13416348029736158
2618,0.25,0.93,0.11776611436940317
2619,0.25,0.9400000000000001,0.10108862276643728
2620,0.25,0.9500000000000001,0.08445224330460559
2621,0.25,0.96,0.06761485249886527
2622,0.25,0.97,0.05080504600695484
2623,0.25,0.98,0.03387426291142533
2624,0.25,0.99,0.01695732509794577
2625,0.25,1.0,0.0
2626,0.26,0.0,0.0
2627,0.26,0.01,0.01654028644903092
2628,0.26,0.02,0.033056310710932624
2629,0.26,0.03,0.04955558440720202
2630,0.26,0.04,0.06598215924450883
2631,0.26,0.05,0.08237531512649653
2632,0.26,0.06,0.09864759835702822
2633,0.26,0.07,0.1148699580341504
2634,0.26,0.08,0.1309237086391178
2635,0.26,0.09,0.14691127538455995
2636,0.26,0.1,0.16268310735846406
2637,0.26,0.11,0.17837281829941443
2638,0.26,0.12,0.19380045123567996
2639,0.26,0.13,0.20913042575066065
2640,0.26,0.14,0.22415293116834425
2641,0.26,0.15,0.239062714517764
2642,0.26,0.16,0.25362075695005615
2643,0.26,0.17,0.26805155818631904
2644,0.26,0.18,0.28208763007086846
2645,0.26,0.19,0.29598255329827283
2646,0.26,0.2,0.30944120273254344
2647,0.26,0.21,0.3227454708146823
2648,0.26,0.22,0.3355735212665305
2649,0.26,0.23,0.3482346911098378
2650,0.26,0.24,0.3603814522041796
2651,0.26,0.25,0.3723496207805133
2652,0.26,0.26,0.3837670893172362
2653,0.26,0.27,0.39499508962580215
2654,0.26,0.28,0.4056381400218417
2655,0.26,0.29,0.4160817262311711
2656,0.26,0.3,0.4259082896207889
2657,0.26,0.31,0.43552631067471925
2658,0.26,0.32,0.4444975419463381
2659,0.26,0.33,0.4532521029638203
2660,0.26,0.34,0.46133253505913235
2661,0.26,0.35000000000000003,0.4691891459060063
2662,0.26,0.36,0.4763468307573002
2663,0.26,0.37,0.4832745412187382
2664,0.26,0.38,0.4894811767532995
2665,0.26,0.39,0.49545269778821366
2666,0.26,0.4,0.5006837404840405
2667,0.26,0.41000000000000003,0.5056755510971594
2668,0.26,0.42,0.5099103136318918
2669,0.26,0.43,0.513902752955227
2670,0.26,0.44,0.5171244865498746
2671,0.26,0.45,0.5201018307826935
2672,0.26,0.46,0.5222977919032459
2673,0.26,0.47000000000000003,0.5242483158182217
2674,0.26,0.48,0.5254098169612601
2675,0.26,0.49,0.5263258397439685
2676,0.26,0.5,0.5264482840967326
2677,0.26,0.51,0.5263261993458709
2678,0.26,0.52,0.525409099176585
2679,0.26,0.53,0.52424938895301
2680,0.26,0.54,0.5222963676533562
2681,0.26,0.55,0.520103600527031
2682,0.26,0.56,0.5171223782952042
2683,0.26,0.5700000000000001,0.5139051914002108
2684,0.26,0.58,0.5099075546196857
2685,0.26,0.59,0.5056786197883955
2686,0.26,0.6,0.5006803742241012
2687,0.26,0.61,0.4954563483321815
2688,0.26,0.62,0.4894772563319029
2689,0.26,0.63,0.483278716045887
2690,0.26,0.64,0.4763424180000983
2691,0.26,0.65,0.46919377917855365
2692,0.26,0.66,0.4613276995562338
2693,0.26,0.67,0.4532571216139443
2694,0.26,0.68,0.4444923599549387
2695,0.26,0.6900000000000001,0.4355316355567778
2696,0.26,0.7000000000000001,0.4259028428626486
2697,0.26,0.71,0.4160872733697838
2698,0.26,0.72,0.40563251439456793
2699,0.26,0.73,0.3950007715401171
2700,0.26,0.74,0.3837613735396915
2701,0.26,0.75,0.37235534786378
2702,0.26,0.76,0.3603757364173722
2703,0.26,0.77,0.34824037304253197
2704,0.26,0.78,0.33556789561205086
2705,0.26,0.79,0.32275101798889877
2706,0.26,0.8,0.3094357559309634
2707,0.26,0.81,0.29598787823092254
2708,0.26,0.8200000000000001,0.28208244802252497
2709,0.26,0.8300000000000001,0.26805657689884266
2710,0.26,0.84,0.25361592138028716
2711,0.26,0.85,0.2390673478605986
2712,0.26,0.86,0.2241485183385472
2713,0.26,0.87,0.20913460065156803
2714,0.26,0.88,0.1937965307405251
2715,0.26,0.89,0.1783764689159776
2716,0.26,0.9,0.16267974102823762
2717,0.26,0.91,0.1469143441426667
2718,0.26,0.92,0.13092094956451236
2719,0.26,0.93,0.1148723965360786
2720,0.26,0.9400000000000001,0.09864549005176694
2721,0.26,0.9500000000000001,0.08237708491427409
2722,0.26,0.96,0.06598073495901559
2723,0.26,0.97,0.04955665756919629
2724,0.26,0.98,0.033055592907878274
2725,0.26,0.99,0.016540646060195962
2726,0.26,1.0,0.0
2727,0.27,0.0,0.0
2728,0.27,0.01,0.01613328742196989
2729,0.27,0.02,0.03225854231372239
2730,0.27,0.03,0.04833618978541268
2731,0.27,0.04,0.06438977842315877
2732,0.27,0.05,0.08034832601985592
2733,0.27,0.06,0.09626690449094069
2734,0.27,0.07,0.11204335542209569
2735,0.27,0.08,0.1277641194316413
2736,0.27,0.09,0.14329618889442608
2737,0.27,0.1,0.15875712134082676
2738,0.27,0.11,0.17398348266354177
2739,0.27,0.12,0.18912359800965325
2740,0.27,0.13,0.20398412510897398
2741,0.27,0.14,0.21874370958984643
2742,0.27,0.15,0.2331797147791109
2743,0.27,0.16,0.24750056150484956
2744,0.27,0.17,0.2614550277076647
2745,0.27,0.18,0.27528066574138216
2746,0.27,0.19,0.28869847218571704
2747,0.27,0.2,0.30197438870146365
2748,0.27,0.21,0.31480252919402874
2749,0.27,0.22,0.32747638384794203
2750,0.27,0.23,0.339664176756951
2751,0.27,0.24,0.35168600743652156
2752,0.27,0.25,0.363185296542791
2753,0.27,0.26,0.3745077156939662
2754,0.27,0.27,0.3852730611056222
2755,0.27,0.28,0.3958514418753026
2756,0.27,0.29,0.40584030024000667
2757,0.27,0.3,0.4156329517121774
2758,0.27,0.31,0.42480584500261037
2759,0.27,0.32,0.4337741758497141
2760,0.27,0.33,0.44209484804292304
2761,0.27,0.34,0.45020351795994273
2762,0.27,0.35000000000000003,0.45763907897888045
2763,0.27,0.36,0.46485613731577136
2764,0.27,0.37,0.4713771936517746
2765,0.27,0.38,0.47767420471016336
2766,0.27,0.39,0.4832549761980187
2767,0.27,0.4,0.4886071307102812
2768,0.27,0.41000000000000003,0.49322555298271564
2769,0.27,0.42,0.4976117653454369
2770,0.27,0.43,0.5012495775511256
2771,0.27,0.44,0.5046525684403292
2772,0.27,0.45,0.5072953858686026
2773,0.27,0.46,0.5097017499208056
2774,0.27,0.47000000000000003,0.5113391212369215
2775,0.27,0.48,0.5127393795377987
2776,0.27,0.49,0.5133648283946768
2777,0.27,0.5,0.5137534655756977
2778,0.27,0.51,0.513364516431127
2779,0.27,0.52,0.5127400022337494
2780,0.27,0.53,0.5113381902660092
2781,0.27,0.54,0.509702985492647
2782,0.27,0.55,0.5072938505719591
2783,0.27,0.56,0.5046543974027953
2784,0.27,0.5700000000000001,0.5012474621407591
2785,0.27,0.58,0.4976141588553223
2786,0.27,0.59,0.4932228908192075
2787,0.27,0.6,0.48861005102127647
2788,0.27,0.61,0.4832518092644514
2789,0.27,0.62,0.47767760576808804
2790,0.27,0.63,0.47137357189168516
2791,0.27,0.64,0.464859965484822
2792,0.27,0.65,0.45763505950867744
2793,0.27,0.66,0.45020771286850375
2794,0.27,0.67,0.44209049425118396
2795,0.27,0.68,0.433778671342398
2796,0.27,0.6900000000000001,0.4248012255504606
2797,0.27,0.7000000000000001,0.41563767689308284
2798,0.27,0.71,0.4058354879783409
2799,0.27,0.72,0.39585632222604095
2800,0.27,0.73,0.3852681319262416
2801,0.27,0.74,0.37451267424882706
2802,0.27,0.75,0.36318032818157175
2803,0.27,0.76,0.3516909659962472
2804,0.27,0.77,0.33965924756791754
2805,0.27,0.78,0.327481264212969
2806,0.27,0.79,0.3147977169136638
2807,0.27,0.8,0.30197911390518395
2808,0.27,0.81,0.28869385270699677
2809,0.27,0.8200000000000001,0.27528516126397345
2810,0.27,0.8300000000000001,0.2614506738831533
2811,0.27,0.84,0.24750475644853126
2812,0.27,0.85,0.2331756952719929
2813,0.27,0.86,0.2187475377970244
2814,0.27,0.87,0.20398050331014644
2815,0.27,0.88,0.18912699910631622
2816,0.27,0.89,0.1739803156918473
2817,0.27,0.9,0.15876004168873703
2818,0.27,0.91,0.14329352669579742
2819,0.27,0.92,0.1277665129742991
2820,0.27,0.93,0.1120412399818219
2821,0.27,0.9400000000000001,0.09626873347997737
2822,0.27,0.9500000000000001,0.08034679070039763
2823,0.27,0.96,0.06439101401369937
2824,0.27,0.97,0.048335258800211764
2825,0.27,0.98,0.03225916501932593
2826,0.27,0.99,0.01613297545355534
2827,0.27,1.0,0.0
2828,0.28,0.0,0.0
2829,0.28,0.01,0.01572939237316479
2830,0.28,0.02,0.03149383927517623
2831,0.28,0.03,0.04712609052587815
2832,0.28,0.04,0.06286340645365608
2833,0.28,0.05,0.07833677407396794
2834,0.28,0.06,0.09398491958685148
2835,0.28,0.07,0.10923824956539822
2836,0.28,0.08,0.12473557509220509
2837,0.28,0.09,0.13970854458459023
2838,0.28,0.1,0.1549940321183091
2839,0.28,0.11,0.16962738940063138
2840,0.28,0.12,0.18464089114970944
2841,0.28,0.13,0.19887669188137208
2842,0.28,0.14,0.21355916496647093
2843,0.28,0.15,0.22734100379532388
2844,0.28,0.16,0.2416347401035549
2845,0.28,0.17,0.2549079766574797
2846,0.28,0.18,0.2687568269923117
2847,0.28,0.19,0.28146880531670787
2848,0.28,0.2,0.2948183970107683
2849,0.28,0.21,0.30691865753106107
2850,0.28,0.22,0.3197166047207227
2851,0.28,0.23,0.3311570878329966
2852,0.28,0.24,0.3433531936277425
2853,0.28,0.25,0.35408843404889856
2854,0.28,0.26,0.36563488386477805
2855,0.28,0.27,0.3756221949061819
2856,0.28,0.28,0.38647374027098846
2857,0.28,0.29,0.39567338723636647
2858,0.28,0.3,0.40578751941426655
2859,0.28,0.31,0.4141628813635285
2860,0.28,0.32,0.42349999418853906
2861,0.28,0.33,0.4310177133541553
2862,0.28,0.34,0.4395412547048864
2863,0.28,0.35000000000000003,0.4461713728962831
2864,0.28,0.36,0.4538479842885396
2865,0.28,0.37,0.4595640656725349
2866,0.28,0.38,0.46636370949149636
2867,0.28,0.39,0.4711429491928894
2868,0.28,0.4,0.4770390231324974
2869,0.28,0.41000000000000003,0.48086234115831067
2870,0.28,0.42,0.48583177948199685
2871,0.28,0.43,0.48868389953531705
2872,0.28,0.44,0.49270726081916516
2873,0.28,0.45,0.49457677363373137
2874,0.28,0.46,0.4976383147004356
2875,0.28,0.47000000000000003,0.49851772559478297
2876,0.28,0.48,0.5006054613942225
2877,0.28,0.49,0.5004912218139577
2878,0.28,0.5,0.501596971053753
2879,0.28,0.51,0.5004894939420483
2880,0.28,0.52,0.5006089103190124
2881,0.28,0.53,0.49851256922825987
2882,0.28,0.54,0.4976451581591396
2883,0.28,0.55,0.49456827009049686
2884,0.28,0.56,0.49271739088776245
2885,0.28,0.5700000000000001,0.4886721829196056
2886,0.28,0.58,0.4858450364052599
2887,0.28,0.59,0.480847596245894
2888,0.28,0.6,0.4770551978433006
2889,0.28,0.61,0.47112540851719376
2890,0.28,0.62,0.46638254690777403
2891,0.28,0.63,0.4595440058576167
2892,0.28,0.64,0.4538691873359077
2893,0.28,0.65,0.44614911029448323
2894,0.28,0.66,0.43956448900149936
2895,0.28,0.67,0.43099359905721724
2896,0.28,0.68,0.42352489331831034
2897,0.28,0.6900000000000001,0.4141372956658468
2898,0.28,0.7000000000000001,0.405813690705303
2899,0.28,0.71,0.3956467336376721
2900,0.28,0.72,0.3865007709881183
2901,0.28,0.73,0.3755948937482371
2902,0.28,0.74,0.36566234771852324
2903,0.28,0.75,0.3540609158865446
2904,0.28,0.76,0.34338065749709035
2905,0.28,0.77,0.33112978664409254
2906,0.28,0.78,0.31974363548368023
2907,0.28,0.79,0.30689200387239335
2908,0.28,0.8,0.29484456837497797
2909,0.28,0.81,0.2814432195338069
2910,0.28,0.8200000000000001,0.2687817262180042
2911,0.28,0.8300000000000001,0.2548838622554313
2912,0.28,0.84,0.24165797451280993
2913,0.28,0.85,0.2273187410751269
2914,0.28,0.86,0.21358036813612427
2915,0.28,0.87,0.1988566319422093
2916,0.28,0.88,0.18465972869023184
2917,0.28,0.89,0.16960984860265044
2918,0.28,0.9,0.15501020694750978
2919,0.28,0.91,0.13969379955953118
2920,0.28,0.92,0.12474883212057916
2921,0.28,0.93,0.1092265328537651
2922,0.28,0.9400000000000001,0.09399504974066869
2923,0.28,0.9500000000000001,0.07832827045755968
2924,0.28,0.96,0.06287024997233387
2925,0.28,0.97,0.04712093411352721
2926,0.28,0.98,0.03149728823092562
2927,0.28,0.99,0.015727664485652677
2928,0.28,1.0,0.0
2929,0.29,0.0,0.0
2930,0.29,0.01,0.0153593582312691
2931,0.29,0.02,0.030699755358754886
2932,0.29,0.03,0.04601745895709873
2933,0.29,0.04,0.06127835154449423
2934,0.29,0.05,0.07649395168577056
2935,0.29,0.06,0.09161510756337529
2936,0.29,0.07,0.10666856085181516
2937,0.29,0.08,0.12159029689246577
2938,0.29,0.09,0.13642220223870657
2939,0.29,0.1,0.15108562000406375
2940,0.29,0.11,0.1656374529318091
2941,0.29,0.12,0.17998467125749276
2942,0.29,0.13,0.19419901471588205
2943,0.29,0.14,0.20817339831550397
2944,0.29,0.15,0.22199416908857708
2945,0.29,0.16,0.23554055227193457
2946,0.29,0.17,0.2489132220944339
2947,0.29,0.18,0.2619781267139464
2948,0.29,0.19,0.274849937224035
2949,0.29,0.2,0.28738178398585945
2950,0.29,0.21,0.2997019546700614
2951,0.29,0.22,0.3116512669721289
2952,0.29,0.23,0.3233711952858055
2953,0.29,0.24,0.33469079477418834
2954,0.29,0.25,0.3457642476520464
2955,0.29,0.26,0.3564094407194766
2956,0.29,0.27,0.3667927367248233
2957,0.29,0.28,0.3767214912107203
2958,0.29,0.29,0.3863736726093052
2959,0.29,0.3,0.3955467839991943
2960,0.29,0.31,0.4044297780833508
2961,0.29,0.32,0.4128110245469202
2962,0.29,0.33,0.42088979357818823
2963,0.29,0.34,0.4284460792292703
2964,0.29,0.35000000000000003,0.43568875841256993
2965,0.29,0.36,0.44239024422088224
2966,0.29,0.37,0.4487682671704409
2967,0.29,0.38,0.4545884890037916
2968,0.29,0.39,0.46007670021022007
2969,0.29,0.4,0.4649926735368808
2970,0.29,0.41000000000000003,0.4695694273958481
2971,0.29,0.42,0.4735617382297226
2972,0.29,0.43,0.47720898424540487
2973,0.29,0.44,0.48026186597126086
2974,0.29,0.45,0.48296521980192003
2975,0.29,0.46,0.4850666155740866
2976,0.29,0.47000000000000003,0.4868154156425718
2977,0.29,0.48,0.48795702610790753
2978,0.29,0.49,0.48874437555634426
2979,0.29,0.5,0.48892169171072103
2980,0.29,0.51,0.48874448553594985
2981,0.29,0.52,0.48795680658273255
2982,0.29,0.53,0.48681574384695675
2983,0.29,0.54,0.4850661799857551
2984,0.29,0.55,0.48296576105514166
2985,0.29,0.56,0.4802612211892135
2986,0.29,0.5700000000000001,0.4772097300116347
2987,0.29,0.58,0.4735608944224896
2988,0.29,0.59,0.4695703659139834
2989,0.29,0.6,0.46499164401172277
2990,0.29,0.61,0.46007781667935876
2991,0.29,0.62,0.4545872899968412
2992,0.29,0.63,0.44876954398329505
2993,0.29,0.64,0.4423888946410965
2994,0.29,0.65,0.4356901754331367
2995,0.29,0.66,0.4284446003602315
2996,0.29,0.67,0.420891328459301
2997,0.29,0.68,0.41280943971118694
2998,0.29,0.6900000000000001,0.4044314066191011
2999,0.29,0.7000000000000001,0.39554511819049654
3000,0.29,0.71,0.3863753691167792
3001,0.29,0.72,0.3767197706997981
3002,0.29,0.73,0.3667944744491324
3003,0.29,0.74,0.3564076926397786
3004,0.29,0.75,0.34576599918826456
3005,0.29,0.76,0.33468904669396327
3006,0.29,0.77,0.32337293301116043
3007,0.29,0.78,0.31164954645965853
3008,0.29,0.79,0.29970365117956144
3009,0.29,0.8,0.2873801181746897
3010,0.29,0.81,0.27485156576266434
3011,0.29,0.8200000000000001,0.2619765418749726
3012,0.29,0.8300000000000001,0.24891475697909768
3013,0.29,0.84,0.2355390733990903
3014,0.29,0.85,0.22199558611314382
3015,0.29,0.86,0.20817204873158704
3016,0.29,0.87,0.1942002915329336
3017,0.29,0.88,0.179983472246345
3018,0.29,0.89,0.1656385694050791
3019,0.29,0.9,0.15108459047490597
3020,0.29,0.91,0.13642314076064738
3021,0.29,0.92,0.12158945308168188
3022,0.29,0.93,0.10666930662128556
3023,0.29,0.9400000000000001,0.091614462778449
3024,0.29,0.9500000000000001,0.07649449294146428
3025,0.29,0.96,0.06127791595413674
3026,0.29,0.97,0.04601778716303195
3027,0.29,0.98,0.030699535832534014
3028,0.29,0.99,0.01535946821140177
3029,0.29,1.0,0.0
3030,0.3,0.0,0.0
3031,0.3,0.01,0.014988514192959344
3032,0.3,0.02,0.029944671074838985
3033,0.3,0.03,0.04490639236405752
3034,0.3,0.04,0.05977115901715782
3035,0.3,0.05,0.074647053289646
3036,0.3,0.06,0.08936174718896588
3037,0.3,0.07,0.10409312921536179
3038,0.3,0.08,0.11859965009911354
3039,0.3,0.09,0.13312841478257922
3040,0.3,0.1,0.1473694743784536
3041,0.3,0.11,0.16163832556328492
3042,0.3,0.12,0.1755576742574644
3043,0.3,0.13,0.18951035020189747
3044,0.3,0.14,0.20305299974768867
3045,0.3,0.15,0.21663449438068966
3046,0.3,0.16,0.22974693575719893
3047,0.3,0.17,0.2429037148576701
3048,0.3,0.18,0.25553413040615497
3049,0.3,0.19,0.2682143418648781
3050,0.3,0.2,0.28031281085123066
3051,0.3,0.21,0.29246648820088683
3052,0.3,0.22,0.30398518497708577
3053,0.3,0.23,0.3155644434037136
3054,0.3,0.24,0.32645782736894724
3055,0.3,0.25,0.3374170514490978
3056,0.3,0.26,0.3476420480425258
3057,0.3,0.27,0.3579380704839979
3058,0.3,0.28,0.3674542424756707
3059,0.3,0.29,0.3770465131759207
3060,0.3,0.3,0.38581622156010287
3061,0.3,0.31,0.3946669663350551
3062,0.3,0.32,0.402655520170954
3063,0.3,0.33,0.4107298885478349
3064,0.3,0.34,0.41790568313637677
3065,0.3,0.35000000000000003,0.42517188464718675
3066,0.3,0.36,0.43150652747883006
3067,0.3,0.37,0.43793595593598106
3068,0.3,0.38,0.4434043798934404
3069,0.3,0.39,0.4489717251757487
3070,0.3,0.4,0.4535522885267133
3071,0.3,0.41000000000000003,0.45823563545217166
3072,0.3,0.42,0.46191020822043716
3073,0.3,0.43,0.46569112213181046
3074,0.3,0.44,0.4684451584904754
3075,0.3,0.45,0.4713087572306014
3076,0.3,0.46,0.4731313536178733
3077,0.3,0.47000000000000003,0.4750663656234125
3078,0.3,0.48,0.47595030433987834
3079,0.3,0.49,0.4769491126349714
3080,0.3,0.5,0.476890890740654
3081,0.3,0.51,0.476949562665331
3082,0.3,0.52,0.4759494060552152
3083,0.3,0.53,0.47506770861727604
3084,0.3,0.54,0.47312957121496885
3085,0.3,0.55,0.47131097200824795
3086,0.3,0.56,0.4684425200787643
3087,0.3,0.5700000000000001,0.4656941737650247
3088,0.3,0.58,0.4619067554090722
3089,0.3,0.59,0.4582394758150729
3090,0.3,0.6,0.4535480757683753
3091,0.3,0.61,0.44897629370375247
3092,0.3,0.62,0.4433994736256004
3093,0.3,0.63,0.437941180580924
3094,0.3,0.64,0.4315010050760063
3095,0.3,0.65,0.4251776830135538
3096,0.3,0.66,0.4178996316899081
3097,0.3,0.67,0.4107361691921691
3098,0.3,0.68,0.4026490351155336
3099,0.3,0.6900000000000001,0.3946736302080604
3100,0.3,0.7000000000000001,0.3858094051687307
3101,0.3,0.71,0.3770534551845151
3102,0.3,0.72,0.3674472022467595
3103,0.3,0.73,0.3579451811486827
3104,0.3,0.74,0.34763489500459643
3105,0.3,0.75,0.33742421863050703
3106,0.3,0.76,0.32645067432964875
3107,0.3,0.77,0.3155715540711151
3108,0.3,0.78,0.3039781447441529
3109,0.3,0.79,0.2924734302147442
3110,0.3,0.8,0.28030599445343707
3111,0.3,0.81,0.268221005745362
3112,0.3,0.8200000000000001,0.25552764534231687
3113,0.3,0.8300000000000001,0.2429099955112284
3114,0.3,0.84,0.2297408843008452
3115,0.3,0.85,0.21664029275744684
3116,0.3,0.86,0.20304747733413359
3117,0.3,0.87,0.18951557485774367
3118,0.3,0.88,0.1755527679787212
3119,0.3,0.89,0.16164289410201985
3120,0.3,0.9,0.14736526160972555
3121,0.3,0.91,0.13313225515536542
3122,0.3,0.92,0.11859619727852448
3123,0.3,0.93,0.10409618085699371
3124,0.3,0.9400000000000001,0.0893591087697762
3125,0.3,0.9500000000000001,0.07464926807371405
3126,0.3,0.96,0.05976937660899023
3127,0.3,0.97,0.044907735361942785
3128,0.3,0.98,0.029943772787458925
3129,0.3,0.99,0.01498896422468824
3130,0.3,1.0,0.0
3131,0.31,0.0,0.0
3132,0.31,0.01,0.014620333660899643
3133,0.31,0.02,0.029220730958841534
3134,0.31,0.03,0.043803301915818736
3135,0.31,0.04,0.05832613962364551
3136,0.31,0.05,0.07281340067099065
3137,0.31,0.06,0.0872013588466688
3138,0.31,0.07,0.10153614169776154
3139,0.31,0.08,0.11573242997617482
3140,0.31,0.09,0.12985817078315234
3141,0.31,0.1,0.14380675262007556
3142,0.31,0.11,0.15766771506668864
3143,0.31,0.12,0.17131352904817787
3144,0.31,0.13,0.18485502413747248
3145,0.31,0.14,0.1981442014788806
3146,0.31,0.15,0.21131280315097975
3147,0.31,0.16,0.2241928805242684
3148,0.31,0.17,0.23693663625654232
3149,0.31,0.18,0.24935676310246407
3150,0.31,0.19,0.2616253986646882
3151,0.31,0.2,0.2735365381676951
3152,0.31,0.21,0.28528165572832037
3153,0.31,0.22,0.29663677865663546
3154,0.31,0.23,0.3078120474629336
3155,0.31,0.24,0.3185663181040172
3156,0.31,0.25,0.32912765698850044
3157,0.31,0.26,0.3392386104410406
3158,0.31,0.27,0.34914436143907646
3159,0.31,0.28,0.3585720715565228
3160,0.31,0.29,0.36778316395532556
3161,0.31,0.3,0.3764904012727357
3162,0.31,0.31,0.38497050544978667
3163,0.31,0.32,0.39292288446521983
3164,0.31,0.33,0.400638554914487
3165,0.31,0.34,0.4078046701382108
3166,0.31,0.35000000000000003,0.4147254771251518
3167,0.31,0.36,0.42107702735435615
3168,0.31,0.37,0.42717567668542
3169,0.31,0.38,0.4326875770087873
3170,0.31,0.39,0.4379400174478167
3171,0.31,0.4,0.4425904985329807
3172,0.31,0.41000000000000003,0.4469760164453631
3173,0.31,0.42,0.4507467107128254
3174,0.31,0.43,0.45424801156826705
3175,0.31,0.44,0.45712402590750556
3176,0.31,0.45,0.4597273023237163
3177,0.31,0.46,0.46169727706081776
3178,0.31,0.47000000000000003,0.4633922631229949
3179,0.31,0.48,0.4644484170039471
3180,0.31,0.49,0.4652284286485362
3181,0.31,0.5,0.46536658965810673
3182,0.31,0.51,0.4652285509636888
3183,0.31,0.52,0.4644481728563626
3184,0.31,0.53,0.46339262813947496
3185,0.31,0.54,0.46169679261599184
3186,0.31,0.55,0.4597279042850106
3187,0.31,0.56,0.4571233088054031
3188,0.31,0.5700000000000001,0.4542488409811103
3189,0.31,0.58,0.4507457722625472
3190,0.31,0.59,0.4469770602294504
3191,0.31,0.6,0.44258935353441414
3192,0.31,0.61,0.437941259142086
3193,0.31,0.62,0.43268624351920537
3194,0.31,0.63,0.42717709670765064
3195,0.31,0.64,0.4210755264036457
3196,0.31,0.65,0.4147270530807854
3197,0.31,0.66,0.4078030253972214
3198,0.31,0.67,0.4006402619498003
3199,0.31,0.68,0.3929211218724628
3200,0.31,0.6900000000000001,0.38497231664384707
3201,0.31,0.7000000000000001,0.3764885486253205
3202,0.31,0.71,0.3677850507445486
3203,0.31,0.72,0.35857015807178216
3204,0.31,0.73,0.3491462940676884
3205,0.31,0.74,0.3392366662957571
3206,0.31,0.75,0.3291296049778037
3207,0.31,0.76,0.31856437395851817
3208,0.31,0.77,0.3078139800919731
3209,0.31,0.78,0.29663486517126186
3210,0.31,0.79,0.2852835425183717
3211,0.31,0.8,0.27353468551926924
3212,0.31,0.81,0.2616272098599256
3213,0.31,0.8200000000000001,0.24935500050838225
3214,0.31,0.8300000000000001,0.2369383432933072
3215,0.31,0.84,0.2241912357817233
3216,0.31,0.85,0.2113143791082485
3217,0.31,0.86,0.1981427005264813
3218,0.31,0.87,0.18485644416141903
3219,0.31,0.88,0.17131219555688004
3220,0.31,0.89,0.15766895676264672
3221,0.31,0.9,0.14380560761987393
3222,0.31,0.91,0.12985921456879518
3223,0.31,0.92,0.11573149152444509
3224,0.31,0.93,0.1015369711119294
3225,0.31,0.9400000000000001,0.08720064174338947
3226,0.31,0.9500000000000001,0.0728140026332955
3227,0.31,0.96,0.05832565517799137
3228,0.31,0.97,0.04380366693293163
3229,0.31,0.98,0.029220486810829435
3230,0.31,0.99,0.014620455976267774
3231,0.31,1.0,0.0
3232,0.32,0.0,0.0
3233,0.32,0.01,0.014260296880274005
3234,0.32,0.02,0.02851609021908402
3235,0.32,0.03,0.04272461067663505
3236,0.32,0.04,0.056919642628241444
3237,0.32,0.05,0.0710203067085868
3238,0.32,0.06,0.08509856351924201
3239,0.32,0.07,0.09903571268346836
3240,0.32,0.08,0.11294164563509054
3241,0.32,0.09,0.1266602625683748
3242,0.32,0.1,0.14033900702215832
3243,0.32,0.11,0.15378493297519313
3244,0.32,0.12,0.16718252465344538
3245,0.32,0.13,0.18030267345579043
3246,0.32,0.14,0.1933662611121267
3247,0.32,0.15,0.20610882900872268
3248,0.32,0.16,0.21878688265189467
3249,0.32,0.17,0.2311015531296025
3250,0.32,0.18,0.24334406698460745
3251,0.32,0.19,0.2551822097746216
3252,0.32,0.2,0.26694089918625485
3253,0.32,0.21,0.2782557626505207
3254,0.32,0.22,0.289484254159097
3255,0.32,0.23,0.3002311502943672
3256,0.32,0.24,0.3108851641408387
3257,0.32,0.25,0.3210216454626318
3258,0.32,0.26,0.33105916981065886
3259,0.32,0.27,0.34054519741104017
3260,0.32,0.28,0.3499266536065913
3261,0.32,0.29,0.3587247557142545
3262,0.32,0.3,0.3674131539388965
3263,0.32,0.31,0.37548857434735805
3264,0.32,0.32,0.38344965905939477
3265,0.32,0.33,0.3907704948290773
3266,0.32,0.34,0.3979728794269554
3267,0.32,0.35000000000000003,0.40451020730937237
3268,0.32,0.36,0.4109254974941405
3269,0.32,0.37,0.41665348857113627
3270,0.32,0.38,0.4222563939290431
3271,0.32,0.39,0.4271524160069134
3272,0.32,0.4,0.4319208493793018
3273,0.32,0.41000000000000003,0.4359655567264245
3274,0.32,0.42,0.4398807209817364
3275,0.32,0.43,0.4430581310488894
3276,0.32,0.44,0.446104592920662
3277,0.32,0.45,0.44840214973528264
3278,0.32,0.46,0.45056790044030903
3279,0.32,0.47000000000000003,0.45197652441934155
3280,0.32,0.48,0.45325302682149277
3281,0.32,0.49,0.4537671508019603
3282,0.32,0.5,0.45414937293933844
3283,0.32,0.51,0.4537669642811285
3284,0.32,0.52,0.4532533991270449
3285,0.32,0.53,0.4519759677983866
3286,0.32,0.54,0.45056863917994167
3287,0.32,0.55,0.4484012317924357
3288,0.32,0.56,0.4461056864440278
3289,0.32,0.5700000000000001,0.4430568662606355
3290,0.32,0.58,0.43988215204334424
3291,0.32,0.59,0.4359639650392011
3292,0.32,0.6,0.43192259541048694
3293,0.32,0.61,0.42715052252254504
3294,0.32,0.62,0.4222584273938862
3295,0.32,0.63,0.4166513231509658
3296,0.32,0.64,0.4109277863237236
3297,0.32,0.65,0.40450780410333215
3298,0.32,0.66,0.3979753875251055
3299,0.32,0.67,0.39076789173712656
3300,0.32,0.68,0.3834523468719395
3301,0.32,0.6900000000000001,0.37548581242178025
3302,0.32,0.7000000000000001,0.3674159790774554
3303,0.32,0.71,0.35872187851224036
3304,0.32,0.72,0.3499295715170635
3305,0.32,0.73,0.3405422503077662
3306,0.32,0.74,0.33106213447586696
3307,0.32,0.75,0.32101867493566777
3308,0.32,0.76,0.310888128806246
3309,0.32,0.77,0.3002282031906979
3310,0.32,0.78,0.28948717207015434
3311,0.32,0.79,0.27825288544774085
3312,0.32,0.8,0.266943724325748
3313,0.32,0.81,0.2551794478479557
3314,0.32,0.8200000000000001,0.243346754798377
3315,0.32,0.8300000000000001,0.23109895003630967
3316,0.32,0.84,0.21878939075148301
3317,0.32,0.85,0.2061064258011707
3318,0.32,0.86,0.19336854994327124
3319,0.32,0.87,0.18030050803403355
3320,0.32,0.88,0.1671845581198749
3321,0.32,0.89,0.15378303948926333
3322,0.32,0.9,0.14034075305485516
3323,0.32,0.91,0.12665867087971308
3324,0.32,0.92,0.11294307669804052
3325,0.32,0.93,0.09903444789398963
3326,0.32,0.9400000000000001,0.08509965704369593
3327,0.32,0.9500000000000001,0.0710193887648055
3328,0.32,0.96,0.05692038136863984
3329,0.32,0.97,0.04272405405509494
3330,0.32,0.98,0.028516462525031466
3331,0.32,0.99,0.014260110359243048
3332,0.32,1.0,0.0
3333,0.33,0.0,0.0
3334,0.33,0.01,0.013908979287961344
3335,0.33,0.02,0.027828731397017203
3336,0.33,0.03,0.0416720430520642
3337,0.33,0.04,0.05554764034546965
3338,0.33,0.05,0.06927063906315728
3339,0.33,0.06,0.08304733774055496
3340,0.33,0.07,0.09659584357167751
3341,0.33,0.08,0.11021929945593494
3342,0.33,0.09,0.12353981196508447
3343,0.33,0.1,0.13695629456704395
3344,0.33,0.11,0.14999620445155926
3345,0.33,0.12,0.1631528084741014
3346,0.33,0.13,0.17586060580095075
3347,0.33,0.14,0.18870545925600482
3348,0.33,0.15,0.20103093748542458
3349,0.33,0.16,0.21351340561292886
3350,0.33,0.17,0.22540786059233778
3351,0.33,0.18,0.2374787447885731
3352,0.33,0.19,0.24889516791836527
3353,0.33,0.2,0.26050689890245216
3354,0.33,0.21,0.27140016369670233
3355,0.33,0.22,0.28250698816825803
3356,0.33,0.23,0.2928340294580832
3357,0.33,0.24,0.30339218952596236
3358,0.33,0.25,0.3131121745812014
3359,0.33,0.26,0.32308007927276366
3360,0.33,0.27,0.33215457014867256
3361,0.33,0.28,0.3414929583410051
3362,0.33,0.29,0.3498860647906994
3363,0.33,0.3,0.3585581589395288
3364,0.33,0.31,0.36623668126982944
3365,0.33,0.32,0.3742083313483423
3366,0.33,0.33,0.38114189263634407
3367,0.33,0.34,0.3883817097346538
3368,0.33,0.35000000000000003,0.39454287686458817
3369,0.33,0.36,0.4010223559409809
3370,0.33,0.37,0.40638674896561916
3371,0.33,0.38,0.4120803802828311
3372,0.33,0.39,0.41662676966058376
3373,0.33,0.4,0.42151213848404623
3374,0.33,0.41000000000000003,0.42522252979187
3375,0.33,0.42,0.4292804039719482
3376,0.33,0.43,0.432140109744958
3377,0.33,0.44,0.43535451485154636
3378,0.33,0.45,0.43735221325263235
3379,0.33,0.46,0.4397104949778836
3380,0.33,0.47000000000000003,0.44083827505442263
3381,0.33,0.48,0.4423311486477271
3382,0.33,0.49,0.44258454198741226
3383,0.33,0.5,0.44320612853583663
3384,0.33,0.51,0.44258412718948376
3385,0.33,0.52,0.4423319766065676
3386,0.33,0.53,0.44083703720224227
3387,0.33,0.54,0.439712137838171
3388,0.33,0.55,0.4373501718678508
3389,0.33,0.56,0.4353569467044158
3390,0.33,0.5700000000000001,0.4321372970214043
3391,0.33,0.58,0.4292835864656604
3392,0.33,0.59,0.4252189900878377
3393,0.33,0.6,0.42151602142881484
3394,0.33,0.61,0.4166225587992762
3395,0.33,0.62,0.41208490244234364
3396,0.33,0.63,0.4063819333547871
3397,0.33,0.64,0.40102744599812856
3398,0.33,0.65,0.394537532449243
3399,0.33,0.66,0.3883872874162422
3400,0.33,0.67,0.3811361037010624
3401,0.33,0.68,0.37421430869104466
3402,0.33,0.6900000000000001,0.36623053910953807
3403,0.33,0.7000000000000001,0.3585644416771171
3404,0.33,0.71,0.3498796662709022
3405,0.33,0.72,0.3414994473909828
3406,0.33,0.73,0.3321480161778258
3407,0.33,0.74,0.3230866722989541
3408,0.33,0.75,0.31310556851932836
3409,0.33,0.76,0.3033987825524101
3410,0.33,0.77,0.2928274754867259
3411,0.33,0.78,0.28251347721899145
3412,0.33,0.79,0.2713937651759163
3413,0.33,0.8,0.2605131816412469
3414,0.33,0.81,0.2488890257566687
3415,0.33,0.8200000000000001,0.2374847221328571
3416,0.33,0.8300000000000001,0.22540207165532292
3417,0.33,0.84,0.2135189832963748
3418,0.33,0.85,0.2010255930681271
3419,0.33,0.86,0.18871054931516903
3420,0.33,0.87,0.17585579018806996
3421,0.33,0.88,0.16315733063566276
3422,0.33,0.89,0.14999199358823523
3423,0.33,0.9,0.136960177513765
3424,0.33,0.91,0.12353627225919471
3425,0.33,0.92,0.1102224819513804
3426,0.33,0.93,0.09659303084654215
3427,0.33,0.9400000000000001,0.08304976959482972
3428,0.33,0.9500000000000001,0.0692685976771692
3429,0.33,0.96,0.055549283206745986
3430,0.33,0.97,0.04167080519912828
3431,0.33,0.98,0.027829559356368164
3432,0.33,0.99,0.013908564489775625
3433,0.33,1.0,0.0
3434,0.34,0.0,0.0
3435,0.34,0.01,0.013569461791149588
3436,0.34,0.02,0.02715164952713724
3437,0.34,0.03,0.04065483064706418
3438,0.34,0.04,0.05419614840916551
3439,0.34,0.05,0.06757974671510432
3440,0.34,0.06,0.08102676880527294
3441,0.34,0.07,0.09423794527281164
3442,0.34,0.08,0.10753762681570773
3443,0.34,0.09,0.12052421438339488
3444,0.34,0.1,0.13362410029003755
3445,0.34,0.11,0.14633481018483366
3446,0.34,0.12,0.15918324165904024
3447,0.34,0.13,0.17156786638148225
3448,0.34,0.14,0.18411418416195321
3449,0.34,0.15,0.19612379632114094
3450,0.34,0.16,0.20831853986681187
3451,0.34,0.17,0.21990568606989194
3452,0.34,0.18,0.23170078791392054
3453,0.34,0.19,0.2428196769326089
3454,0.34,0.2,0.2541686514509954
3455,0.34,0.21,0.26477533590879543
3456,0.34,0.22,0.27563346177304787
3457,0.34,0.23,0.2856860126211282
3458,0.34,0.24,0.296010508230462
3459,0.34,0.25,0.3054691813075814
3460,0.34,0.26,0.3152193725247676
3461,0.34,0.27,0.32404676652707987
3462,0.34,0.28,0.33318424607309916
3463,0.34,0.29,0.34134545129303173
3464,0.34,0.3,0.3498342291890181
3465,0.34,0.31,0.35729696641857484
3466,0.34,0.32,0.3651036108990052
3467,0.34,0.33,0.3718383599316552
3468,0.34,0.34,0.3789321282902154
3469,0.34,0.35000000000000003,0.3849122454968476
3470,0.34,0.36,0.3912652043657319
3471,0.34,0.37,0.39646702886381113
3472,0.34,0.38,0.40205416346824724
3473,0.34,0.39,0.4064571114491258
3474,0.34,0.4,0.4112564234214954
3475,0.34,0.41000000000000003,0.41484307024861966
3476,0.34,0.42,0.41883566363052604
3477,0.34,0.43,0.4215918133708312
3478,0.34,0.44,0.42476196847667647
3479,0.34,0.45,0.42667671057856504
3480,0.34,0.46,0.42901194544049726
3481,0.34,0.47000000000000003,0.4300776983242318
3482,0.34,0.48,0.4315688174855342
3483,0.34,0.49,0.4317813588654035
3484,0.34,0.5,0.4324224893373762
3485,0.34,0.51,0.4317809731493785
3486,0.34,0.52,0.43156958739534007
3487,0.34,0.53,0.43007654725912575
3488,0.34,0.54,0.429013473118178
3489,0.34,0.55,0.4266748123173523
3490,0.34,0.56,0.4247642298298553
3491,0.34,0.5700000000000001,0.4215891978502097
3492,0.34,0.58,0.4188386229963304
3493,0.34,0.59,0.41483977871689165
3494,0.34,0.6,0.4112600341289812
3495,0.34,0.61,0.40645319581568873
3496,0.34,0.62,0.40205836857442573
3497,0.34,0.63,0.39646255088051763
3498,0.34,0.64,0.39126993755359296
3499,0.34,0.65,0.38490727578414274
3500,0.34,0.66,0.3789373149145849
3501,0.34,0.67,0.37183297686485206
3502,0.34,0.68,0.36510916916374236
3503,0.34,0.6900000000000001,0.35729125489183017
3504,0.34,0.7000000000000001,0.3498400714369881
3505,0.34,0.71,0.34133950138051616
3506,0.34,0.72,0.3331902801685771
3507,0.34,0.73,0.3240406720624553
3508,0.34,0.74,0.3152255033064731
3509,0.34,0.75,0.3054630384041891
3510,0.34,0.76,0.29601663901230824
3511,0.34,0.77,0.2856799181562242
3512,0.34,0.78,0.2756394958689396
3513,0.34,0.79,0.2647693859957385
3514,0.34,0.8,0.25417449369962597
3515,0.34,0.81,0.24281396540509503
3516,0.34,0.8200000000000001,0.23170634617952363
3517,0.34,0.8300000000000001,0.21990030300213995
3518,0.34,0.84,0.20832372649219819
3519,0.34,0.85,0.19611882660736732
3520,0.34,0.86,0.1841189173509181
3521,0.34,0.87,0.17156338839706714
3522,0.34,0.88,0.1591874467663403
3523,0.34,0.89,0.14633089455029266
3524,0.34,0.9,0.1336277109985923
3525,0.34,0.91,0.12052092285064982
3526,0.34,0.92,0.10754058618246116
3527,0.34,0.93,0.09423532975132408
3528,0.34,0.9400000000000001,0.08102903015922115
3529,0.34,0.9500000000000001,0.06757784845323096
3530,0.34,0.96,0.05419767608738776
3531,0.34,0.97,0.040653679581544255
3532,0.34,0.98,0.02715241943722264
3533,0.34,0.99,0.013569076074983723
3534,0.34,1.0,0.0
3535,0.35000000000000003,0.0,0.0
3536,0.35000000000000003,0.01,0.01324709343510415
3537,0.35000000000000003,0.02,0.02647332618866631
3538,0.35000000000000003,0.03,0.039689000661061055
3539,0.35000000000000003,0.04,0.05284217309262169
3540,0.35000000000000003,0.05,0.06597427526904519
3541,0.35000000000000003,0.06,0.07900247377730509
3542,0.35000000000000003,0.07,0.09199918241558964
3543,0.35000000000000003,0.08,0.10485098438081704
3544,0.35000000000000003,0.09,0.11766101476389686
3545,0.35000000000000003,0.1,0.130285691587583
3546,0.35000000000000003,0.11,0.14285849780584586
3547,0.35000000000000003,0.12,0.1552062152447879
3548,0.35000000000000003,0.13,0.16749218953023362
3549,0.35000000000000003,0.14,0.17951420453238318
3550,0.35000000000000003,0.15,0.1914648728601898
3551,0.35000000000000003,0.16,0.2031137261229257
3552,0.35000000000000003,0.17,0.2146819393112241
3553,0.35000000000000003,0.18,0.2259116427991391
3554,0.35000000000000003,0.19,0.2370517623559903
3555,0.35000000000000003,0.2,0.2478179810347719
3556,0.35000000000000003,0.21,0.25848605902245025
3557,0.35000000000000003,0.22,0.26874628608790796
3558,0.35000000000000003,0.23,0.27890023829853106
3559,0.35000000000000003,0.24,0.28861396320519866
3560,0.35000000000000003,0.25,0.298213734968406
3561,0.35000000000000003,0.26,0.3073426035903296
3562,0.35000000000000003,0.27,0.316350327562993
3563,0.35000000000000003,0.28,0.3248582938501966
3564,0.35000000000000003,0.29,0.333238439169926
3565,0.35000000000000003,0.3,0.341091907697506
3566,0.35000000000000003,0.31,0.34881141991586323
3567,0.35000000000000003,0.32,0.3559793787585756
3568,0.35000000000000003,0.33,0.36300781000629423
3569,0.35000000000000003,0.34,0.3694619534097153
3570,0.35000000000000003,0.35000000000000003,0.37577158228470164
3571,0.35000000000000003,0.36,0.3814864226444225
3572,0.35000000000000003,0.37,0.38705236335372767
3573,0.35000000000000003,0.38,0.39200533205641386
3574,0.35000000000000003,0.39,0.39680563238556726
3575,0.35000000000000003,0.4,0.4009771691099171
3576,0.35000000000000003,0.41000000000000003,0.4049928968368276
3577,0.35000000000000003,0.42,0.40836652695831416
3578,0.35000000000000003,0.43,0.4115818443742134
3579,0.35000000000000003,0.44,0.41414424416480655
3580,0.35000000000000003,0.45,0.4165464704112527
3581,0.35000000000000003,0.46,0.41828751977390666
3582,0.35000000000000003,0.47000000000000003,0.4198671807525059
3583,0.35000000000000003,0.48,0.4207800032798571
3584,0.35000000000000003,0.49,0.4215308689399219
3585,0.35000000000000003,0.5,0.42161185913717236
3586,0.35000000000000003,0.51,0.4215309679958245
3587,0.35000000000000003,0.52,0.4207798055589803
3588,0.35000000000000003,0.53,0.41986747635804317
3589,0.35000000000000003,0.54,0.41828712745032837
3590,0.35000000000000003,0.55,0.41654695790455043
3591,0.35000000000000003,0.56,0.41414366342570214
3592,0.35000000000000003,0.5700000000000001,0.4115825160672133
3593,0.35000000000000003,0.58,0.40836576696228355
3594,0.35000000000000003,0.59,0.40499374213653255
3595,0.35000000000000003,0.6,0.4009762418425486
3596,0.35000000000000003,0.61,0.39680663796109955
3597,0.35000000000000003,0.62,0.3920042521412641
3598,0.35000000000000003,0.63,0.3870535133465642
3599,0.35000000000000003,0.64,0.3814852071123948
3600,0.35000000000000003,0.65,0.3757728585587721
3601,0.35000000000000003,0.66,0.3694606214304721
3602,0.35000000000000003,0.67,0.36300919243399776
3603,0.35000000000000003,0.68,0.3559779513382218
3604,0.35000000000000003,0.6900000000000001,0.34881288669549226
3605,0.35000000000000003,0.7000000000000001,0.34109040734731033
3606,0.35000000000000003,0.71,0.3332399671694922
3607,0.35000000000000003,0.72,0.3248567442315757
3608,0.35000000000000003,0.73,0.31635189268503233
3609,0.35000000000000003,0.74,0.3073410291416934
3610,0.35000000000000003,0.75,0.2982153125300098
3611,0.35000000000000003,0.76,0.2886123887565422
3612,0.35000000000000003,0.77,0.27890180342061055
3613,0.35000000000000003,0.78,0.26874473646922764
3614,0.35000000000000003,0.79,0.25848758702209423
3615,0.35000000000000003,0.8,0.24781648068448148
3616,0.35000000000000003,0.81,0.23705322913572976
3617,0.35000000000000003,0.8200000000000001,0.22591021537866104
3618,0.35000000000000003,0.8300000000000001,0.21468332173906382
3619,0.35000000000000003,0.84,0.20311239414353655
3620,0.35000000000000003,0.85,0.19146614913441362
3621,0.35000000000000003,0.86,0.17951298900019702
3622,0.35000000000000003,0.87,0.16749333952323106
3623,0.35000000000000003,0.88,0.15520513532947716
3624,0.35000000000000003,0.89,0.14285950338153666
3625,0.35000000000000003,0.9,0.13028476432006109
3626,0.35000000000000003,0.91,0.11766186006374785
3627,0.35000000000000003,0.92,0.10485022438465022
3628,0.35000000000000003,0.93,0.09199985410871382
3629,0.35000000000000003,0.9400000000000001,0.07900189303809015
3630,0.35000000000000003,0.9500000000000001,0.06597476276243781
3631,0.35000000000000003,0.96,0.0528417807689656
3632,0.35000000000000003,0.97,0.039689296266657896
3633,0.35000000000000003,0.98,0.02647312846774931
3634,0.35000000000000003,0.99,0.013247192491026948
3635,0.35000000000000003,1.0,0.0
3636,0.36,0.0,0.0
3637,0.36,0.01,0.012925841847401953
3638,0.36,0.02,0.025825006400820923
3639,0.36,0.03,0.038726514061045714
3640,0.36,0.04,0.05154809148055989
3641,0.36,0.05,0.06437435313594936
3642,0.36,0.06,0.07706773618351223
3643,0.36,0.07,0.08976814053451741
3644,0.36,0.08,0.10228322439672814
3645,0.36,0.09,0.11480766027480507
3646,0.36,0.1,0.12709504045766457
3647,0.36,0.11,0.13939409441064587
3648,0.36,0.12,0.1514052619229082
3649,0.36,0.13,0.16343041299587402
3650,0.36,0.14,0.17511794604748923
3651,0.36,0.15,0.18682175699402134
3652,0.36,0.16,0.198139508449151
3653,0.36,0.17,0.20947581262267992
3654,0.36,0.18,0.22037909246281734
3655,0.36,0.19,0.23130317565549138
3656,0.36,0.2,0.24174892772727577
3657,0.36,0.21,0.25221770424431644
3658,0.36,0.22,0.26216467658863307
3659,0.36,0.23,0.2721368588694006
3660,0.36,0.24,0.28154576695322664
3661,0.36,0.25,0.2909820280761031
3662,0.36,0.26,0.2998157102762036
3663,0.36,0.27,0.308678838712801
3664,0.36,0.28,0.31690240343069187
3665,0.36,0.29,0.3251574494456918
3666,0.36,0.3,0.3327384132661607
3667,0.36,0.31,0.34035282639216297
3668,0.36,0.32,0.3472612427329385
3669,0.36,0.33,0.35420499978491127
3670,0.36,0.34,0.36041357752266306
3671,0.36,0.35000000000000003,0.3666593006538009
3672,0.36,0.36,0.37214351225138825
3673,0.36,0.37,0.37766657659125785
3674,0.36,0.38,0.38240475529286055
3675,0.36,0.39,0.3871833857494909
3676,0.36,0.4,0.3911568114537899
3677,0.36,0.41000000000000003,0.3951721683036899
3678,0.36,0.42,0.3983651417704327
3679,0.36,0.43,0.40160139470423645
3680,0.36,0.44,0.40400129979614324
3681,0.36,0.45,0.40644569013252246
3682,0.36,0.46,0.40804304384237045
3683,0.36,0.47000000000000003,0.40968593466884834
3684,0.36,0.48,0.4104744247305078
3685,0.36,0.49,0.41130933877669285
3686,0.36,0.5,0.4112858487086888
3687,0.36,0.51,0.411309493805036
3688,0.36,0.52,0.4104741152856474
3689,0.36,0.53,0.40968639730898876
3690,0.36,0.54,0.408042429832779
3691,0.36,0.55,0.40644645308835
3692,0.36,0.56,0.40400039090511713
3693,0.36,0.5700000000000001,0.4016024459434841
3694,0.36,0.58,0.3983639523317238
3695,0.36,0.59,0.3951734912476896
3696,0.36,0.6,0.39115536022555436
3697,0.36,0.61,0.3871849595346286
3698,0.36,0.62,0.38240306516183104
3699,0.36,0.63,0.3776683763980052
3700,0.36,0.64,0.3721416098719373
3701,0.36,0.65,0.3666612980981339
3702,0.36,0.66,0.3604114928964476
3703,0.36,0.67,0.35420716336594305
3704,0.36,0.68,0.34725900873575594
3705,0.36,0.6900000000000001,0.34035512198893103
3706,0.36,0.7000000000000001,0.3327360651294785
3707,0.36,0.71,0.32515984085526617
3708,0.36,0.72,0.3168999781860262
3709,0.36,0.73,0.3086812882212259
3710,0.36,0.74,0.29981324617111027
3711,0.36,0.75,0.29098449705316826
3712,0.36,0.76,0.2815433028481145
3713,0.36,0.77,0.27213930837786277
3714,0.36,0.78,0.26216225134391213
3715,0.36,0.79,0.2522200956539632
3716,0.36,0.8,0.24174657959050536
3717,0.36,0.81,0.23130547125236217
3718,0.36,0.8200000000000001,0.22037685846551908
3719,0.36,0.8300000000000001,0.2094779762038384
3720,0.36,0.84,0.19813742382279956
3721,0.36,0.85,0.18682375443849722
3722,0.36,0.86,0.17511604366789071
3723,0.36,0.87,0.16343221280277132
3724,0.36,0.88,0.15140357179172875
3725,0.36,0.89,0.13939566819593108
3726,0.36,0.9,0.12709358922928604
3727,0.36,0.91,0.1148089832189407
3728,0.36,0.92,0.10228203495789241
3729,0.36,0.93,0.08976919177388093
3730,0.36,0.9400000000000001,0.07706682729238319
3731,0.36,0.9500000000000001,0.06437511609186534
3732,0.36,0.96,0.05154747747089601
3733,0.36,0.97,0.038726976701241506
3734,0.36,0.98,0.025824696955923095
3735,0.36,0.99,0.01292599687576399
3736,0.36,1.0,0.0
3737,0.37,0.0,0.0
3738,0.37,0.01,0.012605959063540206
3739,0.37,0.02,0.025205400529077625
3740,0.37,0.03,0.037768126889230536
3741,0.37,0.04,0.050311327536347
3742,0.37,0.05,0.06278124015779415
3743,0.37,0.06,0.07521870006590065
3744,0.37,0.07,0.08754658287965006
3745,0.37,0.08,0.09982922074452008
3746,0.37,0.09,0.11196641692861929
3747,0.37,0.1,0.12404576370635004
3748,0.37,0.11,0.1359443677795826
3749,0.37,0.12,0.1477727578946554
3750,0.37,0.13,0.15938580486406423
3751,0.37,0.14,0.17091656422809456
3752,0.37,0.15,0.18219821504250588
3753,0.37,0.16,0.19338584514314724
3754,0.37,0.17,0.20429156771917156
3755,0.37,0.18,0.21509192505441033
3756,0.37,0.19,0.22557867015861918
3757,0.37,0.2,0.23594914031030503
3758,0.37,0.21,0.2459755116013596
3759,0.37,0.22,0.255875177263179
3760,0.37,0.23,0.2654015948205454
3761,0.37,0.24,0.2747913971196772
3762,0.37,0.25,0.2837802538111133
3763,0.37,0.26,0.2926231462894093
3764,0.37,0.27,0.3010389563575532
3765,0.37,0.28,0.30930005100715235
3766,0.37,0.29,0.31710959028617247
3767,0.37,0.3,0.32475629506587356
3768,0.37,0.31,0.33192873227213676
3769,0.37,0.32,0.33893087956449036
3770,0.37,0.33,0.3454378981404347
3771,0.37,0.34,0.35176786364524393
3772,0.37,0.35000000000000003,0.35758377367297295
3773,0.37,0.36,0.3632165852705669
3774,0.37,0.37,0.3683184250109591
3775,0.37,0.38,0.3732318611680817
3776,0.37,0.39,0.37759948782228003
3777,0.37,0.4,0.38177416515455925
3778,0.37,0.41000000000000003,0.38539033448740356
3779,0.37,0.42,0.38880978413497885
3780,0.37,0.43,0.39166021864410466
3781,0.37,0.44,0.39431095116092063
3782,0.37,0.45,0.39638439652068125
3783,0.37,0.46,0.3982559550230404
3784,0.37,0.47000000000000003,0.3995442245789499
3785,0.37,0.48,0.4006292259449769
3786,0.37,0.49,0.4011272330818134
3787,0.37,0.5,0.4014213970403441
3788,0.37,0.51,0.40112717529522013
3789,0.37,0.52,0.4006293412901063
3790,0.37,0.53,0.399544052130499
3791,0.37,0.54,0.3982561838942377
3792,0.37,0.55,0.3963841121299876
3793,0.37,0.56,0.39431128994875075
3794,0.37,0.5700000000000001,0.39165982679617883
3795,0.37,0.58,0.3888102274965559
3796,0.37,0.59,0.38538984136192095
3797,0.37,0.6,0.3817747060978069
3798,0.37,0.61,0.37759890119612327
3799,0.37,0.62,0.3732324911620026
3800,0.37,0.63,0.3683177541355724
3801,0.37,0.64,0.36321729437978123
3802,0.37,0.65,0.35758302912846096
3803,0.37,0.66,0.3517686406866766
3804,0.37,0.67,0.34543709166870856
3805,0.37,0.68,0.3389317122837347
3806,0.37,0.6900000000000001,0.33192787659173667
3807,0.37,0.7000000000000001,0.3247571703304501
3808,0.37,0.71,0.3171086988916889
3809,0.37,0.72,0.3093009550136163
3810,0.37,0.73,0.3010380433068093
3811,0.37,0.74,0.29262406478103903
3812,0.37,0.75,0.28377933350346457
3813,0.37,0.76,0.2747923156113111
3814,0.37,0.77,0.2654006817697932
3815,0.37,0.78,0.2558760812696552
3816,0.37,0.79,0.24597462020685998
3817,0.37,0.8,0.2359500155749012
3818,0.37,0.81,0.2255778144781962
3819,0.37,0.8200000000000001,0.2150927577736804
3820,0.37,0.8300000000000001,0.2042907612474172
3821,0.37,0.84,0.19338662218461028
3822,0.37,0.85,0.18219747049796214
3823,0.37,0.86,0.1709172733373418
3824,0.37,0.87,0.15938513398864407
3825,0.37,0.88,0.1477733878886096
3826,0.37,0.89,0.13594378115339298
3827,0.37,0.9,0.12404630464962944
3828,0.37,0.91,0.11196592380310638
3829,0.37,0.92,0.09982966410612529
3830,0.37,0.93,0.0875461910316985
3831,0.37,0.9400000000000001,0.07521903885375363
3832,0.37,0.9500000000000001,0.06278095576708083
3833,0.37,0.96,0.05031155640756038
3834,0.37,0.97,0.037767954440767346
3835,0.37,0.98,0.025205515874215274
3836,0.37,0.99,0.012605901276942723
3837,0.37,1.0,0.0
3838,0.38,0.0,0.0
3839,0.38,0.01,0.01229426178015928
3840,0.38,0.02,0.024600114976629287
3841,0.38,0.03,0.03683426431497936
3842,0.38,0.04,0.049103146915422856
3843,0.38,0.05,0.06122889528232103
3844,0.38,0.06,0.07341239588362224
3845,0.38,0.07,0.08538187791116511
3846,0.38,0.08,0.09743192664726522
3847,0.38,0.09,0.10919788919811406
3848,0.38,0.1,0.12106694724814406
3849,0.38,0.11,0.13258293613853103
3850,0.38,0.12,0.1442241830704886
3851,0.38,0.13,0.15544472670680132
3852,0.38,0.14,0.16681224492163288
3853,0.38,0.15,0.17769303412111304
3854,0.38,0.16,0.18874198967451442
3855,0.38,0.17,0.1992400529546965
3856,0.38,0.18,0.20992687204916657
3857,0.38,0.19,0.2200007456876844
3858,0.38,0.2,0.23028328614528784
3859,0.38,0.21,0.23989317833153528
3860,0.38,0.22,0.2497308953783613
3861,0.38,0.23,0.2588388438011455
3862,0.38,0.24,0.2681929495175052
3863,0.38,0.25,0.27676297175819375
3864,0.38,0.26,0.28559658757407197
3865,0.38,0.27,0.29359482370272033
3866,0.38,0.28,0.30187312534578353
3867,0.38,0.29,0.3092679721482341
3868,0.38,0.3,0.31695832648168126
3869,0.38,0.31,0.3237205627785233
3870,0.38,0.32,0.3307926559981262
3871,0.38,0.33,0.3368955585515901
3872,0.38,0.34,0.3433215152452729
3873,0.38,0.35000000000000003,0.3487409647874402
3874,0.38,0.36,0.3544954573965742
3875,0.38,0.37,0.3592100343515851
3876,0.38,0.38,0.36427038261066985
3877,0.38,0.39,0.36826145212473105
3878,0.38,0.4,0.372607712095169
3879,0.38,0.41000000000000003,0.37585949803094704
3880,0.38,0.42,0.3794745403850366
3881,0.38,0.43,0.3819741879812817
3882,0.38,0.44,0.38484376523421454
3883,0.38,0.45,0.38658139217701204
3884,0.38,0.46,0.3886941946074069
3885,0.38,0.47000000000000003,0.3896629303061084
3886,0.38,0.48,0.3910106303492854
3887,0.38,0.49,0.39120664325773075
3888,0.38,0.5,0.39178392820038205
3889,0.38,0.51,0.3912064410722811
3890,0.38,0.52,0.39101103392225106
3891,0.38,0.53,0.3896623269383447
3892,0.38,0.54,0.3886949953887518
3893,0.38,0.55,0.3865803971424037
3894,0.38,0.56,0.38484495059513946
3895,0.38,0.5700000000000001,0.38197281697211793
3896,0.38,0.58,0.3794760916316927
3897,0.38,0.59,0.3758577726688601
3898,0.38,0.6,0.3726096047634713
3899,0.38,0.61,0.36825939961971027
3900,0.38,0.62,0.36427258685211006
3901,0.38,0.63,0.3592076870728592
3902,0.38,0.64,0.35449793844894956
3903,0.38,0.65,0.3487383597529952
3904,0.38,0.66,0.34332423398090717
3905,0.38,0.67,0.33689273684437376
3906,0.38,0.68,0.3307955695409357
3907,0.38,0.6900000000000001,0.323717568898543
3908,0.38,0.7000000000000001,0.31696138888335645
3909,0.38,0.71,0.30926485331076436
3910,0.38,0.72,0.3018762883104216
3911,0.38,0.73,0.2935916290936904
3912,0.38,0.74,0.28559980121983186
3913,0.38,0.75,0.2767597517584958
3914,0.38,0.76,0.2681961631632737
3915,0.38,0.77,0.2588356491920984
3916,0.38,0.78,0.24973405834302465
3917,0.38,0.79,0.23989005949403244
3918,0.38,0.8,0.23028634854700333
3919,0.38,0.81,0.2199977518076571
3920,0.38,0.8200000000000001,0.20992978559202877
3921,0.38,0.8300000000000001,0.1992372312474224
3922,0.38,0.84,0.18874470841021063
3923,0.38,0.85,0.17769042908660282
3924,0.38,0.86,0.16681472597407573
3925,0.38,0.87,0.15544237942800684
3926,0.38,0.88,0.14422638731199733
3927,0.38,0.89,0.13258088363344278
3928,0.38,0.9,0.1210688399165117
3929,0.38,0.91,0.10919616383596492
3930,0.38,0.92,0.09743347789397944
3931,0.38,0.93,0.08538050690194836
3932,0.38,0.9400000000000001,0.07341358124459431
3933,0.38,0.9500000000000001,0.061227900247672246
3934,0.38,0.96,0.04910394769680102
3935,0.38,0.97,0.03683366094719033
3936,0.38,0.98,0.02460051854961207
3937,0.38,0.99,0.012294059594701055
3938,0.38,1.0,0.0
3939,0.39,0.0,0.0
3940,0.39,0.01,0.012001090153382655
3941,0.39,0.02,0.02398773144027973
3942,0.39,0.03,0.035955907751912604
3943,0.39,0.04,0.04788079404030953
3944,0.39,0.05,0.059768824142950615
3945,0.39,0.06,0.07158489257800962
3946,0.39,0.07,0.0833458608412331
3947,0.39,0.08,0.09500647759308539
3948,0.39,0.09,0.10659397026223105
3949,0.39,0.1,0.1180531145873525
3950,0.39,0.11,0.12942140293518706
3951,0.39,0.12,0.14063384882465457
3952,0.39,0.13,0.15173806959327674
3953,0.39,0.14,0.16265956429062509
3954,0.39,0.15,0.1734558967119389
3955,0.39,0.16,0.18404333539559706
3956,0.39,0.17,0.19448917409227082
3957,0.39,0.18,0.20470077003260614
3958,0.39,0.19,0.2147548931177774
3959,0.39,0.2,0.2245503426365576
3960,0.39,0.21,0.23417307434956344
3961,0.39,0.22,0.24351371593009072
3962,0.39,0.23,0.25266708316713105
3963,0.39,0.24,0.26151605008633066
3964,0.39,0.25,0.2701639322091159
3965,0.39,0.26,0.27848629808838266
3966,0.39,0.27,0.28659456942038414
3967,0.39,0.28,0.29435748611990503
3968,0.39,0.29,0.3018941505687109
3969,0.39,0.3,0.30906697788018095
3970,0.39,0.31,0.31600229515554495
3971,0.39,0.32,0.3225567217805565
3972,0.39,0.33,0.32886332471089486
3973,0.39,0.34,0.33477348004668095
3974,0.39,0.35000000000000003,0.3404264825318845
3975,0.39,0.36,0.3456690388223998
3976,0.39,0.37,0.35064613399775435
3977,0.39,0.38,0.35520039844613654
3978,0.39,0.39,0.3594819466707344
3979,0.39,0.4,0.3633299431488554
3980,0.39,0.41000000000000003,0.36689904947198276
3981,0.39,0.42,0.37002558950391634
3982,0.39,0.43,0.3728681703043604
3983,0.39,0.44,0.3752609130429967
3984,0.39,0.45,0.37736575157886976
3985,0.39,0.46,0.37901525253842555
3986,0.39,0.47000000000000003,0.3803740431887792
3987,0.39,0.48,0.3812737915404237
3988,0.39,0.49,0.3818811725644625
3989,0.39,0.5,0.3820276168475081
3990,0.39,0.51,0.3818811915324244
3991,0.39,0.52,0.38127375367935784
3992,0.39,0.53,0.3803740997935287
3993,0.39,0.54,0.3790151774133855
3994,0.39,0.55,0.3773658449277162
3995,0.39,0.56,0.37526080183874916
3996,0.39,0.5700000000000001,0.3728682989251368
3997,0.39,0.58,0.37002544397421866
3998,0.39,0.59,0.3668992113362625
3999,0.39,0.6,0.36332976558879787
4000,0.39,0.61,0.3594821392258214
4001,0.39,0.62,0.3552001916559472
4002,0.39,0.63,0.35064635420693974
4003,0.39,0.64,0.3456688060632833
4004,0.39,0.65,0.3404267269223381
4005,0.39,0.66,0.3347732249893876
4006,0.39,0.67,0.3288635894284333
4007,0.39,0.68,0.32255644844749215
4008,0.39,0.6900000000000001,0.31600257602541454
4009,0.39,0.7000000000000001,0.3090666905819712
4010,0.39,0.71,0.30189444316142605
4011,0.39,0.72,0.29435718938741423
4012,0.39,0.73,0.2865948691215831
4013,0.39,0.74,0.2784859966012594
4014,0.39,0.75,0.2701642342923317
4015,0.39,0.76,0.261515748599207
4016,0.39,0.77,0.25266738286833096
4017,0.39,0.78,0.24351341919759859
4018,0.39,0.79,0.23417336694228041
4019,0.39,0.8,0.2245500553383458
4020,0.39,0.81,0.21475517398764946
4021,0.39,0.8200000000000001,0.20470049669953916
4022,0.39,0.8300000000000001,0.19448943880981223
4023,0.39,0.84,0.18404308033830066
4024,0.39,0.85,0.17345614110239585
4025,0.39,0.86,0.1626593315315053
4026,0.39,0.87,0.15173828980246573
4027,0.39,0.88,0.14063364203446177
4028,0.39,0.89,0.12942159549027746
4029,0.39,0.9,0.1180529370272917
4030,0.39,0.91,0.10659413212651397
4031,0.39,0.92,0.0950063320633849
4032,0.39,0.93,0.08334598946201206
4033,0.39,0.9400000000000001,0.07158478137375979
4034,0.39,0.9500000000000001,0.05976891749179903
4035,0.39,0.96,0.04788071891526788
4036,0.39,0.97,0.03595596435666333
4037,0.39,0.98,0.023987693579213078
4038,0.39,0.99,0.012001109121344932
4039,0.39,1.0,0.0
4040,0.4,0.0,0.0
4041,0.4,0.01,0.01170952296953731
4042,0.4,0.02,0.023401346949381584
4043,0.4,0.03,0.03508235700381362
4044,0.4,0.04,0.04671033900874799
4045,0.4,0.05,0.05831673769731028
4046,0.4,0.06,0.0698349857779491
4047,0.4,0.07,0.08132097001520387
4048,0.4,0.08,0.09268402439797538
4049,0.4,0.09,0.104004267195147
4050,0.4,0.1,0.11516727973073389
4051,0.4,0.11,0.1262771090343321
4052,0.4,0.12,0.13719602024575006
4053,0.4,0.13,0.14805159517841268
4054,0.4,0.14,0.15868330820916962
4055,0.4,0.15,0.16924179201811257
4056,0.4,0.16,0.17954434279292728
4057,0.4,0.17,0.18976407182457367
4058,0.4,0.18,0.19969679474989815
4059,0.4,0.19,0.20953744278511435
4060,0.4,0.2,0.21906113133414343
4061,0.4,0.21,0.2284838686369715
4062,0.4,0.22,0.2375609301838701
4063,0.4,0.23,0.24652857663764002
4064,0.4,0.24,0.25512318092829617
4065,0.4,0.25,0.2636003526564412
4066,0.4,0.26,0.2716785733280743
4067,0.4,0.27,0.2796318222227647
4068,0.4,0.28,0.2871617708120854
4069,0.4,0.29,0.29455971642183726
4070,0.4,0.3,0.301511668331062
4071,0.4,0.31,0.3083251215886573
4072,0.4,0.32,0.3146716335104105
4073,0.4,0.33,0.32087371181466146
4074,0.4,0.34,0.3265897301505255
4075,0.4,0.35000000000000003,0.33215596334950476
4076,0.4,0.36,0.33721892319257
4077,0.4,0.37,0.3421273500517736
4078,0.4,0.38,0.34651726434085695
4079,0.4,0.39,0.35074851911722954
4080,0.4,0.4,0.3544480576093195
4081,0.4,0.41000000000000003,0.3579854463910034
4082,0.4,0.42,0.3609800041388012
4083,0.4,0.43,0.3638095706507205
4084,0.4,0.44,0.36608732571371627
4085,0.4,0.45,0.3681979063305206
4086,0.4,0.46,0.3697498664907039
4087,0.4,0.47000000000000003,0.37113313424100813
4088,0.4,0.48,0.3719531725378982
4089,0.4,0.49,0.37260366992700245
4090,0.4,0.5,0.37268854887101216
4091,0.4,0.51,0.3726037093932045
4092,0.4,0.52,0.37195309376124924
4093,0.4,0.53,0.37113325201720865
4094,0.4,0.54,0.36974971017976066
4095,0.4,0.55,0.3681981005593188
4096,0.4,0.56,0.36608709433359565
4097,0.4,0.5700000000000001,0.36380983826901214
4098,0.4,0.58,0.36097970133850593
4099,0.4,0.59,0.35798578317828816
4100,0.4,0.6,0.3544476881641909
4101,0.4,0.61,0.35074891976217093
4102,0.4,0.62,0.3465168340772654
4103,0.4,0.63,0.3421278082359616
4104,0.4,0.64,0.33721843889602926
4105,0.4,0.65,0.3321564718471012
4106,0.4,0.66,0.3265891994586812
4107,0.4,0.67,0.3208742626063555
4108,0.4,0.68,0.31467106479259
4109,0.4,0.6900000000000001,0.308325705988135
4110,0.4,0.7000000000000001,0.30151107055628495
4111,0.4,0.71,0.2945603252127699
4112,0.4,0.72,0.28716115340761716
4113,0.4,0.73,0.2796324458041556
4114,0.4,0.74,0.271677946030752
4115,0.4,0.75,0.2636009811940393
4116,0.4,0.76,0.2551225536309733
4117,0.4,0.77,0.24652920021903194
4118,0.4,0.78,0.23756031277940023
4119,0.4,0.79,0.22848447742790626
4120,0.4,0.8,0.2190605335593639
4121,0.4,0.81,0.20953802718459513
4122,0.4,0.8200000000000001,0.19969622603207432
4123,0.4,0.8300000000000001,0.18976462261627147
4124,0.4,0.84,0.17954381210107906
4125,0.4,0.85,0.1692423005157132
4126,0.4,0.86,0.15868282391262462
4127,0.4,0.87,0.14805205336260507
4128,0.4,0.88,0.1371955899821542
4129,0.4,0.89,0.12627750967927776
4130,0.4,0.9,0.11516691028560119
4131,0.4,0.91,0.10400460398243568
4132,0.4,0.92,0.09268372159767639
4133,0.4,0.93,0.0813212376334988
4134,0.4,0.9400000000000001,0.06983475439782547
4135,0.4,0.9500000000000001,0.05831693192611099
4136,0.4,0.96,0.0467101826978026
4137,0.4,0.97,0.03508247478001583
4138,0.4,0.98,0.02340126817273146
4139,0.4,0.99,0.011709562435739918
4140,0.4,1.0,0.0
4141,0.41000000000000003,0.0,0.0
4142,0.41000000000000003,0.01,0.011425447567185103
4143,0.41000000000000003,0.02,0.022828480582116704
4144,0.41000000000000003,0.03,0.0342312520498936
4145,0.41000000000000003,0.04,0.04556686684198275
4146,0.41000000000000003,0.05,0.05690196252399595
4147,0.41000000000000003,0.06,0.06812542003010073
4148,0.41000000000000003,0.07,0.0793481087695029
4149,0.41000000000000003,0.08,0.09041511113901414
4150,0.41000000000000003,0.09,0.10148110679018137
4151,0.41000000000000003,0.1,0.11234797227120555
4152,0.41000000000000003,0.11,0.12321360840328457
4153,0.41000000000000003,0.12,0.133837443818743
4154,0.41000000000000003,0.13,0.14445984595271102
4155,0.41000000000000003,0.14,0.15479871608434917
4156,0.41000000000000003,0.15,0.1651359707853267
4157,0.41000000000000003,0.16,0.17514906399551736
4158,0.41000000000000003,0.17,0.18516038415478767
4159,0.41000000000000003,0.18,0.19480817359056812
4160,0.41000000000000003,0.19,0.20445405924707036
4161,0.41000000000000003,0.2,0.2136984589880307
4162,0.41000000000000003,0.21,0.22294085305693942
4163,0.41000000000000003,0.22,0.231745368588307
4164,0.41000000000000003,0.23,0.2405478068846174
4165,0.41000000000000003,0.24,0.24887767929909163
4166,0.41000000000000003,0.25,0.2572054342668122
4167,0.41000000000000003,0.26,0.2650277776233062
4168,0.41000000000000003,0.27,0.2728479952058275
4169,0.41000000000000003,0.28,0.2801319265001754
4170,0.41000000000000003,0.29,0.28741375561453486
4171,0.41000000000000003,0.3,0.2941305168463217
4172,0.41000000000000003,0.31,0.3008452309533089
4173,0.41000000000000003,0.32,0.3069683028041588
4174,0.41000000000000003,0.33,0.3130894130973918
4175,0.41000000000000003,0.34,0.31859461976918846
4176,0.41000000000000003,0.35000000000000003,0.32409797953931285
4177,0.41000000000000003,0.36,0.32896358433578976
4178,0.41000000000000003,0.37,0.33382748410067953
4179,0.41000000000000003,0.38,0.3380342753724738
4180,0.41000000000000003,0.39,0.3422395284006137
4181,0.41000000000000003,0.4,0.34577089551206813
4182,0.41000000000000003,0.41000000000000003,0.3493009134040258
4183,0.41000000000000003,0.42,0.3521429124196107
4184,0.41000000000000003,0.43,0.3549837704515202
4185,0.41000000000000003,0.44,0.3571251792805579
4186,0.41000000000000003,0.45,0.359265671253684
4187,0.41000000000000003,0.46,0.3606980340339351
4188,0.41000000000000003,0.47000000000000003,0.3621297164155144
4189,0.41000000000000003,0.48,0.36284737695895647
4190,0.41000000000000003,0.49,0.3635646021414571
4191,0.41000000000000003,0.5,0.3635647263090809
4192,0.41000000000000003,0.51,0.36356466485763306
4193,0.41000000000000003,0.52,0.3628472517741166
4194,0.41000000000000003,0.53,0.3621299035749708
4195,0.41000000000000003,0.54,0.3606977856384951
4196,0.41000000000000003,0.55,0.3592659799048044
4197,0.41000000000000003,0.56,0.35712481159186216
4198,0.41000000000000003,0.5700000000000001,0.35498419572669204
4199,0.41000000000000003,0.58,0.3521424312363296
4200,0.41000000000000003,0.59,0.3493014485964058
4201,0.41000000000000003,0.6,0.34577030842274936
4202,0.41000000000000003,0.61,0.34224016506989835
4203,0.41000000000000003,0.62,0.33803359163586655
4204,0.41000000000000003,0.63,0.3338282122062138
4205,0.41000000000000003,0.64,0.3289628147348287
4206,0.41000000000000003,0.65,0.32409878759843763
4207,0.41000000000000003,0.66,0.3185937764409403
4208,0.41000000000000003,0.67,0.31309028836653224
4209,0.41000000000000003,0.68,0.3069673990484137
4210,0.41000000000000003,0.6900000000000001,0.3008461596289478
4211,0.41000000000000003,0.7000000000000001,0.2941295669158476
4212,0.41000000000000003,0.71,0.2874147230509027
4213,0.41000000000000003,0.72,0.28013094537594335
4214,0.41000000000000003,0.73,0.2728489861458749
4215,0.41000000000000003,0.74,0.2650267807782312
4216,0.41000000000000003,0.75,0.2572064330828227
4217,0.41000000000000003,0.76,0.24887668245401617
4218,0.41000000000000003,0.77,0.2405487978246659
4219,0.41000000000000003,0.78,0.2317443874640734
4220,0.41000000000000003,0.79,0.22294182049330927
4221,0.41000000000000003,0.8,0.21369750905755422
4222,0.41000000000000003,0.81,0.20445498792271208
4223,0.41000000000000003,0.8200000000000001,0.19480726983481989
4224,0.41000000000000003,0.8300000000000001,0.18516125942393163
4225,0.41000000000000003,0.84,0.17514822066726543
4226,0.41000000000000003,0.85,0.16513677884445555
4227,0.41000000000000003,0.86,0.154797946483384
4228,0.41000000000000003,0.87,0.1444605740582494
4229,0.41000000000000003,0.88,0.1338367600821316
4230,0.41000000000000003,0.89,0.12321424507257313
4231,0.41000000000000003,0.9,0.11234738518188292
4232,0.41000000000000003,0.91,0.10148164198256497
4233,0.41000000000000003,0.92,0.09041462995572963
4234,0.41000000000000003,0.93,0.07934853404467791
4235,0.41000000000000003,0.9400000000000001,0.06812505234140229
4236,0.41000000000000003,0.9500000000000001,0.0569022711751187
4237,0.41000000000000003,0.96,0.045566618446540835
4238,0.41000000000000003,0.97,0.034231439209351455
4239,0.41000000000000003,0.98,0.02282835539727587
4240,0.41000000000000003,0.99,0.011425510283361582
4241,0.41000000000000003,1.0,0.0
4242,0.42,0.0,0.0
4243,0.42,0.01,0.011143105264613517
4244,0.42,0.02,0.022279949775147814
4245,0.42,0.03,0.033385338909955924
4246,0.42,0.04,0.04447197104314104
4247,0.42,0.05,0.05549581546248953
4248,0.42,0.06,0.06648848230612958
4249,0.42,0.07,0.07738727470483386
4250,0.42,0.08,0.0882425947154534
4251,0.42,0.09,0.09897332079157964
4252,0.42,0.1,0.10964845497809332
4253,0.42,0.11,0.12016876321826685
4254,0.42,0.12,0.13062158417645747
4255,0.42,0.13,0.14088995303320115
4256,0.42,0.14,0.1510792111643977
4257,0.42,0.15,0.1610551129651738
4258,0.42,0.16,0.17094059922375263
4259,0.42,0.17,0.180584660164167
4260,0.42,0.18,0.19012736469230548
4261,0.42,0.19,0.1994015202812841
4262,0.42,0.2,0.20856378630572506
4263,0.42,0.21,0.21743143164833093
4264,0.42,0.22,0.22617710403269858
4265,0.42,0.23,0.23460323835655414
4266,0.42,0.24,0.24289780622392415
4267,0.42,0.25,0.25084917107785837
4268,0.42,0.26,0.2586599039417421
4269,0.42,0.27,0.2661051145202087
4270,0.42,0.28,0.27340119138776914
4271,0.42,0.29,0.2803108604616799
4272,0.42,0.3,0.28706349140075527
4273,0.42,0.31,0.2934103453645394
4274,0.42,0.32,0.29959288505579545
4275,0.42,0.33,0.3053518716316122
4276,0.42,0.34,0.3109399244587654
4277,0.42,0.35000000000000003,0.3160883116317433
4278,0.42,0.36,0.321059827896162
4279,0.42,0.37,0.3255772936891832
4280,0.42,0.38,0.32991265657015617
4281,0.42,0.39,0.3337813693029095
4282,0.42,0.4,0.33746347222133344
4283,0.42,0.41000000000000003,0.34066816093598334
4284,0.42,0.42,0.3436824750170165
4285,0.42,0.43,0.3462104897917263
4286,0.42,0.44,0.3485451211609422
4287,0.42,0.45,0.3503864830724944
4288,0.42,0.46,0.35203221976008725
4289,0.42,0.47000000000000003,0.3531796602978015
4290,0.42,0.48,0.3541300085662967
4291,0.42,0.49,0.35457899834119566
4292,0.42,0.5,0.3548302082937355
4293,0.42,0.51,0.3545789749292802
4294,0.42,0.52,0.3541300552977316
4295,0.42,0.53,0.3531795904312747
4296,0.42,0.54,0.3520323124859746
4297,0.42,0.55,0.35038636785319327
4298,0.42,0.56,0.3485452584189393
4299,0.42,0.5700000000000001,0.3462103310367281
4300,0.42,0.58,0.34368265464248277
4301,0.42,0.59,0.34066796114894904
4302,0.42,0.6,0.3374636913814679
4303,0.42,0.61,0.33378113163460005
4304,0.42,0.62,0.3299129118086727
4305,0.42,0.63,0.32557702188776966
4306,0.42,0.64,0.32106011518779676
4307,0.42,0.65,0.31608800998369646
4308,0.42,0.66,0.3109402392727576
4309,0.42,0.67,0.30535154489410193
4310,0.42,0.68,0.29959322242734043
4311,0.42,0.6900000000000001,0.2934099986904114
4312,0.42,0.7000000000000001,0.28706384600930224
4313,0.42,0.71,0.28031049931819224
4314,0.42,0.72,0.2734015576409295
4315,0.42,0.73,0.2661047446028098
4316,0.42,0.74,0.2586602760634847
4317,0.42,0.75,0.2508487982203667
4318,0.42,0.76,0.24289817834566682
4319,0.42,0.77,0.234602868439155
4320,0.42,0.78,0.22617747028585922
4321,0.42,0.79,0.21743107050484275
4322,0.42,0.8,0.20856414091427253
4323,0.42,0.81,0.19940117360715542
4324,0.42,0.8200000000000001,0.19012770206385113
4325,0.42,0.8300000000000001,0.18058433342665595
4326,0.42,0.84,0.1709409140377456
4327,0.42,0.85,0.1610548113171261
4328,0.42,0.86,0.15107949845603325
4329,0.42,0.87,0.14088968123178672
4330,0.42,0.88,0.13062183941497488
4331,0.42,0.89,0.12016852554995641
4332,0.42,0.9,0.10964867413822867
4333,0.42,0.91,0.09897312100454445
4334,0.42,0.92,0.08824277434092037
4335,0.42,0.93,0.07738711594983483
4336,0.42,0.9400000000000001,0.06648861956412729
4337,0.42,0.9500000000000001,0.05549570024318784
4338,0.42,0.96,0.04447206376902882
4339,0.42,0.97,0.033385269043428804
4340,0.42,0.98,0.022279996506583036
4341,0.42,0.99,0.011143081852697844
4342,0.42,1.0,0.0
4343,0.43,0.0,0.0
4344,0.43,0.01,0.010862119967510147
4345,0.43,0.02,0.02175582880628921
4346,0.43,0.03,0.03254349099770542
4347,0.43,0.04,0.04342579945080553
4348,0.43,0.05,0.05409642451441086
4349,0.43,0.06,0.06492439258077691
4350,0.43,0.07,0.0754358588438912
4351,0.43,0.08,0.08616676512484203
4352,0.43,0.09,0.09647757497984691
4353,0.43,0.1,0.10706908509754504
4354,0.43,0.11,0.1171385289889815
4355,0.43,0.12,0.12754886241510316
4356,0.43,0.13,0.13733717977728005
4357,0.43,0.14,0.14752527441735255
4358,0.43,0.15,0.15699381092298612
4359,0.43,0.16,0.16691948481163787
4360,0.43,0.17,0.17603084530571622
4361,0.43,0.18,0.18565495478033245
4362,0.43,0.19,0.19437315128962399
4363,0.43,0.2,0.20365774502455658
4364,0.43,0.21,0.21194833925190676
4365,0.43,0.22,0.2208568075523815
4366,0.43,0.23,0.22868704728610456
4367,0.43,0.24,0.23718426606022266
4368,0.43,0.25,0.24452321495242105
4369,0.43,0.26,0.25257568380108464
4370,0.43,0.27,0.25939434399453265
4371,0.43,0.28,0.266970317882638
4372,0.43,0.29,0.2732417449938527
4373,0.43,0.3,0.2803113589916
4374,0.43,0.31,0.2860107689877831
4375,0.43,0.32,0.2925461555983387
4376,0.43,0.33,0.29765102313789454
4377,0.43,0.34,0.3036264217568012
4378,0.43,0.35000000000000003,0.3081165695969872
4379,0.43,0.36,0.31350842767954656
4380,0.43,0.37,0.3173661067903595
4381,0.43,0.38,0.3221531723355733
4382,0.43,0.39,0.32536313239607595
4383,0.43,0.4,0.3295265373895223
4384,0.43,0.41000000000000003,0.3320760873813093
4385,0.43,0.42,0.33559942187441477
4386,0.43,0.43,0.33747848052665236
4387,0.43,0.44,0.34034785706606707
4388,0.43,0.45,0.3415489929473473
4389,0.43,0.46,0.3437531011054154
4390,0.43,0.47000000000000003,0.3442715621993671
4391,0.43,0.48,0.3458017129948675
4392,0.43,0.49,0.3456354456388896
4393,0.43,0.5,0.3464856056761665
4394,0.43,0.51,0.34563526278561324
4395,0.43,0.52,0.3458020779797819
4396,0.43,0.53,0.3442710165232435
4397,0.43,0.54,0.34375382531921395
4398,0.43,0.55,0.34154809305401496
4399,0.43,0.56,0.3403489290874655
4400,0.43,0.5700000000000001,0.3374772406079666
4401,0.43,0.58,0.3356008247969955
4402,0.43,0.59,0.3320745269915284
4403,0.43,0.6,0.32952824908835804
4404,0.43,0.61,0.325361276143479
4405,0.43,0.62,0.3221551658161508
4406,0.43,0.63,0.31736398394915877
4407,0.43,0.64,0.3135106715034865
4408,0.43,0.65,0.3081142136456563
4409,0.43,0.66,0.3036288805376599
4410,0.43,0.67,0.2976484712311931
4411,0.43,0.68,0.29254879055967326
4412,0.43,0.6900000000000001,0.28600806137080426
4413,0.43,0.7000000000000001,0.2803141285784962
4414,0.43,0.71,0.2732389243673335
4415,0.43,0.72,0.26697317841705603
4416,0.43,0.73,0.2593914548414383
4417,0.43,0.74,0.25257859017068807
4418,0.43,0.75,0.2445203028364217
4419,0.43,0.76,0.23718717242982656
4420,0.43,0.77,0.22868415813300927
4421,0.43,0.78,0.220859668086801
4422,0.43,0.79,0.2119455186253857
4423,0.43,0.8,0.20366051461145518
4424,0.43,0.81,0.1943704436726423
4425,0.43,0.8200000000000001,0.18565758974167018
4426,0.43,0.8300000000000001,0.1760282933990113
4427,0.43,0.84,0.16692194359250034
4428,0.43,0.85,0.15699145497165118
4429,0.43,0.86,0.14752751824129662
4430,0.43,0.87,0.13733505693607514
4431,0.43,0.88,0.1275508558956847
4432,0.43,0.89,0.11713667273638058
4433,0.43,0.9,0.10707079679638441
4434,0.43,0.91,0.09647601459006253
4435,0.43,0.92,0.08616816804742589
4436,0.43,0.93,0.07543461892520247
4437,0.43,0.9400000000000001,0.06492546460217798
4438,0.43,0.9500000000000001,0.05409552462107626
4439,0.43,0.96,0.04342652366460582
4440,0.43,0.97,0.03254294532158049
4441,0.43,0.98,0.02175619379120443
4442,0.43,0.99,0.01086193711423337
4443,0.43,1.0,0.0
4444,0.44,0.0,0.0
4445,0.44,0.01,0.010598156484694195
4446,0.44,0.02,0.02122414214072151
4447,0.44,0.03,0.0317526425173324
4448,0.44,0.04,0.042364523995316226
4449,0.44,0.05,0.05278181282499735
4450,0.44,0.06,0.06333771581435955
4451,0.44,0.07,0.07360267322356995
4452,0.44,0.08,0.08406094761777667
4453,0.44,0.09,0.0941330516992531
4454,0.44,0.1,0.10445243582452095
4455,0.44,0.11,0.11429192272901671
4456,0.44,0.12,0.12443170599062792
4457,0.44,0.13,0.13399972707493077
4458,0.44,0.14,0.14391991038232882
4459,0.44,0.15,0.15317868578993296
4460,0.44,0.16,0.1628401391312657
4461,0.44,0.17,0.17175310719545042
4462,0.44,0.18,0.18111772374414759
4463,0.44,0.19,0.18964968561906537
4464,0.44,0.2,0.1986805317693246
4465,0.44,0.21,0.2067977907129734
4466,0.44,0.22,0.21545925145761513
4467,0.44,0.23,0.22312974621119802
4468,0.44,0.24,0.23138766529416524
4469,0.44,0.25,0.238581097025253
4470,0.44,0.26,0.24640291132199266
4471,0.44,0.27,0.25309086362401534
4472,0.44,0.28,0.2604457312259961
4473,0.44,0.29,0.26660178269380796
4474,0.44,0.3,0.2734607041984118
4475,0.44,0.31,0.2790605331288871
4476,0.44,0.32,0.28539646566275706
4477,0.44,0.33,0.29041794646047964
4478,0.44,0.34,0.29620590999300744
4479,0.44,0.35000000000000003,0.30062920089398076
4480,0.44,0.36,0.3058463764278609
4481,0.44,0.37,0.30965399818866535
4482,0.44,0.38,0.3142798174462189
4483,0.44,0.39,0.31745672268202835
4484,0.44,0.4,0.3214729489391778
4485,0.44,0.41000000000000003,0.32400658183138453
4486,0.44,0.42,0.3273973815856231
4487,0.44,0.43,0.329277727718343
4488,0.44,0.44,0.3320297329126577
4489,0.44,0.45,0.33324935903694247
4490,0.44,0.46,0.33535171959828636
4491,0.44,0.47000000000000003,0.33590580316328916
4492,0.44,0.48,0.3373502296517219
4493,0.44,0.49,0.3372365779831783
4494,0.44,0.5,0.3380173741860673
4495,0.44,0.51,0.33723643323408764
4496,0.44,0.52,0.3373505185786448
4497,0.44,0.53,0.3359053711987968
4498,0.44,0.54,0.3353522928955818
4499,0.44,0.55,0.33324864666938653
4500,0.44,0.56,0.33203058153908493
4501,0.44,0.5700000000000001,0.32927674618218544
4502,0.44,0.58,0.3273984921578364
4503,0.44,0.59,0.3240053466060368
4504,0.44,0.6,0.32147430394279
4505,0.44,0.61,0.317455253247732
4506,0.44,0.62,0.31428139551201373
4507,0.44,0.63,0.3096523177192769
4508,0.44,0.64,0.30584815266879806
4509,0.44,0.65,0.3006273358915065
4510,0.44,0.66,0.29620785639670627
4511,0.44,0.67,0.2904159263371226
4512,0.44,0.68,0.28539855153326854
4513,0.44,0.6900000000000001,0.2790583897431994
4514,0.44,0.7000000000000001,0.27346289664031187
4515,0.44,0.71,0.2665995498482623
4516,0.44,0.72,0.2604479956631666
4517,0.44,0.73,0.2530885765319195
4518,0.44,0.74,0.24640521204290675
4519,0.44,0.75,0.2385787917554155
4520,0.44,0.76,0.23138996601507966
4521,0.44,0.77,0.22312745911910145
4522,0.44,0.78,0.21546151589478663
4523,0.44,0.79,0.20679555786742626
4524,0.44,0.8,0.19868272421122635
4525,0.44,0.81,0.18964754223337585
4526,0.44,0.8200000000000001,0.181119809614661
4527,0.44,0.8300000000000001,0.1717510870720913
4528,0.44,0.84,0.16284208553496668
4529,0.44,0.85,0.15317682078745648
4530,0.44,0.86,0.14392168662326826
4531,0.44,0.87,0.13399804660554016
4532,0.44,0.88,0.124433284056425
4533,0.44,0.89,0.11429045329471818
4534,0.44,0.9,0.10445379082813527
4535,0.44,0.91,0.09413181647390338
4536,0.44,0.92,0.08406205818999178
4537,0.44,0.93,0.07360169168741074
4538,0.44,0.9400000000000001,0.06333856444078817
4539,0.44,0.9500000000000001,0.05278110045744025
4540,0.44,0.96,0.042365097292612605
4541,0.44,0.97,0.03175221055283935
4542,0.44,0.98,0.021224431067644788
4543,0.44,0.99,0.010598011735603298
4544,0.44,1.0,0.0
4545,0.45,0.0,0.0
4546,0.45,0.01,0.01035390195109908
4547,0.45,0.02,0.020678873335981778
4548,0.45,0.03,0.03102084409483127
4549,0.45,0.04,0.04127613588303912
4550,0.45,0.05,0.051565362220150165
4551,0.45,0.06,0.061710498944140775
4552,0.45,0.07,0.07190637720174442
4553,0.45,0.08,0.08190131673471301
4554,0.45,0.09,0.09196361302014643
4555,0.45,0.1,0.10176890466556646
4556,0.45,0.11,0.11165791356389031
4557,0.45,0.12,0.12123485383189705
4558,0.45,0.13,0.13091155501251406
4559,0.45,0.14,0.14022234046705426
4560,0.45,0.15,0.14964855256772994
4561,0.45,0.16,0.15865642913965208
4562,0.45,0.17,0.16779496032238134
4563,0.45,0.18,0.1764643684973036
4564,0.45,0.19,0.185279163083871
4565,0.45,0.2,0.1935758783896905
4566,0.45,0.21,0.2020321590004822
4567,0.45,0.22,0.20992342723771823
4568,0.45,0.23,0.21798783187529194
4569,0.45,0.24,0.2254424985540205
4570,0.45,0.25,0.2330832120930549
4571,0.45,0.26,0.24007184556291156
4572,0.45,0.27,0.2472587251303546
4573,0.45,0.28,0.25375373291487313
4574,0.45,0.29,0.26045842666829955
4575,0.45,0.3,0.26643416454161595
4576,0.45,0.31,0.2726302233798949
4577,0.45,0.32,0.27806309675247554
4578,0.45,0.33,0.2837260785207306
4579,0.45,0.34,0.2885946357311703
4580,0.45,0.35000000000000003,0.2937022015115812
4581,0.45,0.36,0.2979872186535366
4582,0.45,0.37,0.3025192207646655
4583,0.45,0.38,0.3062037777115182
4584,0.45,0.39,0.3101423390714246
4585,0.45,0.4,0.3132118863961668
4586,0.45,0.41000000000000003,0.3165414709384776
4587,0.45,0.42,0.3189838874624493
4588,0.45,0.43,0.3216913613296376
4589,0.45,0.44,0.3234970020709633
4590,0.45,0.45,0.3255716853452374
4591,0.45,0.46,0.32673341967596925
4592,0.45,0.47000000000000003,0.32816712844523116
4593,0.45,0.48,0.328680368305142
4594,0.45,0.49,0.3294674468993091
4595,0.45,0.5,0.32933016495384354
4596,0.45,0.51,0.32946750822529064
4597,0.45,0.52,0.3286802458952046
4598,0.45,0.53,0.3281673114560284
4599,0.45,0.54,0.3267331767865723
4600,0.45,0.55,0.3255719871546607
4601,0.45,0.56,0.3234966425326178
4602,0.45,0.5700000000000001,0.3216917771779719
4603,0.45,0.58,0.31898341694528964
4604,0.45,0.59,0.3165419942675465
4605,0.45,0.6,0.3132113123205297
4606,0.45,0.61,0.3101429616280159
4607,0.45,0.62,0.3062031091309193
4608,0.45,0.63,0.3025199327306899
4609,0.45,0.64,0.29798646611189145
4610,0.45,0.65,0.2937029916589093
4611,0.45,0.66,0.2885938110965101
4612,0.45,0.67,0.28372693438826685
4613,0.45,0.68,0.2780622130297816
4614,0.45,0.6900000000000001,0.27263113147009704
4615,0.45,0.7000000000000001,0.266433235667723
4616,0.45,0.71,0.2604593726600427
4617,0.45,0.72,0.2537527735386772
4618,0.45,0.73,0.247259694104784
4619,0.45,0.74,0.24007087081434833
4620,0.45,0.75,0.23308418876886497
4621,0.45,0.76,0.22544152380545718
4622,0.45,0.77,0.21798880084972155
4623,0.45,0.78,0.20992246786152202
4624,0.45,0.79,0.20203310499222576
4625,0.45,0.8,0.19357494951579707
4626,0.45,0.81,0.1852800711740736
4627,0.45,0.8200000000000001,0.17646348477460916
4628,0.45,0.8300000000000001,0.16779581618991807
4629,0.45,0.84,0.15865560450499144
4630,0.45,0.85,0.14964934271505848
4631,0.45,0.86,0.14022158792540865
4632,0.45,0.87,0.13091226697853897
4633,0.45,0.88,0.12123418525129775
4634,0.45,0.89,0.11165853612048204
4635,0.45,0.9,0.10176833058992893
4636,0.45,0.91,0.09196413634921566
4637,0.45,0.92,0.08190084621755298
4638,0.45,0.93,0.0719067930500791
4639,0.45,0.9400000000000001,0.06171013940579496
4640,0.45,0.9500000000000001,0.05156566402957362
4641,0.45,0.96,0.041275892993642045
4642,0.45,0.97,0.03102102710562858
4643,0.45,0.98,0.02067875092604432
4644,0.45,0.99,0.010353963277080639
4645,0.45,1.0,0.0
4646,0.46,0.0,0.0
4647,0.46,0.01,0.01010236765800854
4648,0.46,0.02,0.02017334457505605
4649,0.46,0.03,0.03026723390829009
4650,0.46,0.04,0.040267073448678845
4651,0.46,0.05,0.050312650300615706
4652,0.46,0.06,0.06020188513768786
4653,0.46,0.07,0.07015950743966111
4654,0.46,0.08,0.07989910535515185
4655,0.46,0.09,0.08972947952452498
4656,0.46,0.1,0.09928099751277059
4657,0.46,0.11,0.10894533345421123
4658,0.46,0.12,0.11827106952205883
4659,0.46,0.13,0.1277312336213364
4660,0.46,0.14,0.13679437568336508
4661,0.46,0.15,0.1460130411913393
4662,0.46,0.16,0.1547778124711541
4663,0.46,0.17,0.1637186066862208
4664,0.46,0.18,0.17215040704808482
4665,0.46,0.19,0.18077805471825104
4666,0.46,0.2,0.1888435973691265
4667,0.46,0.21,0.19712405975004596
4668,0.46,0.22,0.20479150277016334
4669,0.46,0.23,0.21269211179281086
4670,0.46,0.24,0.21993118397311115
4671,0.46,0.25,0.2274207709942387
4672,0.46,0.26,0.23420289148135748
4673,0.46,0.27,0.2412519101113776
4674,0.46,0.28,0.2475503013851768
4675,0.46,0.29,0.2541309439115709
4676,0.46,0.3,0.2599207376464814
4677,0.46,0.31,0.2660070445961426
4678,0.46,0.32,0.2712653799856511
4679,0.46,0.33,0.2768333423966371
4680,0.46,0.34,0.2815394565500299
4681,0.46,0.35000000000000003,0.28656711055191836
4682,0.46,0.36,0.29070242060375945
4683,0.46,0.37,0.29516993393605256
4684,0.46,0.38,0.2987181105417017
4685,0.46,0.39,0.30260786067140155
4686,0.46,0.4,0.3055548925960353
4687,0.46,0.41000000000000003,0.3088515361284817
4688,0.46,0.42,0.3111857856724341
4689,0.46,0.43,0.31387631878363736
4690,0.46,0.44,0.31558856782327993
4691,0.46,0.45,0.31766237747716086
4692,0.46,0.46,0.3187458639378476
4693,0.46,0.47000000000000003,0.3201947696878778
4694,0.46,0.48,0.3206452143035418
4695,0.46,0.49,0.3214635005151269
4696,0.46,0.5,0.3212791237677697
4697,0.46,0.51,0.3214635621351904
4698,0.46,0.52,0.320645091306601
4699,0.46,0.53,0.32019495357628314
4700,0.46,0.54,0.3187456198837012
4701,0.46,0.55,0.317662680733878
4702,0.46,0.56,0.3155882065608077
4703,0.46,0.5700000000000001,0.3138767366261267
4704,0.46,0.58,0.31118531289896106
4705,0.46,0.59,0.30885206196711756
4706,0.46,0.6,0.30555431576748154
4707,0.46,0.61,0.30260848621339453
4708,0.46,0.62,0.29871743875499807
4709,0.46,0.63,0.29517064931623177
4710,0.46,0.64,0.29070166445338347
4711,0.46,0.65,0.28656790448831115
4712,0.46,0.66,0.2815386279609247
4713,0.46,0.67,0.2768342023683923
4714,0.46,0.68,0.2712644920251619
4715,0.46,0.6900000000000001,0.2660079570409917
4716,0.46,0.7000000000000001,0.25991980431827555
4717,0.46,0.71,0.2541318944397136
4718,0.46,0.72,0.24754933740839766
4719,0.46,0.73,0.2412528837324174
4720,0.46,0.74,0.23420191205849467
4721,0.46,0.75,0.2274217523535902
4722,0.46,0.76,0.2199302045502483
4723,0.46,0.77,0.2126930854138507
4724,0.46,0.78,0.20479053879338413
4725,0.46,0.79,0.1971250102781888
4726,0.46,0.8,0.18884266404092057
4727,0.46,0.81,0.1807789671631002
4728,0.46,0.8200000000000001,0.17214951908759552
4729,0.46,0.8300000000000001,0.163719466657976
4730,0.46,0.84,0.15477698388204875
4731,0.46,0.85,0.14601383512773222
4732,0.46,0.86,0.13679361953298894
4733,0.46,0.87,0.12773194900151585
4734,0.46,0.88,0.11827039773535496
4735,0.46,0.89,0.10894595899620446
4736,0.46,0.9,0.0992804206842166
4737,0.46,0.91,0.08973000536316107
4738,0.46,0.92,0.07989863258167865
4739,0.46,0.93,0.07015992528215062
4740,0.46,0.9400000000000001,0.060201523875215567
4741,0.46,0.9500000000000001,0.05031295355733295
4742,0.46,0.96,0.04026682939453246
4743,0.46,0.97,0.03026741779669547
4744,0.46,0.98,0.02017322157811525
4745,0.46,0.99,0.010102429278072067
4746,0.46,1.0,0.0
4747,0.47000000000000003,0.0,0.0
4748,0.47000000000000003,0.01,0.009848154697774293
4749,0.47000000000000003,0.02,0.019697744222874975
4750,0.47000000000000003,0.03,0.029505597759954694
4751,0.47000000000000003,0.04,0.03931775077963095
4752,0.47000000000000003,0.05,0.049046595212307864
4753,0.47000000000000003,0.06,0.058782588793980704
4754,0.47000000000000003,0.07,0.06839402734380419
4755,0.47000000000000003,0.08,0.07801543975862363
4756,0.47000000000000003,0.09,0.08747153837017779
4757,0.47000000000000003,0.1,0.09694040069782288
4758,0.47000000000000003,0.11,0.10620383778018823
4759,0.47000000000000003,0.12,0.11548278371703954
4760,0.47000000000000003,0.13,0.12451699747745684
4761,0.47000000000000003,0.14,0.13356941075751225
4762,0.47000000000000003,0.15,0.1423387435451224
4763,0.47000000000000003,0.16,0.15112890239259077
4764,0.47000000000000003,0.17,0.15959874148178763
4765,0.47000000000000003,0.18,0.1680919595261394
4766,0.47000000000000003,0.19,0.17622887378300053
4767,0.47000000000000003,0.2,0.18439163688133203
4768,0.47000000000000003,0.21,0.19216350877273056
4769,0.47000000000000003,0.22,0.1999636072005523
4770,0.47000000000000003,0.23,0.20733975962384021
4771,0.47000000000000003,0.24,0.2147464151137615
4772,0.47000000000000003,0.25,0.2216977325452819
4773,0.47000000000000003,0.26,0.22868171967346326
4774,0.47000000000000003,0.27,0.23518076315651243
4775,0.47000000000000003,0.28,0.24171452459911005
4776,0.47000000000000003,0.29,0.247735640116248
4777,0.47000000000000003,0.3,0.2537933953222932
4778,0.47000000000000003,0.31,0.2593128151229939
4779,0.47000000000000003,0.32,0.26487066197613773
4780,0.47000000000000003,0.33,0.26986659845857786
4781,0.47000000000000003,0.34,0.27490260752778584
4782,0.47000000000000003,0.35000000000000003,0.2793553393029805
4783,0.47000000000000003,0.36,0.28384964031147586
4784,0.47000000000000003,0.37,0.28774159010886985
4785,0.47000000000000003,0.38,0.2916764502812763
4786,0.47000000000000003,0.39,0.2949922543871613
4787,0.47000000000000003,0.4,0.29835214836677887
4788,0.47000000000000003,0.41000000000000003,0.3010787173204074
4789,0.47000000000000003,0.42,0.3038503883817267
4790,0.47000000000000003,0.43,0.305976958688596
4791,0.47000000000000003,0.44,0.3081494710044065
4792,0.47000000000000003,0.45,0.30966764766175264
4793,0.47000000000000003,0.46,0.31123242941937485
4794,0.47000000000000003,0.47000000000000003,0.31213621908530964
4795,0.47000000000000003,0.48,0.3130870962824635
4796,0.47000000000000003,0.49,0.31337293095724983
4797,0.47000000000000003,0.5,0.3137061517447061
4798,0.47000000000000003,0.51,0.31337290287026764
4799,0.47000000000000003,0.52,0.3130871523455814
4800,0.47000000000000003,0.53,0.3121361352673115
4801,0.47000000000000003,0.54,0.3112325406614618
4802,0.47000000000000003,0.55,0.3096675094345985
4803,0.47000000000000003,0.56,0.30814963567110826
4804,0.47000000000000003,0.5700000000000001,0.30597676823221065
4805,0.47000000000000003,0.58,0.3038506038761511
4806,0.47000000000000003,0.59,0.3010784776384019
4807,0.47000000000000003,0.6,0.29835241129045
4808,0.47000000000000003,0.61,0.294991969259464
4809,0.47000000000000003,0.62,0.29167675648773095
4810,0.47000000000000003,0.63,0.2877412640321148
4811,0.47000000000000003,0.64,0.28384998497165526
4812,0.47000000000000003,0.65,0.279354977419593
4813,0.47000000000000003,0.66,0.2749029852061931
4814,0.47000000000000003,0.67,0.269866206475675
4815,0.47000000000000003,0.68,0.2648710667165587
4816,0.47000000000000003,0.6900000000000001,0.25931239922238036
4817,0.47000000000000003,0.7000000000000001,0.2537938207417297
4818,0.47000000000000003,0.71,0.2477352068569248
4819,0.47000000000000003,0.72,0.24171496398844344
4820,0.47000000000000003,0.73,0.2351803193712379
4821,0.47000000000000003,0.74,0.22868216610326125
4822,0.47000000000000003,0.75,0.22169728523281496
4823,0.47000000000000003,0.76,0.21474686154355951
4824,0.47000000000000003,0.77,0.20733931583856569
4825,0.47000000000000003,0.78,0.19996404658988567
4826,0.47000000000000003,0.79,0.19216307551340733
4827,0.47000000000000003,0.8,0.18439206230076857
4828,0.47000000000000003,0.81,0.17622845788238695
4829,0.47000000000000003,0.8200000000000001,0.1680923642665604
4830,0.47000000000000003,0.8300000000000001,0.1595983494988848
4831,0.47000000000000003,0.84,0.15112928007099807
4832,0.47000000000000003,0.85,0.1423383816617349
4833,0.47000000000000003,0.86,0.13356975541769173
4834,0.47000000000000003,0.87,0.12451667140070183
4835,0.47000000000000003,0.88,0.11548308992349426
4836,0.47000000000000003,0.89,0.10620355265249093
4837,0.47000000000000003,0.9,0.09694066362149412
4838,0.47000000000000003,0.91,0.08747129868817233
4839,0.47000000000000003,0.92,0.07801565525304803
4840,0.47000000000000003,0.93,0.06839383688741894
4841,0.47000000000000003,0.9400000000000001,0.0587827534606825
4842,0.47000000000000003,0.9500000000000001,0.04904645698515383
4843,0.47000000000000003,0.96,0.03931786202171786
4844,0.47000000000000003,0.97,0.029505513941956635
4845,0.47000000000000003,0.98,0.01969780028599286
4846,0.47000000000000003,0.99,0.00984812661079211
4847,0.47000000000000003,1.0,0.0
4848,0.48,0.0,0.0
4849,0.48,0.01,0.009607380808714852
4850,0.48,0.02,0.01921925358615198
4851,0.48,0.03,0.02878422630133074
4852,0.48,0.04,0.03836265792203663
4853,0.48,0.05,0.04784747305999578
4854,0.48,0.06,0.05735466309400013
4855,0.48,0.07,0.06672188680643683
4856,0.48,0.08,0.07612031668036116
4857,0.48,0.09,0.08533297851412597
4858,0.48,0.1,0.09458555954892081
4859,0.48,0.11,0.10360729838777145
4860,0.48,0.12,0.11267751812933202
4861,0.48,0.13,0.12147272574113116
4862,0.48,0.14,0.13032479200694472
4863,0.48,0.15,0.1388587536290543
4864,0.48,0.16,0.14745773570320145
4865,0.48,0.17,0.15569676711036554
4866,0.48,0.18,0.16400873353059472
4867,0.48,0.19,0.17192031404334893
4868,0.48,0.2,0.17991246643752107
4869,0.48,0.21,0.18746536734506844
4870,0.48,0.22,0.1951061697899701
4871,0.48,0.23,0.20227057767945808
4872,0.48,0.24,0.20952988107274606
4873,0.48,0.25,0.2162775155768995
4874,0.48,0.26,0.22312667653269086
4875,0.48,0.27,0.22943090202972277
4876,0.48,0.28,0.2358428958300098
4877,0.48,0.29,0.24167882665355878
4878,0.48,0.3,0.2476283538111138
4879,0.48,0.31,0.2529729525535542
4880,0.48,0.32,0.2584365385672087
4881,0.48,0.33,0.2632687070869411
4882,0.48,0.34,0.26822479499697344
4883,0.48,0.35000000000000003,0.272525457769125
4884,0.48,0.36,0.2769544931488657
4885,0.48,0.37,0.2807066726290992
4886,0.48,0.38,0.28459118067865385
4887,0.48,0.39,0.28778006438137266
4888,0.48,0.4,0.29110471882044936
4889,0.48,0.41000000000000003,0.29371771784548084
4890,0.48,0.42,0.29646940133457195
4891,0.48,0.43,0.2984962001102686
4892,0.48,0.44,0.3006640559627532
4893,0.48,0.45,0.30209665300824456
4894,0.48,0.46,0.3036721279902111
4895,0.48,0.47000000000000003,0.30450486753512496
4896,0.48,0.48,0.30548174558473773
4897,0.48,0.49,0.30571133992094635
4898,0.48,0.5,0.30608576665485576
4899,0.48,0.51,0.30571130913154504
4900,0.48,0.52,0.3054818070420286
4901,0.48,0.53,0.3045047756524883
4902,0.48,0.54,0.3036722499355746
4903,0.48,0.55,0.3020965014814167
4904,0.48,0.56,0.30066423647303825
4905,0.48,0.5700000000000001,0.298495991328918
4906,0.48,0.58,0.2964696375630234
4907,0.48,0.59,0.29371745510221425
4908,0.48,0.6,0.2911050070416034
4909,0.48,0.61,0.28777975181980836
4910,0.48,0.62,0.2845915163470908
4911,0.48,0.63,0.28070631517851974
4912,0.48,0.64,0.2769548709708936
4913,0.48,0.65,0.2725250610667395
4914,0.48,0.66,0.26822520901411345
4915,0.48,0.67,0.2632682773889831
4916,0.48,0.68,0.25843698225016326
4917,0.48,0.6900000000000001,0.2529724966366173
4918,0.48,0.7000000000000001,0.2476288201627375
4919,0.48,0.71,0.24167835170772534
4920,0.48,0.72,0.23584337749565895
4921,0.48,0.73,0.22943041554517232
4922,0.48,0.74,0.2231271659162105
4923,0.48,0.75,0.21627702522578401
4924,0.48,0.76,0.2095303704562657
4925,0.48,0.77,0.20227009119490763
4926,0.48,0.78,0.19510665145561934
4927,0.48,0.79,0.1874648923992349
4928,0.48,0.8,0.1799129327891448
4929,0.48,0.81,0.17191985812641192
4930,0.48,0.8200000000000001,0.1640091772135493
4931,0.48,0.8300000000000001,0.1556963374124075
4932,0.48,0.84,0.14745814972034157
4933,0.48,0.85,0.13885835692666867
4934,0.48,0.86,0.13032516982897283
4935,0.48,0.87,0.12147236829055157
4936,0.48,0.88,0.11267785379776901
4937,0.48,0.89,0.10360698582620706
4938,0.48,0.9,0.09458584777007495
4939,0.48,0.91,0.08533271577085934
4940,0.48,0.92,0.07612055290881266
4941,0.48,0.93,0.06672167802508626
4942,0.48,0.9400000000000001,0.05735484360428518
4943,0.48,0.9500000000000001,0.047847321533167904
4944,0.48,0.96,0.03836277986740021
4945,0.48,0.97,0.028784134418694124
4946,0.48,0.98,0.019219315043442875
4947,0.48,0.99,0.00960735001931356
4948,0.48,1.0,0.0
4949,0.49,0.0,0.0
4950,0.49,0.01,0.009374560360817767
4951,0.49,0.02,0.01874825434757015
4952,0.49,0.03,0.028086683879718376
4953,0.49,0.04,0.037422518091755126
4954,0.49,0.05,0.046687961802981535
4955,0.49,0.06,0.055949092633263114
4956,0.49,0.07,0.065104983199138
4957,0.49,0.08,0.07425486222862972
4958,0.49,0.09,0.08326506432048632
4959,0.49,0.1,0.09226758254178062
4960,0.49,0.11,0.10109653545544808
4961,0.49,0.12,0.10991616575668707
4962,0.49,0.13,0.11852902377882446
4963,0.49,0.14,0.12713096112594746
4964,0.49,0.15,0.13549373108363158
4965,0.49,0.16,0.14384402984813877
4966,0.49,0.17,0.15192370529839547
4967,0.49,0.18,0.1599894131891585
4968,0.49,0.19,0.16775410471831728
4969,0.49,0.2,0.1755033927894379
4970,0.49,0.21,0.18292245390747852
4971,0.49,0.22,0.19032474212974057
4972,0.49,0.23,0.19736889026213186
4973,0.49,0.24,0.2043949681631487
4974,0.49,0.25,0.21103640026198425
4975,0.49,0.26,0.21765854215964356
4976,0.49,0.27,0.22387104447708225
4977,0.49,0.28,0.2300631188522542
4978,0.49,0.29,0.2358221704422905
4979,0.49,0.3,0.24155974301991046
4980,0.49,0.31,0.24684261255924267
4981,0.49,0.32,0.25210304269171185
4982,0.49,0.33,0.2568888782368455
4983,0.49,0.34,0.26165140821011873
4984,0.49,0.35000000000000003,0.26592131953573384
4985,0.49,0.36,0.270167156446371
4986,0.49,0.37,0.27390428963928887
4987,0.49,0.38,0.2776166795200365
4988,0.49,0.39,0.28080628353372006
4989,0.49,0.4,0.28397057743573556
4990,0.49,0.41000000000000003,0.286600062342036
4991,0.49,0.42,0.2892037741135591
4992,0.49,0.43,0.291262760821246
4993,0.49,0.44,0.29329561635522716
4994,0.49,0.45,0.29477597759858426
4995,0.49,0.46,0.296229955355378
4996,0.49,0.47000000000000003,0.2971258477906725
4997,0.49,0.48,0.2979952104362596
4998,0.49,0.49,0.29830309771907193
4999,0.49,0.5,0.29858441475424796
5000,0.49,0.51,0.2983030815063268
5001,0.49,0.52,0.2979952427977655
5002,0.49,0.53,0.2971257994081219
5003,0.49,0.54,0.2962300195680296
5004,0.49,0.55,0.29477589780924973
5005,0.49,0.56,0.2932957114063526
5006,0.49,0.5700000000000001,0.2912626508834532
5007,0.49,0.58,0.28920389850414535
5008,0.49,0.59,0.2865999239895693
5009,0.49,0.6,0.28397072920406874
5010,0.49,0.61,0.2808061189484807
5011,0.49,0.62,0.2776168562726394
5012,0.49,0.63,0.27390410141688437
5013,0.49,0.64,0.27016735539574943
5014,0.49,0.65,0.26592111064454393
5015,0.49,0.66,0.2616516262187222
5016,0.49,0.67,0.256888651971209
5017,0.49,0.68,0.25210327632141444
5018,0.49,0.6900000000000001,0.2468423724875039
5019,0.49,0.7000000000000001,0.2415599885862321
5020,0.49,0.71,0.23582192035052416
5021,0.49,0.72,0.23006337248246736
5022,0.49,0.73,0.2238707883093849
5023,0.49,0.74,0.21765879985384828
5024,0.49,0.75,0.21103614205827353
5025,0.49,0.76,0.20439522585735345
5026,0.49,0.77,0.1973686340944345
5027,0.49,0.78,0.19032499575995382
5028,0.49,0.79,0.18292220381571214
5029,0.49,0.8,0.1755036383557596
5030,0.49,0.81,0.16775386464657846
5031,0.49,0.8200000000000001,0.15998964681886105
5032,0.49,0.8300000000000001,0.15192347903275893
5033,0.49,0.84,0.14384424785674224
5034,0.49,0.85,0.13549352219244157
5035,0.49,0.86,0.12713116007532596
5036,0.49,0.87,0.11852883555641985
5037,0.49,0.88,0.10991634250929001
5038,0.49,0.89,0.10109637087020862
5039,0.49,0.9,0.09226773431011392
5040,0.49,0.91,0.08326492596801954
5041,0.49,0.92,0.07425498661921606
5042,0.49,0.93,0.06510487326134497
5043,0.49,0.9400000000000001,0.055949187684388675
5044,0.49,0.9500000000000001,0.0466878820136469
5045,0.49,0.96,0.03742258230440684
5046,0.49,0.97,0.02808663549716763
5047,0.49,0.98,0.018748286709076144
5048,0.49,0.99,0.009374544148072626
5049,0.49,1.0,0.0
5050,0.5,0.0,0.0
5051,0.5,0.01,0.009148878138391988
5052,0.5,0.02,0.018285806121899856
5053,0.5,0.03,0.02741052800117973
5054,0.5,0.04,0.036499446464556044
5055,0.5,0.05,0.04556400111705334
5056,0.5,0.06,0.05456904005497645
5057,0.5,0.07,0.06353765407596267
5058,0.5,0.08,0.07242327440865795
5059,0.5,0.09,0.08126055313366992
5060,0.5,0.1,0.0899916869682316
5061,0.5,0.11,0.09866275415400215
5062,0.5,0.12,0.10720494318779246
5063,0.5,0.13,0.11567557864562063
5064,0.5,0.14,0.1239951101654297
5065,0.5,0.15,0.1322318848039279
5066,0.5,0.16,0.14029592474404223
5067,0.5,0.17,0.14826633248844617
5068,0.5,0.18,0.15604305502235807
5069,0.5,0.19,0.16371564108993164
5070,0.5,0.2,0.1711743542440825
5071,0.5,0.21,0.17851883926955106
5072,0.5,0.22,0.18563010606318311
5073,0.5,0.23,0.19261750558452068
5074,0.5,0.24,0.19935326021735458
5075,0.5,0.25,0.20595599905057474
5076,0.5,0.26,0.21228965767956223
5077,0.5,0.27,0.21848167873134303
5078,0.5,0.28,0.22438824439909102
5079,0.5,0.29,0.23014511148802094
5080,0.5,0.3,0.23560127278855963
5081,0.5,0.31,0.24090026706944043
5082,0.5,0.32,0.24588449016172256
5083,0.5,0.33,0.2507046997726085
5084,0.5,0.34,0.2551973133783843
5085,0.5,0.35000000000000003,0.25951971595678114
5086,0.5,0.36,0.26350298900718455
5087,0.5,0.37,0.26731052674996497
5088,0.5,0.38,0.27076873837417165
5089,0.5,0.39,0.27404638534518
5090,0.5,0.4,0.276965886924729
5091,0.5,0.41000000000000003,0.2797007083446274
5092,0.5,0.42,0.28206997738833167
5093,0.5,0.43,0.28425118067286675
5094,0.5,0.44,0.2860608662995322
5095,0.5,0.45,0.28767984364494564
5096,0.5,0.46,0.2889228034942629
5097,0.5,0.47000000000000003,0.28997316584190597
5098,0.5,0.48,0.29064449426773076
5099,0.5,0.49,0.291122096513943
5100,0.5,0.5,0.2912191439486082
5101,0.5,0.51,0.29112210130044336
5102,0.5,0.52,0.2906444847136201
5103,0.5,0.53,0.28997318012592144
5104,0.5,0.54,0.28892278453671544
5105,0.5,0.55,0.2876798672012085
5106,0.5,0.56,0.28606083823751977
5107,0.5,0.5700000000000001,0.2842512131298808
5108,0.5,0.58,0.2820699406644091
5109,0.5,0.59,0.279700749190526
5110,0.5,0.6,0.2769658421180544
5111,0.5,0.61,0.27404643393579897
5112,0.5,0.62,0.2707686861913731
5113,0.5,0.63,0.2673105823190014
5114,0.5,0.64,0.26350293027121596
5115,0.5,0.65,0.2595197776278779
5116,0.5,0.66,0.25519724901554697
5117,0.5,0.67,0.2507047665731757
5118,0.5,0.68,0.2458844211870569
5119,0.5,0.6900000000000001,0.24090033794599316
5120,0.5,0.7000000000000001,0.23560120028983728
5121,0.5,0.71,0.23014518532279363
5122,0.5,0.72,0.22438816951966023
5123,0.5,0.73,0.21848175435991712
5124,0.5,0.74,0.2122895816003163
5125,0.5,0.75,0.20595607528024257
5126,0.5,0.76,0.19935318413810862
5127,0.5,0.77,0.19261758121309489
5128,0.5,0.78,0.18563003118375226
5129,0.5,0.79,0.1785189131043238
5130,0.5,0.8,0.17117428174536017
5131,0.5,0.81,0.16371571196648438
5132,0.5,0.8200000000000001,0.15604298604769246
5133,0.5,0.8300000000000001,0.14826639928901336
5134,0.5,0.84,0.14029586038120498
5135,0.5,0.85,0.1322319464750247
5136,0.5,0.86,0.12399505142946116
5137,0.5,0.87,0.115675634214657
5138,0.5,0.88,0.10720489100499396
5139,0.5,0.89,0.0986628027446212
5140,0.5,0.9,0.08999164216155707
5141,0.5,0.91,0.08126059397956853
5142,0.5,0.92,0.07242323768473541
5143,0.5,0.93,0.06353768653297666
5144,0.5,0.9400000000000001,0.05456901199296409
5145,0.5,0.9500000000000001,0.0455640246733162
5146,0.5,0.96,0.03649942750700856
5147,0.5,0.97,0.027410542285195114
5148,0.5,0.98,0.018285796567789104
5149,0.5,0.99,0.00914888292489244
5150,0.5,1.0,0.0
5151,0.51,0.0,0.0
5152,0.51,0.01,0.00893016278846264
5153,0.51,0.02,0.017831695314103134
5154,0.51,0.03,0.026755245264608634
5155,0.51,0.04,0.03559301673011966
5156,0.51,0.05,0.04447473752412349
5157,0.51,0.06,0.053213868088999236
5158,0.51,0.07,0.062018709159410615
5159,0.51,0.08,0.07062470761356958
5160,0.51,0.09,0.07931792244924761
5161,0.51,0.1,0.08775682236331712
5162,0.51,0.11,0.09630410560339876
5163,0.51,0.12,0.10454259941787744
5164,0.51,0.13,0.11291022219542912
5165,0.51,0.14,0.1209157927189209
5166,0.51,0.15,0.1290707357204665
5167,0.51,0.16,0.1368117845172583
5168,0.51,0.17,0.14472186823389238
5169,0.51,0.18,0.15216784039328826
5170,0.51,0.19,0.1598018520502947
5171,0.51,0.2,0.16692335684427873
5172,0.51,0.21,0.17425117350939714
5173,0.51,0.22,0.1810201004613185
5174,0.51,0.23,0.18801280784697696
5175,0.51,0.24,0.19440243775197513
5176,0.51,0.25,0.2010324442438803
5177,0.51,0.26,0.2070175547016232
5178,0.51,0.27,0.21325870016499543
5179,0.51,0.28,0.2188156652069129
5180,0.51,0.29,0.2246433241423023
5181,0.51,0.3,0.22975020755877607
5182,0.51,0.31,0.23514138620171174
5183,0.51,0.32,0.23977802819954247
5184,0.51,0.33,0.2447114551821607
5185,0.51,0.34,0.24885955202897012
5186,0.51,0.35000000000000003,0.2533157622471508
5187,0.51,0.36,0.25695893858709107
5188,0.51,0.37,0.2609203499433983
5189,0.51,0.38,0.26404422349752255
5190,0.51,0.39,0.26749520621829276
5191,0.51,0.4,0.27008744461307105
5192,0.51,0.41000000000000003,0.2730143828672125
5193,0.51,0.42,0.2750647523658417
5194,0.51,0.43,0.27745609794318604
5195,0.51,0.44,0.27895650388640986
5196,0.51,0.45,0.28080282172467125
5197,0.51,0.46,0.2817473405206742
5198,0.51,0.47000000000000003,0.28304134590211044
5199,0.51,0.48,0.2834262484385412
5200,0.51,0.49,0.28416283571013545
5201,0.51,0.5,0.283986602095323
5202,0.51,0.51,0.28416286479960357
5203,0.51,0.52,0.28342619037440775
5204,0.51,0.53,0.2830414327117565
5205,0.51,0.54,0.28174722530811336
5206,0.51,0.55,0.2808029648854553
5207,0.51,0.56,0.27895633334239267
5208,0.51,0.5700000000000001,0.2774562951973769
5209,0.51,0.58,0.2750645291799491
5210,0.51,0.59,0.27301463110399393
5211,0.51,0.6,0.27008717230507784
5212,0.51,0.61,0.2674955015228222
5213,0.51,0.62,0.2640439063618886
5214,0.51,0.63,0.2609206876585471
5215,0.51,0.64,0.25695858162523477
5216,0.51,0.65,0.25331613704694916
5217,0.51,0.66,0.24885916087039311
5218,0.51,0.67,0.24471186115579202
5219,0.51,0.68,0.23977760901304918
5220,0.51,0.6900000000000001,0.23514181694672937
5221,0.51,0.7000000000000001,0.2297497669551879
5222,0.51,0.71,0.22464377286559997
5223,0.51,0.72,0.21881521013481162
5224,0.51,0.73,0.21325915978993867
5225,0.51,0.74,0.20701709233776772
5226,0.51,0.75,0.20103290752190922
5227,0.51,0.76,0.19440197538811957
5228,0.51,0.77,0.1880132674719203
5229,0.51,0.78,0.1810196453892171
5230,0.51,0.79,0.1742516222326949
5231,0.51,0.8,0.16692291624069047
5232,0.51,0.81,0.15980228279531242
5233,0.51,0.8200000000000001,0.15216742120679494
5234,0.51,0.8300000000000001,0.14472227420752382
5235,0.51,0.84,0.13681139335868125
5236,0.51,0.85,0.12907111052026507
5237,0.51,0.86,0.12091543575706458
5238,0.51,0.87,0.11291055991057804
5239,0.51,0.88,0.10454228228224353
5240,0.51,0.89,0.09630440090792838
5241,0.51,0.9,0.08775655005532404
5242,0.51,0.91,0.07931817068602906
5243,0.51,0.92,0.07062448442767705
5244,0.51,0.93,0.06201890641360161
5245,0.51,0.9400000000000001,0.05321369754498208
5246,0.51,0.9500000000000001,0.04447488068490758
5247,0.51,0.96,0.03559290151755893
5248,0.51,0.97,0.026755332074254734
5249,0.51,0.98,0.01783163724996973
5250,0.51,0.99,0.008930191877930772
5251,0.51,1.0,0.0
5252,0.52,0.0,0.0
5253,0.52,0.01,0.008705046345436172
5254,0.52,0.02,0.017412102183454795
5255,0.52,0.03,0.02608078411482283
5256,0.52,0.04,0.03475548691514186
5257,0.52,0.05,0.04335359270420182
5258,0.52,0.06,0.051961707937147494
5259,0.52,0.07,0.060455304073289445
5260,0.52,0.08,0.06896286030902765
5261,0.52,0.09,0.07731842543061167
5262,0.52,0.1,0.08569184839517022
5263,0.52,0.11,0.0938764055990784
5264,0.52,0.12,0.10208265065831816
5265,0.52,0.13,0.11006389766530032
5266,0.52,0.14,0.1180705802142706
5267,0.52,0.15,0.1258170168760563
5268,0.52,0.16,0.13359254011950555
5269,0.52,0.17,0.14107359276407927
5270,0.52,0.18,0.14858727238425126
5271,0.52,0.19,0.15577341450810658
5272,0.52,0.2,0.16299559972829283
5273,0.52,0.21,0.16985846855884468
5274,0.52,0.22,0.17676065912543804
5275,0.52,0.23,0.18327316759302584
5276,0.52,0.24,0.1898281262149683
5277,0.52,0.25,0.19596456989196295
5278,0.52,0.26,0.20214642969443986
5279,0.52,0.27,0.20788258827880288
5280,0.52,0.28,0.21366695484773485
5281,0.52,0.29,0.21898018778989065
5282,0.52,0.3,0.22434423540513562
5283,0.52,0.31,0.22921357130012424
5284,0.52,0.32,0.2341361329782369
5285,0.52,0.33,0.2385423523697231
5286,0.52,0.34,0.24300400336154476
5287,0.52,0.35000000000000003,0.2469297146302711
5288,0.52,0.36,0.2509128490444349
5289,0.52,0.37,0.2543425570810223
5290,0.52,0.38,0.25783145733156093
5291,0.52,0.39,0.2607516247220685
5292,0.52,0.4,0.2637325235265955
5293,0.52,0.41000000000000003,0.2661316240088398
5294,0.52,0.42,0.26859275869312993
5295,0.52,0.43,0.27046132267231965
5296,0.52,0.44,0.2723929815674232
5297,0.52,0.45,0.2737236335110558
5298,0.52,0.46,0.2751181942602305
5299,0.52,0.47000000000000003,0.2759056818243126
5300,0.52,0.48,0.2767576414489182
5301,0.52,0.49,0.2769988562202721
5302,0.52,0.5,0.27730485282622386
5303,0.52,0.51,0.27699884259880353
5304,0.52,0.52,0.27675766863809753
5305,0.52,0.53,0.27590564117472566
5306,0.52,0.54,0.2751182482097995
5307,0.52,0.55,0.2737235664744188
5308,0.52,0.56,0.27239306142656494
5309,0.52,0.5700000000000001,0.27046123030584046
5310,0.52,0.58,0.2685928632024181
5311,0.52,0.59,0.2661315077691928
5312,0.52,0.6,0.26373265103785626
5313,0.52,0.61,0.26075148644242235
5314,0.52,0.62,0.2578316058338656
5315,0.52,0.63,0.25434239894212973
5316,0.52,0.64,0.2509130161958133
5317,0.52,0.65,0.24692953912607687
5318,0.52,0.66,0.2430041865259198
5319,0.52,0.67,0.23854216226803326
5320,0.52,0.68,0.2341363292669969
5321,0.52,0.6900000000000001,0.22921336959895602
5322,0.52,0.7000000000000001,0.2243444417226896
5323,0.52,0.71,0.21897997767019192
5324,0.52,0.72,0.21366716794033183
5325,0.52,0.73,0.2078823730542868
5326,0.52,0.74,0.20214664620148218
5327,0.52,0.75,0.19596435295684878
5328,0.52,0.76,0.18982834272201066
5329,0.52,0.77,0.18327295236850985
5330,0.52,0.78,0.176760872218035
5331,0.52,0.79,0.16985825843914604
5332,0.52,0.8,0.16299580604584685
5333,0.52,0.81,0.15577321280693845
5334,0.52,0.8200000000000001,0.14858746867301129
5335,0.52,0.8300000000000001,0.14107340266238957
5336,0.52,0.84,0.13359272328388058
5337,0.52,0.85,0.12581684137186222
5338,0.52,0.86,0.11807074736564896
5339,0.52,0.87,0.1100637395264079
5340,0.52,0.88,0.10208279916062278
5341,0.52,0.89,0.09387626731943242
5342,0.52,0.9,0.08569197590643106
5343,0.52,0.91,0.07731830919096476
5344,0.52,0.92,0.06896296481831594
5345,0.52,0.93,0.06045521170681025
5346,0.52,0.9400000000000001,0.05196178779628937
5347,0.52,0.9500000000000001,0.04335352566756488
5348,0.52,0.96,0.03475554086471094
5349,0.52,0.97,0.02608074346523596
5350,0.52,0.98,0.017412129372634137
5351,0.52,0.99,0.00870503272396765
5352,0.52,1.0,0.0
5353,0.53,0.0,0.0
5354,0.53,0.01,0.008492888128798746
5355,0.53,0.02,0.016987797670545642
5356,0.53,0.03,0.02544514676780393
5357,0.53,0.04,0.0339085524027581
5358,0.53,0.05,0.04229698483085082
5359,0.53,0.06,0.05069548584397545
5360,0.53,0.07,0.05898189567796427
5361,0.53,0.08,0.0672823477687138
5362,0.53,0.09,0.07543403145999701
5363,0.53,0.1,0.08360367753596551
5364,0.53,0.11,0.09158846299203578
5365,0.53,0.12,0.09959506243046912
5366,0.53,0.13,0.10738143600114275
5367,0.53,0.14,0.11519339186842682
5368,0.53,0.15,0.12275062273710934
5369,0.53,0.16,0.13033710646446517
5370,0.53,0.17,0.13763536795320203
5371,0.53,0.18,0.14496644097691175
5372,0.53,0.19,0.15197692828610132
5373,0.53,0.2,0.1590236601726171
5374,0.53,0.21,0.1657187040902888
5375,0.53,0.22,0.17245328668049206
5376,0.53,0.23,0.17880646281191942
5377,0.53,0.24,0.18520231993454264
5378,0.53,0.25,0.19118855302060928
5379,0.53,0.26,0.1972204453423476
5380,0.53,0.27,0.20281610825444363
5381,0.53,0.28,0.208460232853494
5382,0.53,0.29,0.21364323987371428
5383,0.53,0.3,0.2188773241443173
5384,0.53,0.31,0.22362721816227957
5385,0.53,0.32,0.22843060768021237
5386,0.53,0.33,0.2327286409618242
5387,0.53,0.34,0.2370823809646205
5388,0.53,0.35000000000000003,0.24091158917350336
5389,0.53,0.36,0.24479849933436168
5390,0.53,0.37,0.24814376851328712
5391,0.53,0.38,0.2515485107140714
5392,0.53,0.39,0.25439663696157727
5393,0.53,0.4,0.2573057757979122
5394,0.53,0.41000000000000003,0.2596455174041284
5395,0.53,0.42,0.2620475731842366
5396,0.53,0.43,0.2638696950197539
5397,0.53,0.44,0.2657551890482599
5398,0.53,0.45,0.26705249903049627
5399,0.53,0.46,0.26841399099881946
5400,0.53,0.47000000000000003,0.2691813684916599
5401,0.53,0.48,0.27001348582771134
5402,0.53,0.49,0.2702479018620923
5403,0.53,0.5,0.27054736092366516
5404,0.53,0.51,0.2702478901591151
5405,0.53,0.52,0.27001350918747935
5406,0.53,0.53,0.26918133356729135
5407,0.53,0.54,0.2684140373499579
5408,0.53,0.55,0.2670524414355145
5409,0.53,0.56,0.26575525765978375
5410,0.53,0.5700000000000001,0.26386961566246614
5411,0.53,0.58,0.262047662974101
5412,0.53,0.59,0.25964541753604653
5413,0.53,0.6,0.2573058853500775
5414,0.53,0.61,0.2543965181576806
5415,0.53,0.62,0.2515486383008344
5416,0.53,0.63,0.24814363264718417
5417,0.53,0.64,0.2447986429436029
5418,0.53,0.65,0.24091143838788368
5419,0.53,0.66,0.23708253833153653
5420,0.53,0.67,0.23272847763466709
5421,0.53,0.68,0.22843077632303285
5422,0.53,0.6900000000000001,0.22362704486935178
5423,0.53,0.7000000000000001,0.2188775014034443
5424,0.53,0.71,0.21364305934794886
5425,0.53,0.72,0.2084604159334451
5426,0.53,0.73,0.20281592334283977
5427,0.53,0.74,0.19722063135584267
5428,0.53,0.75,0.1911883666393334
5429,0.53,0.76,0.18520250594803775
5430,0.53,0.77,0.17880627790031556
5431,0.53,0.78,0.1724534697604432
5432,0.53,0.79,0.16571852356452346
5433,0.53,0.8,0.15902383743174414
5434,0.53,0.81,0.1519767549931736
5435,0.53,0.8200000000000001,0.14496660961973235
5436,0.53,0.8300000000000001,0.13763520462604495
5437,0.53,0.84,0.13033726383138125
5438,0.53,0.85,0.12275047195148973
5439,0.53,0.86,0.11519353547766813
5440,0.53,0.87,0.10738130013503992
5441,0.53,0.88,0.09959519001723215
5442,0.53,0.89,0.09158834418813933
5443,0.53,0.9,0.08360378708813081
5444,0.53,0.91,0.07543393159191533
5445,0.53,0.92,0.06728243755857824
5446,0.53,0.93,0.05898181632067668
5447,0.53,0.9400000000000001,0.050695554455499274
5448,0.53,0.9500000000000001,0.042296927235869156
5449,0.53,0.96,0.033908598753896575
5450,0.53,0.97,0.025445111843435446
5451,0.53,0.98,0.016987821030313623
5452,0.53,0.99,0.008492876425821609
5453,0.53,1.0,0.0
5454,0.54,0.0,0.0
5455,0.54,0.01,0.008289583075464114
5456,0.54,0.02,0.016566471435417666
5457,0.54,0.03,0.024836034055088756
5458,0.54,0.04,0.03306756252479299
5459,0.54,0.05,0.04128446863222851
5460,0.54,0.06,0.049438150949256646
5461,0.54,0.07,0.05756997240044234
5462,0.54,0.08,0.06561362942595707
5463,0.54,0.09,0.07362827396474263
5464,0.54,0.1,0.08153016068426783
5465,0.54,0.11,0.08939599859066752
5466,0.54,0.12,0.09712492940307069
5467,0.54,0.13,0.10481091831468774
5468,0.54,0.14,0.11233639011482138
5469,0.54,0.15,0.11981219752888725
5470,0.54,0.16,0.127104510098023
5471,0.54,0.17,0.13434063307071809
5472,0.54,0.18,0.14137100629951171
5473,0.54,0.19,0.14833888787031407
5474,0.54,0.2,0.15507957535152148
5475,0.54,0.21,0.161751717233272
5476,0.54,0.22,0.1681761157757484
5477,0.54,0.23,0.17452618686587335
5478,0.54,0.24,0.18060894149747042
5479,0.54,0.25,0.1866118817823049
5480,0.54,0.26,0.19232898582707458
5481,0.54,0.27,0.19796110526942215
5482,0.54,0.28,0.2032899951039671
5483,0.54,0.29,0.20852906712383398
5484,0.54,0.3,0.21344871123864087
5485,0.54,0.31,0.21827406041842387
5486,0.54,0.32,0.2227650424324892
5487,0.54,0.33,0.2271576261006905
5488,0.54,0.34,0.23120222140161575
5489,0.54,0.35000000000000003,0.23514470477331034
5490,0.54,0.36,0.23872695048020517
5491,0.54,0.37,0.24220377505791005
5492,0.54,0.38,0.24530953303080422
5493,0.54,0.39,0.24830697799598456
5494,0.54,0.4,0.25092399064290133
5495,0.54,0.41000000000000003,0.25343022699600026
5496,0.54,0.42,0.2555481656572846
5497,0.54,0.43,0.257553302892764
5498,0.54,0.44,0.25916380861156973
5499,0.54,0.45,0.2606599337438929
5500,0.54,0.46,0.26175665026179923
5501,0.54,0.47000000000000003,0.2627378590484541
5502,0.54,0.48,0.2633164578958892
5503,0.54,0.49,0.26377887813432116
5504,0.54,0.5,0.2638370757166908
5505,0.54,0.51,0.2637788825232737
5506,0.54,0.52,0.2633164491353052
5507,0.54,0.53,0.26273787214609534
5508,0.54,0.54,0.261756632878791
5509,0.54,0.55,0.2606599553436652
5510,0.54,0.56,0.2591637828802777
5511,0.54,0.5700000000000001,0.2575533326540261
5512,0.54,0.58,0.25554813198350657
5513,0.54,0.59,0.2534302644493992
5514,0.54,0.6,0.2509239495576928
5515,0.54,0.61,0.24830702255085788
5516,0.54,0.62,0.2453094851821036
5517,0.54,0.63,0.24220382601160081
5518,0.54,0.64,0.2387268966226151
5519,0.54,0.65,0.23514476132224835
5520,0.54,0.66,0.2312021623845025
5521,0.54,0.67,0.22715768735306527
5522,0.54,0.68,0.22276497918658797
5523,0.54,0.6900000000000001,0.21827412540824886
5524,0.54,0.7000000000000001,0.21344864476137726
5525,0.54,0.71,0.20852913482618082
5526,0.54,0.72,0.2032899264437273
5527,0.54,0.73,0.19796117461658444
5528,0.54,0.74,0.19232891606667152
5529,0.54,0.75,0.18661195168063643
5530,0.54,0.76,0.18060887173706738
5531,0.54,0.77,0.17452625621303566
5532,0.54,0.78,0.16817604711550857
5533,0.54,0.79,0.16175178493561895
5534,0.54,0.8,0.15507950887425784
5535,0.54,0.81,0.14833895286013912
5536,0.54,0.8200000000000001,0.1413709430536105
5537,0.54,0.8300000000000001,0.1343406943230929
5538,0.54,0.84,0.1271044510809098
5539,0.54,0.85,0.1198122540778253
5540,0.54,0.86,0.11233633625723134
5541,0.54,0.87,0.1048109692683785
5542,0.54,0.88,0.09712488155437021
5543,0.54,0.89,0.08939604314554085
5544,0.54,0.9,0.08153011959905947
5545,0.54,0.91,0.07362831141814155
5546,0.54,0.92,0.0656135957521791
5547,0.54,0.93,0.057570002161704395
5548,0.54,0.9400000000000001,0.04943812521796467
5549,0.54,0.9500000000000001,0.041284490232000814
5550,0.54,0.96,0.033067545141784845
5551,0.54,0.97,0.024836047152729995
5552,0.54,0.98,0.016566462674833773
5553,0.54,0.99,0.00828958746441666
5554,0.54,1.0,0.0
5555,0.55,0.0,0.0
5556,0.55,0.01,0.00808837356885646
5557,0.55,0.02,0.016161128210088763
5558,0.55,0.03,0.024233199629917292
5559,0.55,0.04,0.03225847575340618
5560,0.55,0.05,0.04028238843831941
5561,0.55,0.06,0.04822851367754894
5562,0.55,0.07,0.056172601252783574
5563,0.55,0.08,0.06400821546542901
5564,0.55,0.09,0.07184112673465397
5565,0.55,0.1,0.07953530577330027
5566,0.55,0.11,0.08722612843976998
5567,0.55,0.12,0.0947485062041908
5568,0.55,0.13,0.10226688885759416
5569,0.55,0.14,0.10958777714676812
5570,0.55,0.15,0.11690404903450226
5571,0.55,0.16,0.12399455472519377
5572,0.55,0.17,0.13107984283556715
5573,0.55,0.18,0.13791198192481915
5574,0.55,0.19,0.14473832492032662
5575,0.55,0.2,0.15128513298156251
5576,0.55,0.21,0.15782559153283077
5577,0.55,0.22,0.16406123014939322
5578,0.55,0.23,0.1702899932346221
5579,0.55,0.24,0.17618985199043163
5580,0.55,0.25,0.18208233874109625
5581,0.55,0.26,0.18762313236563188
5582,0.55,0.27,0.19315608905680096
5583,0.55,0.28,0.1983159493407176
5584,0.55,0.29,0.20346754114351268
5585,0.55,0.3,0.20822610326184235
5586,0.55,0.31,0.21297600039623882
5587,0.55,0.32,0.21731448329819164
5588,0.55,0.33,0.22164394124645997
5589,0.55,0.34,0.22554522179426167
5590,0.55,0.35000000000000003,0.22943715525878106
5591,0.55,0.36,0.23288583582266117
5592,0.55,0.37,0.23632488613651567
5593,0.55,0.38,0.23930735537879963
5594,0.55,0.39,0.24227995110339007
5595,0.55,0.4,0.2447844377115446
5596,0.55,0.41000000000000003,0.24727884818231835
5597,0.55,0.42,0.24929546733864924
5598,0.55,0.43,0.25130184894785623
5599,0.55,0.44,0.2528226413522478
5600,0.55,0.45,0.2543330763862681
5601,0.55,0.46,0.25535203967777165
5602,0.55,0.47000000000000003,0.25636056755591363
5603,0.55,0.48,0.2568736800090226
5604,0.55,0.49,0.25737632080064454
5605,0.55,0.5,0.25738155720261724
5606,0.55,0.51,0.25737632732986565
5607,0.55,0.52,0.2568736669763483
5608,0.55,0.53,0.2563605870406072
5609,0.55,0.54,0.255352013817956
5610,0.55,0.55,0.25433310851914886
5611,0.55,0.56,0.2528226030731157
5612,0.55,0.5700000000000001,0.2513018932221694
5613,0.55,0.58,0.24929541724388535
5614,0.55,0.59,0.24727890389983168
5615,0.55,0.6,0.24478437659117327
5616,0.55,0.61,0.24228001738540506
5617,0.55,0.62,0.23930728419672573
5618,0.55,0.63,0.2363249619377253
5619,0.55,0.64,0.2328857557014685
5620,0.55,0.65,0.22943723938375496
5621,0.55,0.66,0.22554513399750925
5622,0.55,0.67,0.22164403236849708
5623,0.55,0.68,0.21731438921048676
5624,0.55,0.6900000000000001,0.21297609707829018
5625,0.55,0.7000000000000001,0.2082260043670043
5626,0.55,0.71,0.20346764186084457
5627,0.55,0.72,0.1983158471983771
5628,0.55,0.73,0.1931561922210409
5629,0.55,0.74,0.1876230285866346
5630,0.55,0.75,0.18208244272528262
5631,0.55,0.76,0.17618974821143432
5632,0.55,0.77,0.1702900963988621
5633,0.55,0.78,0.1640611280070527
5634,0.55,0.79,0.1578256922501627
5635,0.55,0.8,0.15128503408672453
5636,0.55,0.81,0.144738421602378
5637,0.55,0.8200000000000001,0.13791188783711436
5638,0.55,0.8300000000000001,0.13107993395760423
5639,0.55,0.84,0.12399446692844147
5640,0.55,0.85,0.11690413315947613
5641,0.55,0.86,0.10958769702557555
5642,0.55,0.87,0.10226696465880374
5643,0.55,0.88,0.09474843502211701
5644,0.55,0.89,0.08722619472178489
5645,0.55,0.9,0.07953524465292912
5646,0.55,0.91,0.07184118245216722
5647,0.55,0.92,0.06400816537066524
5648,0.55,0.93,0.056172645527096735
5649,0.55,0.9400000000000001,0.04822847539841689
5650,0.55,0.9500000000000001,0.04028242057120012
5651,0.55,0.96,0.03225844989359063
5652,0.55,0.97,0.02423321911461082
5653,0.55,0.98,0.016161115177414462
5654,0.55,0.99,0.00808838009807754
5655,0.55,1.0,0.0
5656,0.56,0.0,0.0
5657,0.56,0.01,0.007890743846184265
5658,0.56,0.02,0.015768309376778016
5659,0.56,0.03,0.02364109040140854
5660,0.56,0.04,0.031474388392638095
5661,0.56,0.05,0.039298136444664754
5662,0.56,0.06,0.047056252282218096
5663,0.56,0.07,0.05480009081450119
5664,0.56,0.08,0.0624524065020022
5665,0.56,0.09,0.0700857744235933
5666,0.56,0.1,0.0776020894219062
5667,0.56,0.11,0.08509486170395114
5668,0.56,0.12,0.0924455121243536
5669,0.56,0.13,0.09976811868371603
5670,0.56,0.14,0.10692409436445416
5671,0.56,0.15,0.11404763675597683
5672,0.56,0.16,0.12098069576004798
5673,0.56,0.17,0.12787706121703651
5674,0.56,0.18,0.13455984129920456
5675,0.56,0.19,0.1412018136722015
5676,0.56,0.2,0.14760794027519347
5677,0.56,0.21,0.15396930743136736
5678,0.56,0.22,0.16007349778488345
5679,0.56,0.23,0.16612915504433942
5680,0.56,0.24,0.1719073179558764
5681,0.56,0.25,0.17763336715684622
5682,0.56,0.26,0.18306269810032796
5683,0.56,0.27,0.18843654190245515
5684,0.56,0.28,0.19349561302921414
5685,0.56,0.29,0.1984960440829498
5686,0.56,0.3,0.20316488879963945
5687,0.56,0.31,0.20777217343002652
5688,0.56,0.32,0.21203236520948465
5689,0.56,0.33,0.21622832128425695
5690,0.56,0.34,0.22006304639810345
5691,0.56,0.35000000000000003,0.22383111507297454
5692,0.56,0.36,0.22722523895871927
5693,0.56,0.37,0.23055055001689312
5694,0.56,0.38,0.23349067701745974
5695,0.56,0.39,0.2363601075456662
5696,0.56,0.4,0.2388346337854048
5697,0.56,0.41000000000000003,0.24123685995504904
5698,0.56,0.42,0.24323601914341025
5699,0.56,0.43,0.24516156089262153
5700,0.56,0.44,0.24667746287459294
5701,0.56,0.45,0.24811872131495777
5702,0.56,0.46,0.24914538321600502
5703,0.56,0.47000000000000003,0.25009667061646385
5704,0.56,0.48,0.250630040458966
5705,0.56,0.49,0.2510876026886272
5706,0.56,0.5,0.2511255753865268
5707,0.56,0.51,0.2510876067278893
5708,0.56,0.52,0.25063003239638276
5709,0.56,0.53,0.25009668267054874
5710,0.56,0.54,0.24914536721799038
5711,0.56,0.55,0.2481187411937652
5712,0.56,0.56,0.24667743919344512
5713,0.56,0.5700000000000001,0.24516158828265094
5714,0.56,0.58,0.2432359881525951
5715,0.56,0.59,0.24123689442434323
5716,0.56,0.6,0.23883459597366602
5717,0.56,0.61,0.23636014855062384
5718,0.56,0.62,0.23349063298111103
5719,0.56,0.63,0.2305505969108415
5720,0.56,0.64,0.22722518939224015
5721,0.56,0.65,0.22383116711636808
5722,0.56,0.66,0.2200629920831869
5723,0.56,0.67,0.21622837765634026
5724,0.56,0.68,0.21203230700270934
5725,0.56,0.6900000000000001,0.2077722332417782
5726,0.56,0.7000000000000001,0.203164827618961
5727,0.56,0.71,0.19849610639110277
5728,0.56,0.72,0.1934955498394884
5729,0.56,0.73,0.18843660572437257
5730,0.56,0.74,0.18306263389809468
5731,0.56,0.75,0.17763343148601843
5732,0.56,0.76,0.17190725375364319
5733,0.56,0.77,0.16612921886625687
5734,0.56,0.78,0.16007343459515777
5735,0.56,0.79,0.1539693697395203
5736,0.56,0.8,0.14760787909451512
5737,0.56,0.81,0.1412018734839532
5738,0.56,0.8200000000000001,0.1345597830924293
5739,0.56,0.8300000000000001,0.12787711758911988
5740,0.56,0.84,0.12098064144513149
5741,0.56,0.85,0.11404768879937041
5742,0.56,0.86,0.10692404479797513
5743,0.56,0.87,0.09976816557766441
5744,0.56,0.88,0.09244546808800498
5745,0.56,0.89,0.08509490270890875
5746,0.56,0.9,0.07760205161016752
5747,0.56,0.91,0.07008580889288749
5748,0.56,0.92,0.06245237551118714
5749,0.56,0.93,0.05480011820453057
5750,0.56,0.9400000000000001,0.04705622860107035
5751,0.56,0.9500000000000001,0.03929815632347221
5752,0.56,0.96,0.03147437239462352
5753,0.56,0.97,0.02364110245549339
5754,0.56,0.98,0.015768301314194856
5755,0.56,0.99,0.007890747885446409
5756,0.56,1.0,0.0
5757,0.5700000000000001,0.0,0.0
5758,0.5700000000000001,0.01,0.007694995636440257
5759,0.5700000000000001,0.02,0.015390930191124053
5760,0.5700000000000001,0.03,0.023054618243912993
5761,0.5700000000000001,0.04,0.030721119478379834
5762,0.5700000000000001,0.05,0.038323254706933235
5763,0.5700000000000001,0.06,0.04593006667345362
5764,0.5700000000000001,0.07,0.053440646628760365
5765,0.5700000000000001,0.08,0.06095774907310944
5766,0.5700000000000001,0.09,0.06834713250833274
5767,0.5700000000000001,0.1,0.07574485934038296
5768,0.5700000000000001,0.11,0.08298388319792745
5769,0.5700000000000001,0.12,0.09023303956259977
5770,0.5700000000000001,0.13,0.09729313407584579
5771,0.5700000000000001,0.14,0.10436511156251305
5772,0.5700000000000001,0.15,0.11121841301783061
5773,0.5700000000000001,0.16,0.11808530255364143
5774,0.5700000000000001,0.17,0.12470476326750313
5775,0.5700000000000001,0.18,0.1313394652492617
5776,0.5700000000000001,0.19,0.1376989603262391
5777,0.5700000000000001,0.2,0.14407529155639753
5778,0.5700000000000001,0.21,0.15014972200650922
5779,0.5700000000000001,0.22,0.15624251901146144
5780,0.5700000000000001,0.23,0.1620079108196897
5781,0.5700000000000001,0.24,0.16779312914285102
5782,0.5700000000000001,0.25,0.1732267278996042
5783,0.5700000000000001,0.26,0.17868153697765898
5784,0.5700000000000001,0.27,0.18376189769646403
5785,0.5700000000000001,0.28,0.1888647709446042
5786,0.5700000000000001,0.29,0.1935718427123016
5787,0.5700000000000001,0.3,0.19830264246319151
5788,0.5700000000000001,0.31,0.20261784758829415
5789,0.5700000000000001,0.32,0.20695790454980964
5790,0.5700000000000001,0.33,0.210864211896402
5791,0.5700000000000001,0.34,0.2147963988148188
5792,0.5700000000000001,0.35000000000000003,0.21827839103232502
5793,0.5700000000000001,0.36,0.22178719027049368
5794,0.5700000000000001,0.37,0.22483112465374291
5795,0.5700000000000001,0.38,0.22790268941779065
5796,0.5700000000000001,0.39,0.23049655215695825
5797,0.5700000000000001,0.4,0.23311876113011049
5798,0.5700000000000001,0.41000000000000003,0.23525231473621866
5799,0.5700000000000001,0.42,0.23741481990433208
5800,0.5700000000000001,0.43,0.23907964362294654
5801,0.5700000000000001,0.44,0.24077391110319396
5802,0.5700000000000001,0.45,0.24196343415664814
5803,0.5700000000000001,0.46,0.24318277786838435
5804,0.5700000000000001,0.47000000000000003,0.24389230539519227
5805,0.5700000000000001,0.48,0.24463191344025012
5806,0.5700000000000001,0.49,0.24485864502921728
5807,0.5700000000000001,0.5,0.24511559867762803
5808,0.5700000000000001,0.51,0.24485863942342614
5809,0.5700000000000001,0.52,0.24463192462970884
5810,0.5700000000000001,0.53,0.24389228866622556
5811,0.5700000000000001,0.54,0.24318280007083734
5812,0.5700000000000001,0.55,0.24196340656833173
5813,0.5700000000000001,0.56,0.24077394396849525
5814,0.5700000000000001,0.5700000000000001,0.23907960561036462
5815,0.5700000000000001,0.58,0.2374148629141762
5816,0.5700000000000001,0.59,0.2352522668988524
5817,0.5700000000000001,0.6,0.23311881360620657
5818,0.5700000000000001,0.61,0.23049649524923144
5819,0.5700000000000001,0.62,0.2279027505325593
5820,0.5700000000000001,0.63,0.22483105957312444
5821,0.5700000000000001,0.64,0.22178725906011845
5822,0.5700000000000001,0.65,0.2182783188051751
5823,0.5700000000000001,0.66,0.21479647419444628
5824,0.5700000000000001,0.67,0.21086413366178589
5825,0.5700000000000001,0.68,0.206957985330658
5826,0.5700000000000001,0.6900000000000001,0.20261776458001854
5827,0.5700000000000001,0.7000000000000001,0.19830272737129853
5828,0.5700000000000001,0.71,0.19357175623945658
5829,0.5700000000000001,0.72,0.18886485864091831
5830,0.5700000000000001,0.73,0.18376180912277798
5831,0.5700000000000001,0.74,0.178681626079157
5832,0.5700000000000001,0.75,0.17322663862193707
5833,0.5700000000000001,0.76,0.167793218244349
5834,0.5700000000000001,0.77,0.16200782224600363
5835,0.5700000000000001,0.78,0.1562426067077756
5836,0.5700000000000001,0.79,0.1501496355336642
5837,0.5700000000000001,0.8,0.1440753764645046
5838,0.5700000000000001,0.81,0.13769887731796354
5839,0.5700000000000001,0.8200000000000001,0.13133954603011008
5840,0.5700000000000001,0.8300000000000001,0.12470468503288712
5841,0.5700000000000001,0.84,0.11808537793326887
5842,0.5700000000000001,0.85,0.11121834079068078
5843,0.5700000000000001,0.86,0.1043651803521378
5844,0.5700000000000001,0.87,0.0972930689952274
5845,0.5700000000000001,0.88,0.0902331006773684
5846,0.5700000000000001,0.89,0.08298382629020074
5847,0.5700000000000001,0.9,0.07574491181647902
5848,0.5700000000000001,0.91,0.06834708467096655
5849,0.5700000000000001,0.92,0.060957792082953564
5850,0.5700000000000001,0.93,0.05344060861617853
5851,0.5700000000000001,0.9400000000000001,0.04593009953875487
5852,0.5700000000000001,0.9500000000000001,0.0383232271186169
5853,0.5700000000000001,0.96,0.030721141680832786
5854,0.5700000000000001,0.97,0.023054601514946375
5855,0.5700000000000001,0.98,0.015390941380582756
5856,0.5700000000000001,0.99,0.00769499003064916
5857,0.5700000000000001,1.0,0.0
5858,0.58,0.0,0.0
5859,0.58,0.01,0.007504831513435028
5860,0.58,0.02,0.015021121216514577
5861,0.58,0.03,0.02248487633486
5862,0.58,0.04,0.029982961058018016
5863,0.58,0.05,0.03737618343048609
5864,0.58,0.06,0.0448264721039858
5865,0.58,0.07,0.052119983490239066
5866,0.58,0.08,0.059493073919586956
5867,0.58,0.09,0.06665808935189993
5868,0.58,0.1,0.07392488424397499
5869,0.58,0.11,0.08093312564113057
5870,0.58,0.12,0.08806494742329839
5871,0.58,0.13,0.09488875520763539
5872,0.58,0.14,0.10185745918693906
5873,0.58,0.15,0.10846990146379103
5874,0.58,0.16,0.11524798687991625
5875,0.58,0.17,0.1216229657482491
5876,0.58,0.18,0.12818368428232407
5877,0.58,0.19,0.13429603885665437
5878,0.58,0.2,0.14061350016802998
5879,0.58,0.21,0.14643910590464243
5880,0.58,0.22,0.15248837977956742
5881,0.58,0.23,0.1580042437145996
5882,0.58,0.24,0.16376145842410805
5883,0.58,0.25,0.16894580994717562
5884,0.58,0.26,0.17438824642649117
5885,0.58,0.27,0.17922062323112412
5886,0.58,0.28,0.18432680470939283
5887,0.58,0.29,0.18878813358057403
5888,0.58,0.3,0.1935379103077036
5889,0.58,0.31,0.19761058242717167
5890,0.58,0.32,0.20198521116390597
5891,0.58,0.33,0.2056531516355212
5892,0.58,0.34,0.20963536959354
5893,0.58,0.35000000000000003,0.21288410091383342
5894,0.58,0.36,0.2164581938545577
5895,0.58,0.37,0.21927489307749634
5896,0.58,0.38,0.222426757301309
5897,0.58,0.39,0.2248003066712222
5898,0.58,0.4,0.22751750465289908
5899,0.58,0.41000000000000003,0.2294385355053203
5900,0.58,0.42,0.23171034495650394
5901,0.58,0.43,0.23317127471329233
5902,0.58,0.44,0.23498873087874042
5903,0.58,0.45,0.2359837929911419
5904,0.58,0.46,0.23733972401213782
5905,0.58,0.47000000000000003,0.23786499073333003
5906,0.58,0.48,0.23875404593895053
5907,0.58,0.49,0.23880744383596766
5908,0.58,0.5,0.23922611485075665
5909,0.58,0.51,0.238807432994404
5910,0.58,0.52,0.2387540675792912
5911,0.58,0.53,0.23786495837961688
5912,0.58,0.54,0.23733976695153805
5913,0.58,0.55,0.2359837396355167
5914,0.58,0.56,0.23498879444002027
5915,0.58,0.5700000000000001,0.2331712011972051
5916,0.58,0.58,0.23171042813726409
5917,0.58,0.59,0.22943844298816368
5918,0.58,0.6,0.22751760614132924
5919,0.58,0.61,0.22480019661204695
5920,0.58,0.62,0.22242687549687598
5921,0.58,0.63,0.21927476721200148
5922,0.58,0.64,0.21645832689324673
5923,0.58,0.65,0.21288396122699296
5924,0.58,0.66,0.20963551537725164
5925,0.58,0.67,0.20565300033028003
5926,0.58,0.68,0.2019853673935439
5927,0.58,0.6900000000000001,0.1976104218897039
5928,0.58,0.7000000000000001,0.1935380745194331
5929,0.58,0.71,0.18878796634265144
5930,0.58,0.72,0.18432697431349682
5931,0.58,0.73,0.17922045193018865
5932,0.58,0.74,0.17438841874821157
5933,0.58,0.75,0.16894563728474538
5934,0.58,0.76,0.16376163074582847
5935,0.58,0.77,0.1580040724136641
5936,0.58,0.78,0.15248854938367146
5937,0.58,0.79,0.14643893866671984
5938,0.58,0.8,0.1406136643797595
5939,0.58,0.81,0.13429587831918666
5940,0.58,0.8200000000000001,0.12818384051196197
5941,0.58,0.8300000000000001,0.12162281444300806
5942,0.58,0.84,0.11524813266362782
5943,0.58,0.85,0.10846976177695067
5944,0.58,0.86,0.10185759222562808
5945,0.58,0.87,0.09488862934214065
5946,0.58,0.88,0.0880650656188653
5947,0.58,0.89,0.08093301558195544
5948,0.58,0.9,0.07392498573240511
5949,0.58,0.91,0.06665799683474334
5950,0.58,0.92,0.059493157100347104
5951,0.58,0.93,0.05211990997415185
5952,0.58,0.9400000000000001,0.0448265356652657
5953,0.58,0.9500000000000001,0.03737613007486086
5954,0.58,0.96,0.02998300399741831
5955,0.58,0.97,0.02248484398114685
5956,0.58,0.98,0.015021142856855272
5957,0.58,0.99,0.007504820671871331
5958,0.58,1.0,0.0
5959,0.59,0.0,0.0
5960,0.59,0.01,0.007322381030425963
5961,0.59,0.02,0.014654168920706484
5962,0.59,0.03,0.021938244949127675
5963,0.59,0.04,0.029250504630342157
5964,0.59,0.05,0.03646752848992414
5965,0.59,0.06,0.04373140215754065
5966,0.59,0.07,0.05085289111258667
5967,0.59,0.08,0.05803971210961123
5968,0.59,0.09,0.065037560270841
5969,0.59,0.1,0.07211896621359781
5970,0.59,0.11,0.07896555546912214
5971,0.59,0.12,0.08591360016934176
5972,0.59,0.13,0.09258190919338351
5973,0.59,0.14,0.09936917293507143
5974,0.59,0.15,0.10583288384402567
5975,0.59,0.16,0.1124325815801194
5976,0.59,0.17,0.11866618381478967
5977,0.59,0.18,0.1250522708568605
5978,0.59,0.19,0.13103116188061872
5979,0.59,0.2,0.1371784366648031
5980,0.59,0.21,0.14287901907995348
5981,0.59,0.22,0.14876322260386832
5982,0.59,0.23,0.154162997302604
5983,0.59,0.24,0.15976090884116279
5984,0.59,0.25,0.16483856382313145
5985,0.59,0.26,0.17012809254588335
5986,0.59,0.27,0.1748635870514631
5987,0.59,0.28,0.17982385918026544
5988,0.59,0.29,0.18419850280712816
5989,0.59,0.3,0.18880994397057183
5990,0.59,0.31,0.19280647046090504
5991,0.59,0.32,0.19705088292086825
5992,0.59,0.33,0.2006535183276618
5993,0.59,0.34,0.20451415277360188
5994,0.59,0.35000000000000003,0.2077086777365944
5995,0.59,0.36,0.211170299364615
5996,0.59,0.37,0.21394410524975774
5997,0.59,0.38,0.21699305386602669
5998,0.59,0.39,0.21933519254655803
5999,0.59,0.4,0.2219594364582129
6000,0.59,0.41000000000000003,0.2238606635405569
6001,0.59,0.42,0.22604984702172487
6002,0.59,0.43,0.22750265834532601
6003,0.59,0.44,0.22924814249120923
6004,0.59,0.45,0.2302468037579965
6005,0.59,0.46,0.23154170056602968
6006,0.59,0.47000000000000003,0.23208226998235598
6007,0.59,0.48,0.23292146952613427
6008,0.59,0.49,0.23300181336765496
6009,0.59,0.5,0.23338200395654354
6010,0.59,0.51,0.23300180499447476
6011,0.59,0.52,0.23292148623944955
6012,0.59,0.53,0.23208224499486543
6013,0.59,0.54,0.23154173372908124
6014,0.59,0.55,0.2302467625502633
6015,0.59,0.56,0.22924819158099588
6016,0.59,0.5700000000000001,0.22750260156722074
6017,0.59,0.58,0.22604991126407142
6018,0.59,0.59,0.22386059208750425
6019,0.59,0.6,0.22195951483997906
6020,0.59,0.61,0.21933510754541533
6021,0.59,0.62,0.21699314515108525
6022,0.59,0.63,0.21394400804104372
6023,0.59,0.64,0.2111704021133461
6024,0.59,0.65,0.20770856985334857
6025,0.59,0.66,0.20451426536559658
6026,0.59,0.67,0.20065340147126734
6027,0.59,0.68,0.19705100358048358
6028,0.59,0.6900000000000001,0.19280634647425715
6029,0.59,0.7000000000000001,0.18881007079493356
6030,0.59,0.71,0.1841983736455703
6031,0.59,0.72,0.17982399016927764
6032,0.59,0.73,0.1748634547519503
6033,0.59,0.74,0.17012822563377097
6034,0.59,0.75,0.16483843047210606
6035,0.59,0.76,0.15976104192905044
6036,0.59,0.77,0.15416286500309126
6037,0.59,0.78,0.14876335359288045
6038,0.59,0.79,0.14287888991839573
6039,0.59,0.8,0.1371785634891648
6040,0.59,0.81,0.13103103789397091
6041,0.59,0.8200000000000001,0.1250523915164758
6042,0.59,0.8300000000000001,0.11866606695839528
6043,0.59,0.84,0.1124326941721141
6044,0.59,0.85,0.10583277596077986
6045,0.59,0.86,0.0993692756838025
6046,0.59,0.87,0.09258181198466953
6047,0.59,0.88,0.08591369145440031
6048,0.59,0.89,0.07896547046797944
6049,0.59,0.9,0.07211904459536396
6050,0.59,0.91,0.06503748881778842
6051,0.59,0.92,0.05803977635195769
6052,0.59,0.93,0.05085283433448153
6053,0.59,0.9400000000000001,0.04373145124732725
6054,0.59,0.9500000000000001,0.03646748728219107
6055,0.59,0.96,0.029250537793393625
6056,0.59,0.97,0.021938219961637237
6057,0.59,0.98,0.0146541856340217
6058,0.59,0.99,0.007322372657245799
6059,0.59,1.0,0.0
6060,0.6,0.0,0.0
6061,0.6,0.01,0.007152658795451216
6062,0.6,0.02,0.014279603630055896
6063,0.6,0.03,0.02142974815810252
6064,0.6,0.04,0.028502852091953742
6065,0.6,0.05,0.03562226423915977
6066,0.6,0.06,0.04261361262715762
6067,0.6,0.07,0.04967419575511271
6068,0.6,0.08,0.05655619641860264
6069,0.6,0.09,0.0635300862417559
6070,0.6,0.1,0.07027557837046226
6071,0.6,0.11,0.07713525291410152
6072,0.6,0.12,0.08371761426844074
6073,0.6,0.13,0.09043600247301523
6074,0.6,0.14,0.09682925446353617
6075,0.6,0.15,0.10337984300690602
6076,0.6,0.16,0.1095587532359425
6077,0.6,0.17,0.11591569115220976
6078,0.6,0.18,0.12185587301280743
6079,0.6,0.19,0.12799407369511712
6080,0.6,0.2,0.13367208263387617
6081,0.6,0.21,0.13956732281893014
6082,0.6,0.22,0.14496074888254276
6083,0.6,0.23,0.15058976422650924
6084,0.6,0.24,0.15567732052641178
6085,0.6,0.25,0.1610178973953868
6086,0.6,0.26,0.16577950414103787
6087,0.6,0.27,0.17081056725417046
6088,0.6,0.28,0.175227431022941
6089,0.6,0.29,0.17992912660271218
6090,0.6,0.3,0.18398381453316476
6091,0.6,0.31,0.18833758863504674
6092,0.6,0.32,0.19201409725041493
6093,0.6,0.33,0.19600276896315907
6094,0.6,0.34,0.19928658735303503
6095,0.6,0.35000000000000003,0.2028944165810739
6096,0.6,0.36,0.20577258369158724
6097,0.6,0.37,0.20898533325240418
6098,0.6,0.38,0.21144648905844335
6099,0.6,0.39,0.21425148085018023
6100,0.6,0.4,0.21628591120737434
6101,0.6,0.41000000000000003,0.2186720762253252
6102,0.6,0.42,0.22027175122447376
6103,0.6,0.43,0.22222967322935994
6104,0.6,0.44,0.22338827890167212
6105,0.6,0.45,0.22491023156761225
6106,0.6,0.46,0.2256231948153963
6107,0.6,0.47000000000000003,0.22670317221117967
6108,0.6,0.48,0.2269676788653978
6109,0.6,0.49,0.2276014191489393
6110,0.6,0.5,0.22741642508221016
6111,0.6,0.51,0.22760142731480612
6112,0.6,0.52,0.22696766256589115
6113,0.6,0.53,0.22670319657999943
6114,0.6,0.54,0.22562316247343603
6115,0.6,0.55,0.22491027175507414
6116,0.6,0.56,0.2233882310273102
6117,0.6,0.5700000000000001,0.2222297286016836
6118,0.6,0.58,0.22027168857271756
6119,0.6,0.59,0.21867214590925604
6120,0.6,0.6,0.21628583476627947
6121,0.6,0.61,0.21425156374676102
6122,0.6,0.62,0.2114464000335315
6123,0.6,0.63,0.20898542805430642
6124,0.6,0.64,0.20577248348683436
6125,0.6,0.65,0.20289452179321493
6126,0.6,0.66,0.19928647754873008
6127,0.6,0.67,0.19600288292628051
6128,0.6,0.68,0.19201397957823738
6129,0.6,0.6900000000000001,0.18833770955188212
6130,0.6,0.7000000000000001,0.18398369084887503
6131,0.6,0.71,0.17992925256633086
6132,0.6,0.72,0.1752273032771143
6133,0.6,0.73,0.17081069627805082
6134,0.6,0.74,0.16577937434830223
6135,0.6,0.75,0.1610180274447452
6136,0.6,0.76,0.1556771907336762
6137,0.6,0.77,0.1505898932503895
6138,0.6,0.78,0.1449606211367162
6139,0.6,0.79,0.13956744878254865
6140,0.6,0.8,0.13367195894958664
6141,0.6,0.81,0.12799419461195236
6142,0.6,0.8200000000000001,0.12185575534063003
6143,0.6,0.8300000000000001,0.11591580511533107
6144,0.6,0.84,0.10955864343163772
6145,0.6,0.85,0.10337994821904688
6146,0.6,0.86,0.09682915425878348
6147,0.6,0.87,0.09043609727491737
6148,0.6,0.88,0.08371752524352895
6149,0.6,0.89,0.0771353358106823
6150,0.6,0.9,0.07027550192936745
6151,0.6,0.91,0.06353015592568671
6152,0.6,0.92,0.05655613376684649
6153,0.6,0.93,0.04967425112743634
6154,0.6,0.9400000000000001,0.04261356475279577
6155,0.6,0.9500000000000001,0.035622304426621565
6156,0.6,0.96,0.02850281974999351
6157,0.6,0.97,0.021429772526922224
6158,0.6,0.98,0.014279587330549301
6159,0.6,0.99,0.0071526669613179855
6160,0.6,1.0,0.0
6161,0.61,0.0,0.0
6162,0.61,0.01,0.00697473620090132
6163,0.61,0.02,0.013938827418436835
6164,0.61,0.03,0.02089668251389187
6165,0.61,0.04,0.027822644636093238
6166,0.61,0.05,0.03473615919320886
6167,0.61,0.06,0.041596658552587644
6168,0.61,0.07,0.04843854816355725
6169,0.61,0.08,0.05520650941153592
6170,0.61,0.09,0.061949772371538675
6171,0.61,0.1,0.06859848533393073
6172,0.61,0.11,0.07521650920282598
6173,0.61,0.12,0.08171973429463249
6174,0.61,0.13,0.08818640092192567
6175,0.61,0.14,0.09451847270539367
6176,0.61,0.15,0.10080826130402268
6177,0.61,0.16,0.10694418978123092
6178,0.61,0.17,0.11303227764342894
6179,0.61,0.18,0.11894784688360123
6180,0.61,0.19,0.1248102073414042
6181,0.61,0.2,0.13048207105366255
6182,0.61,0.21,0.13609556829750943
6183,0.61,0.22,0.14150134197182915
6184,0.61,0.23,0.1468438223531072
6185,0.61,0.24,0.15196217160577552
6186,0.61,0.25,0.15701255106304304
6187,0.61,0.26,0.16182327583789935
6188,0.61,0.27,0.16656162310181918
6189,0.61,0.28,0.17104573739490617
6190,0.61,0.29,0.17545335264358503
6191,0.61,0.3,0.17959315943650753
6192,0.61,0.31,0.1836526480908917
6193,0.61,0.32,0.18743180919708788
6194,0.61,0.33,0.19112715056524573
6195,0.61,0.34,0.1945307511134525
6196,0.61,0.35000000000000003,0.1978473616129019
6197,0.61,0.36,0.2008619689132635
6198,0.61,0.37,0.20378675962189824
6199,0.61,0.38,0.20640047618233784
6200,0.61,0.39,0.20892190449088588
6201,0.61,0.4,0.21112441497445095
6202,0.61,0.41000000000000003,0.21323253013667126
6203,0.61,0.42,0.21501514207448075
6204,0.61,0.43,0.216701624475384
6205,0.61,0.44,0.21805730257445316
6206,0.61,0.45,0.21931549656161708
6207,0.61,0.46,0.22023889047212228
6208,0.61,0.47000000000000003,0.22106383062056903
6209,0.61,0.48,0.22155129605293303
6210,0.61,0.49,0.2219397267599441
6211,0.61,0.5,0.22198933986837543
6212,0.61,0.51,0.2219397282009352
6213,0.61,0.52,0.22155129317663785
6214,0.61,0.53,0.22106383492081688
6215,0.61,0.54,0.22023888476489287
6216,0.61,0.55,0.21931550365330424
6217,0.61,0.56,0.2180572941262959
6218,0.61,0.5700000000000001,0.2167016342466703
6219,0.61,0.58,0.21501513101862813
6220,0.61,0.59,0.21323254243345768
6221,0.61,0.6,0.2111244014852604
6222,0.61,0.61,0.20892191911924476
6223,0.61,0.62,0.20640046047254196
6224,0.61,0.63,0.20378677635113165
6225,0.61,0.64,0.20086195123061512
6226,0.61,0.65,0.19784738017917983
6227,0.61,0.66,0.19453073173681756
6228,0.61,0.67,0.19112717067576684
6229,0.61,0.68,0.1874317884320475
6230,0.61,0.6900000000000001,0.18365266942850114
6231,0.61,0.7000000000000001,0.1795931376105388
6232,0.61,0.71,0.17545337487177592
6233,0.61,0.72,0.17104571485221765
6234,0.61,0.73,0.16656164587003963
6235,0.61,0.74,0.16182325293400274
6236,0.61,0.75,0.15701257401222465
6237,0.61,0.76,0.15196214870187888
6238,0.61,0.77,0.14684384512132764
6239,0.61,0.78,0.14150131942914063
6240,0.61,0.79,0.1360955905257003
6241,0.61,0.8,0.1304820492276939
6242,0.61,0.81,0.1248102286790136
6243,0.61,0.8200000000000001,0.11894782611856093
6244,0.61,0.8300000000000001,0.11303229775395005
6245,0.61,0.84,0.10694417040459606
6246,0.61,0.85,0.10080827987030061
6247,0.61,0.86,0.09451845502274536
6248,0.61,0.87,0.08818641765115909
6249,0.61,0.88,0.08171971858483668
6250,0.61,0.89,0.07521652383118485
6251,0.61,0.9,0.06859847184474027
6252,0.61,0.91,0.06194978466832509
6253,0.61,0.92,0.05520649835568339
6254,0.61,0.93,0.04843855793484353
6255,0.61,0.9400000000000001,0.04159665010443045
6256,0.61,0.9500000000000001,0.03473616628489599
6257,0.61,0.96,0.027822638928863868
6258,0.61,0.97,0.020896686814139684
6259,0.61,0.98,0.013938824542141705
6260,0.61,0.99,0.006974737641892354
6261,0.61,1.0,0.0
6262,0.62,0.0,0.0
6263,0.62,0.01,0.006801900836590322
6264,0.62,0.02,0.013604854228352717
6265,0.62,0.03,0.020378858499242935
6266,0.62,0.04,0.02715601634330977
6267,0.62,0.05,0.03387539007160031
6268,0.62,0.06,0.04060000612923212
6269,0.62,0.07,0.04723823087965609
6270,0.62,0.08,0.053883766329737966
6271,0.62,0.09,0.06041464386696981
6272,0.62,0.1,0.06695487203999165
6273,0.62,0.11,0.07335262772418756
6274,0.62,0.12,0.07976173760341229
6275,0.62,0.13,0.08600112211487902
6276,0.62,0.14,0.0922538201962825
6277,0.62,0.15,0.09831020918775163
6278,0.62,0.16,0.104381819296808
6279,0.62,0.17,0.11023131057995872
6280,0.62,0.18,0.11609787125142104
6281,0.62,0.19,0.12171737913401443
6282,0.62,0.2,0.12735573817046825
6283,0.62,0.21,0.13272308457169107
6284,0.62,0.22,0.13811099040780275
6285,0.62,0.23,0.14320499239212503
6286,0.62,0.24,0.14832118190412055
6287,0.62,0.25,0.15312173528809833
6288,0.62,0.26,0.15794601770204386
6289,0.62,0.27,0.16243417640399282
6290,0.62,0.28,0.16694751297184782
6291,0.62,0.29,0.17110556379110964
6292,0.62,0.3,0.17529014292022999
6293,0.62,0.31,0.17910167545078995
6294,0.62,0.32,0.1829409829905004
6295,0.62,0.33,0.18639095439291806
6296,0.62,0.34,0.18986983880088623
6297,0.62,0.35000000000000003,0.19294463317679392
6298,0.62,0.36,0.196049365308141
6299,0.62,0.37,0.1987368474428721
6300,0.62,0.38,0.20145517472617192
6301,0.62,0.39,0.20374473798731202
6302,0.62,0.4,0.2060659327737756
6303,0.62,0.41000000000000003,0.20794854097650195
6304,0.62,0.42,0.20986344287163228
6305,0.62,0.43,0.2113316659455269
6306,0.62,0.44,0.21283271795626568
6307,0.62,0.45,0.21388076127276037
6308,0.62,0.46,0.2149620396275465
6309,0.62,0.47000000000000003,0.2155857668721891
6310,0.62,0.48,0.21624300439630392
6311,0.62,0.49,0.21643995389552445
6312,0.62,0.5,0.21667055684952088
6313,0.62,0.51,0.21643995128742133
6314,0.62,0.52,0.21624300960221718
6315,0.62,0.53,0.21558575908901106
6316,0.62,0.54,0.21496204995727267
6317,0.62,0.55,0.21388074843725274
6318,0.62,0.56,0.2128327332468988
6319,0.62,0.5700000000000001,0.21133164826011336
6320,0.62,0.58,0.20986346288202995
6321,0.62,0.59,0.20794851872009198
6322,0.62,0.6,0.20606595718836193
6323,0.62,0.61,0.20374471151090248
6324,0.62,0.62,0.20145520315991428
6325,0.62,0.63,0.19873681716401184
6326,0.62,0.64,0.19604939731262225
6327,0.62,0.65,0.1929445995729986
6328,0.62,0.66,0.18986987387137663
6329,0.62,0.67,0.18639091799413962
6330,0.62,0.68,0.18294102057391737
6331,0.62,0.6900000000000001,0.17910163683105895
6332,0.62,0.7000000000000001,0.1752901824238606
6333,0.62,0.71,0.1711055235594822
6334,0.62,0.72,0.1669475537726962
6335,0.62,0.73,0.16243413519494582
6336,0.62,0.74,0.1579460591566562
6337,0.62,0.75,0.15312169375152307
6338,0.62,0.76,0.14832122335873288
6339,0.62,0.77,0.14320495118307805
6340,0.62,0.78,0.1381110312086511
6341,0.62,0.79,0.1327230443400637
6342,0.62,0.8,0.12735577767409878
6343,0.62,0.81,0.12171734051428341
6344,0.62,0.8200000000000001,0.11609790883483799
6345,0.62,0.8300000000000001,0.1102312741811803
6346,0.62,0.84,0.10438185436729844
6347,0.62,0.85,0.09831017558395631
6348,0.62,0.86,0.09225385220076379
6349,0.62,0.87,0.08600109183601876
6350,0.62,0.88,0.07976176603715467
6351,0.62,0.89,0.07335260124777804
6352,0.62,0.9,0.066954896454578
6353,0.62,0.91,0.06041462161055982
6354,0.62,0.92,0.053883786340135686
6355,0.62,0.93,0.04723821319424252
6356,0.62,0.9400000000000001,0.04060002141986529
6357,0.62,0.9500000000000001,0.033875377236092685
6358,0.62,0.96,0.02715602667303597
6359,0.62,0.97,0.020378850716064874
6360,0.62,0.98,0.013604859434265999
6361,0.62,0.99,0.006801898228487188
6362,0.62,1.0,0.0
6363,0.63,0.0,0.0
6364,0.63,0.01,0.006633912333743985
6365,0.63,0.02,0.013277750940454936
6366,0.63,0.03,0.01987555595138156
6367,0.63,0.04,0.02650310072109309
6368,0.63,0.05,0.033038759744561996
6369,0.63,0.06,0.03962385498463491
6370,0.63,0.07,0.04607157450617662
6371,0.63,0.08,0.05258823216273436
6372,0.63,0.09,0.05892256561727618
6373,0.63,0.1,0.06534506783331401
6374,0.63,0.11,0.07154101603685276
6375,0.63,0.12,0.07784401664234758
6376,0.63,0.13,0.08387712645962112
6377,0.63,0.14,0.09003575099320958
6378,0.63,0.15,0.09588221185185572
6379,0.63,0.16,0.10187215571946819
6380,0.63,0.17,0.10750889358963465
6381,0.63,0.18,0.11330651797284755
6382,0.63,0.19,0.11871128644119841
6383,0.63,0.2,0.1242937115769683
6384,0.63,0.21,0.12944517965548027
6385,0.63,0.22,0.13479037511931471
6386,0.63,0.23,0.13966821144212704
6387,0.63,0.24,0.14475508307858784
6388,0.63,0.25,0.14934003615441124
6389,0.63,0.26,0.15414850931208787
6390,0.63,0.27,0.15842248351523588
6391,0.63,0.28,0.16293358225791998
6392,0.63,0.29,0.16687970925783627
6393,0.63,0.3,0.17107563123951272
6394,0.63,0.31,0.17467833658666862
6395,0.63,0.32,0.17854252329505188
6396,0.63,0.33,0.18178758790020477
6397,0.63,0.34,0.18530478999182518
6398,0.63,0.35000000000000003,0.18817940625578541
6399,0.63,0.36,0.19133574372499554
6400,0.63,0.37,0.1938285660971705
6401,0.63,0.38,0.19661158304181967
6402,0.63,0.39,0.19871277280780175
6403,0.63,0.4,0.20111148657563888
6404,0.63,0.41000000000000003,0.2028127506968933
6405,0.63,0.42,0.20481769521891866
6406,0.63,0.43,0.2061123190711193
6407,0.63,0.44,0.207715582211028
6408,0.63,0.45,0.20859845609168787
6409,0.63,0.46,0.20979371086414358
6410,0.63,0.47000000000000003,0.21026135016479888
6411,0.63,0.48,0.21104387969944816
6412,0.63,0.49,0.21109443866268301
6413,0.63,0.5,0.21146115481547903
6414,0.63,0.51,0.21109443382242113
6415,0.63,0.52,0.21104388936086962
6416,0.63,0.53,0.21026133572034708
6417,0.63,0.54,0.20979373003462007
6418,0.63,0.55,0.2085984322708438
6419,0.63,0.56,0.20771561058822968
6420,0.63,0.5700000000000001,0.20611228624955188
6421,0.63,0.58,0.20481773235532008
6422,0.63,0.59,0.2028127093922183
6423,0.63,0.6,0.20111153188557682
6424,0.63,0.61,0.1987127236714186
6425,0.63,0.62,0.19661163581072924
6426,0.63,0.63,0.19382850990398928
6427,0.63,0.64,0.1913358031206796
6428,0.63,0.65,0.1881793438920061
6429,0.63,0.66,0.18530485507757835
6430,0.63,0.67,0.18178752034934145
6431,0.63,0.68,0.1785425930444329
6432,0.63,0.6900000000000001,0.1746782649140388
6433,0.63,0.7000000000000001,0.17107570455253224
6434,0.63,0.71,0.16687963459376004
6435,0.63,0.72,0.1629336579783879
6436,0.63,0.73,0.1584224070372104
6437,0.63,0.74,0.15414858624584707
6438,0.63,0.75,0.14933995906854067
6439,0.63,0.76,0.14475516001234703
6440,0.63,0.77,0.13966813496410152
6441,0.63,0.78,0.13479045083978256
6442,0.63,0.79,0.12944510499140408
6443,0.63,0.8,0.1242937848899877
6444,0.63,0.81,0.11871121476856862
6445,0.63,0.8200000000000001,0.11330658772222847
6446,0.63,0.8300000000000001,0.1075088260387714
6447,0.63,0.84,0.10187222080522124
6448,0.63,0.85,0.09588214948807647
6449,0.63,0.86,0.09003581038889356
6450,0.63,0.87,0.08387707026643992
6451,0.63,0.88,0.07784406941125707
6452,0.63,0.89,0.07154096690046964
6453,0.63,0.9,0.06534511314325181
6454,0.63,0.91,0.05892252431260126
6455,0.63,0.92,0.052588269299135675
6456,0.63,0.93,0.0460715416846093
6457,0.63,0.9400000000000001,0.0396238833618365
6458,0.63,0.9500000000000001,0.03303873592371799
6459,0.63,0.96,0.026503119891569525
6460,0.63,0.97,0.019875541506929814
6461,0.63,0.98,0.013277760601876347
6462,0.63,0.99,0.006633907493482128
6463,0.63,1.0,0.0
6464,0.64,0.0,0.0
6465,0.64,0.01,0.0064716023446001955
6466,0.64,0.02,0.01295545152936209
6467,0.64,0.03,0.019389266547601078
6468,0.64,0.04,0.025859773866887245
6469,0.64,0.05,0.03223041008908104
6470,0.64,0.06,0.03866203960340792
6471,0.64,0.07,0.04494435478714445
6472,0.64,0.08,0.05131172409876546
6473,0.64,0.09,0.057480924457818466
6474,0.64,0.1,0.06375890487863213
6475,0.64,0.11,0.06979064293835897
6476,0.64,0.12,0.0759544586549011
6477,0.64,0.13,0.08182492934784472
6478,0.64,0.14,0.08785025519210772
6479,0.64,0.15,0.09353628981444288
6480,0.64,0.16,0.09939934725479144
6481,0.64,0.17,0.104878504912675
6482,0.64,0.18,0.11055615588617414
6483,0.64,0.19,0.1158068120709434
6484,0.64,0.2,0.12127665028695418
6485,0.64,0.21,0.12627808222943013
6486,0.64,0.22,0.13151852158432484
6487,0.64,0.23,0.13625099005117292
6488,0.64,0.24,0.14124134980543707
6489,0.64,0.25,0.14568617701456663
6490,0.64,0.26,0.15040676339634387
6491,0.64,0.27,0.1545464067436344
6492,0.64,0.28,0.15897859065688164
6493,0.64,0.29,0.1627967119630479
6494,0.64,0.3,0.16692300249384515
6495,0.64,0.31,0.17040453249793205
6496,0.64,0.32,0.17420864592907548
6497,0.64,0.33,0.17733984377383252
6498,0.64,0.34,0.1808067678355633
6499,0.64,0.35000000000000003,0.18357527530971782
6500,0.64,0.36,0.18669132841323402
6501,0.64,0.37,0.1890862187363832
6502,0.64,0.38,0.19183910395657305
6503,0.64,0.39,0.19385092491396208
6504,0.64,0.4,0.19622977850850687
6505,0.64,0.41000000000000003,0.19785058976527556
6506,0.64,0.42,0.19984602403881588
6507,0.64,0.43,0.20106942848628234
6508,0.64,0.44,0.20267356883064214
6509,0.64,0.45,0.2034947378407661
6510,0.64,0.46,0.2047012538051902
6511,0.64,0.47000000000000003,0.20511694629342164
6512,0.64,0.48,0.2059210765623219
6513,0.64,0.49,0.20592965178350114
6514,0.64,0.5,0.2063282229632238
6515,0.64,0.51,0.20592964698995717
6516,0.64,0.52,0.2059210861304919
6517,0.64,0.53,0.2051169319883867
6518,0.64,0.54,0.20470127279063452
6519,0.64,0.55,0.20349471424983914
6520,0.64,0.56,0.20267359693394899
6521,0.64,0.5700000000000001,0.20106939598150636
6522,0.64,0.58,0.19984606081677936
6523,0.64,0.59,0.19785054885927028
6524,0.64,0.6,0.1962298233811164
6525,0.64,0.61,0.19385087625183975
6526,0.64,0.62,0.19183915621616085
6527,0.64,0.63,0.1890861630855745
6528,0.64,0.64,0.18669138723563514
6529,0.64,0.65,0.1835752135478693
6530,0.64,0.66,0.18080683229311337
6531,0.64,0.67,0.17733977687496527
6532,0.64,0.68,0.17420871500524054
6533,0.64,0.6900000000000001,0.1704044615170812
6534,0.64,0.7000000000000001,0.16692307509925272
6535,0.64,0.71,0.16279663801962388
6536,0.64,0.72,0.15897866564650107
6537,0.64,0.73,0.15454633100376927
6538,0.64,0.74,0.150406839587544
6539,0.64,0.75,0.1456861006727233
6540,0.64,0.76,0.14124142599663714
6541,0.64,0.77,0.1362509143113078
6542,0.64,0.78,0.1315185965739442
6543,0.64,0.79,0.12627800828600613
6544,0.64,0.8,0.12127672289236174
6545,0.64,0.81,0.11580674109009252
6546,0.64,0.8200000000000001,0.11055622496233922
6547,0.64,0.8300000000000001,0.10487843801380767
6548,0.64,0.84,0.09939941171234166
6549,0.64,0.85,0.09353622805259416
6550,0.64,0.86,0.08785031401450905
6551,0.64,0.87,0.08182487369703585
6552,0.64,0.88,0.0759545109144891
6553,0.64,0.89,0.06979059427623649
6554,0.64,0.9,0.06375894975124184
6555,0.64,0.91,0.05748088355181312
6556,0.64,0.92,0.051311760876729055
6557,0.64,0.93,0.04494432228236839
6558,0.64,0.9400000000000001,0.03866206770671491
6559,0.64,0.9500000000000001,0.03223038649815401
6560,0.64,0.96,0.025859792852331684
6561,0.64,0.97,0.01938925224256609
6562,0.64,0.98,0.012955461097532185
6563,0.64,0.99,0.006471597551056184
6564,0.64,1.0,0.0
6565,0.65,0.0,0.0
6566,0.65,0.01,0.006319733553301525
6567,0.65,0.02,0.01262804161501008
6568,0.65,0.03,0.018934259565567976
6569,0.65,0.04,0.025206246105422624
6570,0.65,0.05,0.031474060725822435
6571,0.65,0.06,0.03768497303121612
6572,0.65,0.07,0.043889648180922454
6573,0.65,0.08,0.05001497454529351
6574,0.65,0.09,0.05613202329194529
6575,0.65,0.1,0.0621475897524391
6576,0.65,0.11,0.0681528710092313
6577,0.65,0.12,0.07403493675183458
6578,0.65,0.13,0.07990475054962434
6579,0.65,0.14,0.08563010160522716
6580,0.65,0.15,0.09134128262339608
6581,0.65,0.16,0.09688732348497579
6582,0.65,0.17,0.10241733247195789
6583,0.65,0.18,0.10776217527127838
6584,0.65,0.19,0.11308918799399631
6585,0.65,0.2,0.11821173888584251
6586,0.65,0.21,0.12331473225705215
6587,0.65,0.22,0.1281947746700363
6588,0.65,0.23,0.13305360971372043
6589,0.65,0.24,0.13767188413905906
6590,0.65,0.25,0.14226738546649306
6591,0.65,0.26,0.14660566546981485
6592,0.65,0.27,0.15091969695269983
6593,0.65,0.28,0.15496086110884752
6594,0.65,0.29,0.15897639745091766
6595,0.65,0.3,0.1627044969177967
6596,0.65,0.31,0.16640569084249315
6597,0.65,0.32,0.16980601230723064
6598,0.65,0.33,0.17317825709633675
6599,0.65,0.34,0.1762373808452776
6600,0.65,0.35000000000000003,0.17926736798175652
6601,0.65,0.36,0.18197322086506962
6602,0.65,0.37,0.18464899255266504
6603,0.65,0.38,0.18699089563448282
6604,0.65,0.39,0.18930189198685932
6605,0.65,0.4,0.19127060269285134
6606,0.65,0.41000000000000003,0.19320770340608573
6607,0.65,0.42,0.19479545200208645
6608,0.65,0.43,0.19635101234608704
6609,0.65,0.44,0.19755153260377534
6610,0.65,0.45,0.1987194135906239
6611,0.65,0.46,0.19952796751919816
6612,0.65,0.47000000000000003,0.20030356012938355
6613,0.65,0.48,0.2007169566756
6614,0.65,0.49,0.2010972000465583
6615,0.65,0.5,0.20111380768931097
6616,0.65,0.51,0.20109720119450822
6617,0.65,0.52,0.20071695438423057
6618,0.65,0.53,0.20030356355512946
6619,0.65,0.54,0.1995279629725956
6620,0.65,0.55,0.19871941924013975
6621,0.65,0.56,0.19755152587364222
6622,0.65,0.5700000000000001,0.1963510201302766
6623,0.65,0.58,0.19479544319456102
6624,0.65,0.59,0.19320771320218771
6625,0.65,0.6,0.19127059194683355
6626,0.65,0.61,0.18930190364038327
6627,0.65,0.62,0.18699088311944376
6628,0.65,0.63,0.18464900587982794
6629,0.65,0.64,0.18197320677837892
6630,0.65,0.65,0.1792673827723811
6631,0.65,0.66,0.17623736540909077
6632,0.65,0.67,0.17317827311716602
6633,0.65,0.68,0.16980599576498565
6634,0.65,0.6900000000000001,0.16640570784086905
6635,0.65,0.7000000000000001,0.1627044795303746
6636,0.65,0.71,0.15897641515876565
6637,0.65,0.72,0.1549608431504583
6638,0.65,0.73,0.15091971509075655
6639,0.65,0.74,0.14660564722367309
6640,0.65,0.75,0.14226740374871047
6641,0.65,0.76,0.13767186589291733
6642,0.65,0.77,0.13305362785177718
6643,0.65,0.78,0.12819475671164707
6644,0.65,0.79,0.12331474996490017
6645,0.65,0.8,0.11821172149842035
6646,0.65,0.81,0.11308920499237224
6647,0.65,0.8200000000000001,0.10776215872903336
6648,0.65,0.8300000000000001,0.1024173484927872
6649,0.65,0.84,0.09688730804878898
6650,0.65,0.85,0.09134129741402074
6651,0.65,0.86,0.08563008751853643
6652,0.65,0.87,0.07990476387678731
6653,0.65,0.88,0.07403492423679546
6654,0.65,0.89,0.06815288266275532
6655,0.65,0.9,0.06214757900642125
6656,0.65,0.91,0.056132033088047296
6657,0.65,0.92,0.05001496573776804
6658,0.65,0.93,0.04388965596511206
6659,0.65,0.9400000000000001,0.037684966301082964
6660,0.65,0.9500000000000001,0.031474066375338325
6661,0.65,0.96,0.025206241558820012
6662,0.65,0.97,0.01893426299131392
6663,0.65,0.98,0.01262803932364064
6664,0.65,0.99,0.00631973470125146
6665,0.65,1.0,0.0
6666,0.66,0.0,0.0
6667,0.66,0.01,0.006166813277094223
6668,0.66,0.02,0.012318111125557408
6669,0.66,0.03,0.018476102247520294
6670,0.66,0.04,0.024587608272368257
6671,0.66,0.05,0.03071247451581177
6672,0.66,0.06,0.03676006931919341
6673,0.66,0.07,0.042827638731994605
6674,0.66,0.08,0.048787455102629176
6675,0.66,0.09,0.054773781898056303
6676,0.66,0.1,0.06062229900606508
6677,0.66,0.11,0.06650375806368587
6678,0.66,0.12,0.07221789428904501
6679,0.66,0.13,0.07797127438949975
6680,0.66,0.14,0.08352847841772372
6681,0.66,0.15,0.08913107384345165
6682,0.66,0.16,0.09450941366894562
6683,0.66,0.17,0.09993911380941158
6684,0.66,0.18,0.10511736329518034
6685,0.66,0.19,0.11035273990303163
6686,0.66,0.2,0.11531046255506847
6687,0.66,0.21,0.12033085430892985
6688,0.66,0.22,0.125048483934595
6689,0.66,0.23,0.12983407797484556
6690,0.66,0.24,0.13429299590683555
6691,0.66,0.25,0.13882490602266187
6692,0.66,0.26,0.14300751460372074
6693,0.66,0.27,0.1472678557629607
6694,0.66,0.28,0.15115764780123878
6695,0.66,0.29,0.15512960672896609
6696,0.66,0.3,0.1587112306498312
6697,0.66,0.31,0.1623791321772252
6698,0.66,0.32,0.16563845261431642
6699,0.66,0.33,0.1689878215360546
6700,0.66,0.34,0.17191197512236733
6701,0.66,0.35000000000000003,0.17492959331850175
6702,0.66,0.36,0.17750703945724022
6703,0.66,0.37,0.18018099805420487
6704,0.66,0.38,0.1824015644689529
6705,0.66,0.39,0.18472131083392346
6706,0.66,0.4,0.18657623371829382
6707,0.66,0.41000000000000003,0.1885326131015058
6708,0.66,0.42,0.1900145717097477
6709,0.66,0.43,0.19159986337049437
6710,0.66,0.44,0.19270300891248457
6711,0.66,0.45,0.19391095658627905
6712,0.66,0.46,0.1946309353128085
6713,0.66,0.47000000000000003,0.19545677189951843
6714,0.66,0.48,0.19579074228672363
6715,0.66,0.49,0.19623120866228475
6716,0.66,0.5,0.19617785262737017
6717,0.66,0.51,0.19623121050486683
6718,0.66,0.52,0.19579073860883128
6719,0.66,0.53,0.1954567773982061
6720,0.66,0.54,0.19463092801502635
6721,0.66,0.55,0.1939109656543547
6722,0.66,0.56,0.19270299810990302
6723,0.66,0.5700000000000001,0.19159987586494898
6724,0.66,0.58,0.19001455757272992
6725,0.66,0.59,0.18853262882529434
6726,0.66,0.6,0.18657621646978906
6727,0.66,0.61,0.18472132953907242
6728,0.66,0.62,0.18240154438098033
6729,0.66,0.63,0.18018101944572287
6730,0.66,0.64,0.17750701684659922
6731,0.66,0.65,0.17492961705903176
6732,0.66,0.66,0.1719119503456412
6733,0.66,0.67,0.1689878472511943
6734,0.66,0.68,0.16563842606224893
6735,0.66,0.6900000000000001,0.16237915946143144
6736,0.66,0.7000000000000001,0.15871120274116435
6737,0.66,0.71,0.1551296351519507
6738,0.66,0.72,0.15115761897610883
6739,0.66,0.73,0.1472678848764762
6740,0.66,0.74,0.14300748531671723
6741,0.66,0.75,0.1388249353675708
6742,0.66,0.76,0.13429296661983203
6743,0.66,0.77,0.12983410708836116
6744,0.66,0.78,0.125048455109465
6745,0.66,0.79,0.12033088273191453
6746,0.66,0.8,0.1153104346464015
6747,0.66,0.81,0.11035276718723794
6748,0.66,0.8200000000000001,0.1051173367431128
6749,0.66,0.8300000000000001,0.09993913952455132
6750,0.66,0.84,0.09450938889221945
6751,0.66,0.85,0.0891310975839817
6752,0.66,0.86,0.0835284558070827
6753,0.66,0.87,0.07797129578101777
6754,0.66,0.88,0.07221787420107247
6755,0.66,0.89,0.06650377676883483
6756,0.66,0.9,0.060622281757560334
6757,0.66,0.91,0.05477379762184482
6758,0.66,0.92,0.04878744096561145
6759,0.66,0.93,0.042827651226449145
6760,0.66,0.9400000000000001,0.03676005851661193
6761,0.66,0.9500000000000001,0.03071248358388732
6762,0.66,0.96,0.02458760097458617
6763,0.66,0.97,0.018476107746207903
6764,0.66,0.98,0.012318107447665082
6765,0.66,0.99,0.0061668151196763
6766,0.66,1.0,0.0
6767,0.67,0.0,0.0
6768,0.67,0.01,0.006014339797899036
6769,0.67,0.02,0.012022290220568827
6770,0.67,0.03,0.018019283542659997
6771,0.67,0.04,0.023997133953191398
6772,0.67,0.05,0.029953113408862614
6773,0.67,0.06,0.035877271959547465
6774,0.67,0.07,0.041768732022954086
6775,0.67,0.08,0.04761581876157982
6776,0.67,0.09,0.053419508537152834
6777,0.67,0.1,0.05916644767706987
6778,0.67,0.11,0.06485946266008771
6779,0.67,0.12,0.07048357364990077
6780,0.67,0.13,0.0760434461199891
6781,0.67,0.14,0.08152253315346006
6782,0.67,0.15,0.08692732084427976
6783,0.67,0.16,0.09223976045718553
6784,0.67,0.17,0.09746813315237199
6785,0.67,0.18,0.10259295956061026
6786,0.67,0.19,0.10762428327421207
6787,0.67,0.2,0.1125412711163617
6788,0.67,0.21,0.11735568952555997
6789,0.67,0.22,0.1220454336833457
6790,0.67,0.23,0.12662394649207928
6791,0.67,0.24,0.13106793867372307
6792,0.67,0.25,0.13539247659795736
6793,0.67,0.26,0.13957317838217329
6794,0.67,0.27,0.14362667446088379
6795,0.67,0.28,0.14752758651324144
6796,0.67,0.29,0.15129404346368366
6797,0.67,0.3,0.15489977065217164
6798,0.67,0.31,0.15836432400362027
6799,0.67,0.32,0.16166063615642426
6800,0.67,0.33,0.16480961291322532
6801,0.67,0.34,0.16778350097893438
6802,0.67,0.35000000000000003,0.17060447358135783
6803,0.67,0.36,0.17324420096995655
6804,0.67,0.37,0.1757260363398934
6805,0.67,0.38,0.17802118524191723
6806,0.67,0.39,0.18015408871986388
6807,0.67,0.4,0.1820956012209141
6808,0.67,0.41000000000000003,0.18387115522084732
6809,0.67,0.42,0.18545136904920229
6810,0.67,0.43,0.18686256627879472
6811,0.67,0.44,0.18807524504503598
6812,0.67,0.45,0.18911651616010913
6813,0.67,0.46,0.18995687396941735
6814,0.67,0.47000000000000003,0.1906241095534953
6815,0.67,0.48,0.19108882989348122
6816,0.67,0.49,0.19137939667570247
6817,0.67,0.5,0.19146664550523015
6818,0.67,0.51,0.191379396752615
6819,0.67,0.52,0.19108882973995972
6820,0.67,0.53,0.1906241097830199
6821,0.67,0.54,0.18995687366479544
6822,0.67,0.55,0.18911651653862616
6823,0.67,0.56,0.18807524459411773
6824,0.67,0.5700000000000001,0.1868625668003346
6825,0.67,0.58,0.185451368459099
6826,0.67,0.59,0.18387115587718514
6827,0.67,0.6,0.18209560050093196
6828,0.67,0.61,0.1801540895006488
6829,0.67,0.62,0.17802118440341086
6830,0.67,0.63,0.17572603723281194
6831,0.67,0.64,0.17324420002614965
6832,0.67,0.65,0.17060447457232816
6833,0.67,0.66,0.1677834999447114
6834,0.67,0.67,0.16480961398661922
6835,0.67,0.68,0.1616606350480955
6836,0.67,0.6900000000000001,0.1583643251425097
6837,0.67,0.7000000000000001,0.15489976948721615
6838,0.67,0.71,0.15129404465010768
6839,0.67,0.72,0.14752758531003118
6840,0.67,0.73,0.14362667567613174
6841,0.67,0.74,0.13957317715968362
6842,0.67,0.75,0.13539247782286407
6843,0.67,0.76,0.13106793745123343
6844,0.67,0.77,0.1266239477073272
6845,0.67,0.78,0.12204543248013543
6846,0.67,0.79,0.11735569071198398
6847,0.67,0.8,0.11254126995140616
6848,0.67,0.81,0.10762428441310154
6849,0.67,0.8200000000000001,0.10259295845228152
6850,0.67,0.8300000000000001,0.09746813422576593
6851,0.67,0.84,0.09223975942296257
6852,0.67,0.85,0.08692732183525012
6853,0.67,0.86,0.08152253220965319
6854,0.67,0.87,0.07604344701290768
6855,0.67,0.88,0.0704835728113944
6856,0.67,0.89,0.06485946344087264
6857,0.67,0.9,0.05916644695708777
6858,0.67,0.91,0.05341950919349068
6859,0.67,0.92,0.0476158181714765
6860,0.67,0.93,0.041768732544494015
6861,0.67,0.9400000000000001,0.035877271508629224
6862,0.67,0.9500000000000001,0.02995311378737961
6863,0.67,0.96,0.02399713364856948
6864,0.67,0.97,0.018019283772184626
6865,0.67,0.98,0.012022290067047303
6866,0.67,0.99,0.006014339874811565
6867,0.67,1.0,0.0
6868,0.68,0.0,0.0
6869,0.68,0.01,0.005862326090472472
6870,0.68,0.02,0.011740187343570947
6871,0.68,0.03,0.017563842329640148
6872,0.68,0.04,0.023434041569083883
6873,0.68,0.05,0.02919604205076712
6874,0.68,0.06,0.035035412413533945
6875,0.68,0.07,0.040713018239110346
6876,0.68,0.08,0.04649851460238667
6877,0.68,0.09,0.05206931861604007
6878,0.68,0.1,0.0577781085425711
6879,0.68,0.11,0.06322012501897381
6880,0.68,0.12,0.06882967886194516
6881,0.68,0.13,0.07412143027871211
6882,0.68,0.14,0.07960961009062788
6883,0.68,0.15,0.08473021189611374
6884,0.68,0.16,0.09007535879087274
6885,0.68,0.17,0.09500460183268022
6886,0.68,0.18,0.10018562145617123
6887,0.68,0.19,0.10490405174495673
6888,0.68,0.2,0.10990049751697223
6889,0.68,0.21,0.1143894930106392
6890,0.68,0.22,0.1191816468097132
6891,0.68,0.23,0.12342349091483215
6892,0.68,0.24,0.12799244088771008
6893,0.68,0.25,0.13197039238795055
6894,0.68,0.26,0.13629810757675373
6895,0.68,0.27,0.13999646671220922
6896,0.68,0.28,0.1440658682049208
6897,0.68,0.29,0.1474700386413933
6898,0.68,0.3,0.1512650669650166
6899,0.68,0.31,0.15436161340854646
6900,0.68,0.32,0.15786729189911572
6901,0.68,0.33,0.16064399312822944
6902,0.68,0.34,0.16384648702772836
6903,0.68,0.35000000000000003,0.16629238413396344
6904,0.68,0.36,0.16917905518106738
6905,0.68,0.37,0.17128449482725042
6906,0.68,0.38,0.1738439511265848
6907,0.68,0.39,0.17560062365200835
6908,0.68,0.4,0.17782276462524088
6909,0.68,0.41000000000000003,0.17922373684723109
6910,0.68,0.42,0.1810997930887162
6911,0.68,0.43,0.18213953567102603
6912,0.68,0.44,0.18366210355081372
6913,0.68,0.45,0.1843365128307323
6914,0.68,0.46,0.1854995837084727
6915,0.68,0.47000000000000003,0.1858059978964242
6916,0.68,0.48,0.1866049818309491
6917,0.68,0.49,0.1865421915185818
6918,0.68,0.5,0.18697393537965246
6919,0.68,0.51,0.1865421883148951
6920,0.68,0.52,0.186604988225679
6921,0.68,0.53,0.18580598833588827
6922,0.68,0.54,0.18549959639708363
6923,0.68,0.55,0.1843364970641225
6924,0.68,0.56,0.18366212233319873
6925,0.68,0.5700000000000001,0.18213951394699124
6926,0.68,0.58,0.1810998176686659
6927,0.68,0.59,0.17922370950837224
6928,0.68,0.6,0.1778227946151148
6929,0.68,0.61,0.17560059112947557
6930,0.68,0.62,0.17384398605342471
6931,0.68,0.63,0.17128445763394354
6932,0.68,0.64,0.1691790944940562
6933,0.68,0.65,0.16629234285644312
6934,0.68,0.66,0.16384653010687658
6935,0.68,0.67,0.160643948417467
6936,0.68,0.68,0.15786733806503944
6937,0.68,0.6900000000000001,0.15436156596965725
6938,0.68,0.7000000000000001,0.15126511548965169
6939,0.68,0.71,0.14746998922251686
6940,0.68,0.72,0.14406591832300483
6941,0.68,0.73,0.13999641609271074
6942,0.68,0.74,0.13629815849789462
6943,0.68,0.75,0.13197034136612973
6944,0.68,0.76,0.12799249180885103
6945,0.68,0.77,0.12342344029533361
6946,0.68,0.78,0.11918169692779729
6947,0.68,0.79,0.11438944359176273
6948,0.68,0.8,0.10990054604160736
6949,0.68,0.81,0.10490400430606749
6950,0.68,0.8200000000000001,0.10018566762209495
6951,0.68,0.8300000000000001,0.09500455712191783
6952,0.68,0.84,0.0900754018700208
6953,0.68,0.85,0.08473017061859366
6954,0.68,0.86,0.07960964940361645
6955,0.68,0.87,0.07412139308540544
6956,0.68,0.88,0.0688297137887849
6957,0.68,0.89,0.06322009249644127
6958,0.68,0.9,0.05777813853244487
6959,0.68,0.91,0.0520692912771814
6960,0.68,0.92,0.046498539182336256
6961,0.68,0.93,0.040712996515075685
6962,0.68,0.9400000000000001,0.035035431195918856
6963,0.68,0.9500000000000001,0.029196026284157444
6964,0.68,0.96,0.023434054257694716
6965,0.68,0.97,0.01756383276910431
6966,0.68,0.98,0.011740193738300722
6967,0.68,0.99,0.005862322886785839
6968,0.68,1.0,0.0
6969,0.6900000000000001,0.0,0.0
6970,0.6900000000000001,0.01,0.005725350010558122
6971,0.6900000000000001,0.02,0.011442304449092475
6972,0.6900000000000001,0.03,0.017153454692949068
6973,0.6900000000000001,0.04,0.022839451345818815
6974,0.6900000000000001,0.05,0.02851386253261008
6975,0.6900000000000001,0.06,0.03414646135410774
6976,0.6900000000000001,0.07,0.03976173919394806
6977,0.6900000000000001,0.08,0.045318710867138366
6978,0.6900000000000001,0.09,0.05085269445035696
6979,0.6900000000000001,0.1,0.05631210811639278
6980,0.6900000000000001,0.11,0.061742957372100525
6981,0.6900000000000001,0.12,0.06708326718178279
6982,0.6900000000000001,0.13,0.07238954907011684
6983,0.6900000000000001,0.14,0.0775896792161114
6984,0.6900000000000001,0.15,0.08275045231400466
6985,0.6900000000000001,0.16,0.08778988020812328
6986,0.6900000000000001,0.17,0.09278477735478746
6987,0.6900000000000001,0.18,0.0976436146220596
6988,0.6900000000000001,0.19,0.10245292329802974
6989,0.6900000000000001,0.2,0.10711199426790557
6990,0.6900000000000001,0.21,0.11171673439043991
6991,0.6900000000000001,0.22,0.11615765177534207
6992,0.6900000000000001,0.23,0.12053965060316855
6993,0.6900000000000001,0.24,0.12474488806570914
6994,0.6900000000000001,0.25,0.12888685191751906
6995,0.6900000000000001,0.26,0.1328398132399768
6996,0.6900000000000001,0.27,0.13672539574364126
6997,0.6900000000000001,0.28,0.1404104803267016
6998,0.6900000000000001,0.29,0.1440243469298795
6999,0.6900000000000001,0.3,0.14742701136212816
7000,0.6900000000000001,0.31,0.15075489984968726
7001,0.6900000000000001,0.32,0.1538617153048536
7002,0.6900000000000001,0.33,0.15689049208428762
7003,0.6900000000000001,0.34,0.15968919731970083
7004,0.6900000000000001,0.35000000000000003,0.1624069092524254
7005,0.6900000000000001,0.36,0.1648864589995065
7006,0.6900000000000001,0.37,0.16728238057349584
7007,0.6900000000000001,0.38,0.16943298912929536
7008,0.6900000000000001,0.39,0.17149766478690504
7009,0.6900000000000001,0.4,0.17331084463463595
7010,0.6900000000000001,0.41000000000000003,0.17503612608857713
7011,0.6900000000000001,0.42,0.17650472139471285
7012,0.6900000000000001,0.43,0.17788379978492116
7013,0.6900000000000001,0.44,0.17900201464064838
7014,0.6900000000000001,0.45,0.18002944740515084
7015,0.6900000000000001,0.46,0.18079286870071082
7016,0.6900000000000001,0.47000000000000003,0.18146460105445197
7017,0.6900000000000001,0.48,0.18187021589608826
7018,0.6900000000000001,0.49,0.1821835968329567
7019,0.6900000000000001,0.5,0.18222980443372466
7020,0.6900000000000001,0.51,0.18218359718863286
7021,0.6900000000000001,0.52,0.18187021518613955
7022,0.6900000000000001,0.53,0.1814646021158713
7023,0.6900000000000001,0.54,0.18079286729200975
7024,0.6900000000000001,0.55,0.1800294491555741
7025,0.6900000000000001,0.56,0.17900201255541098
7026,0.6900000000000001,0.5700000000000001,0.17788380219674313
7027,0.6900000000000001,0.58,0.17650471866582454
7028,0.6900000000000001,0.59,0.17503612912376193
7029,0.6900000000000001,0.6,0.17331084130513294
7030,0.6900000000000001,0.61,0.17149766839758607
7031,0.6900000000000001,0.62,0.16943298525168587
7032,0.6900000000000001,0.63,0.16728238470273046
7033,0.6900000000000001,0.64,0.16488645463494286
7034,0.6900000000000001,0.65,0.16240691383509306
7035,0.6900000000000001,0.66,0.1596891925370148
7036,0.6900000000000001,0.67,0.15689049704811692
7037,0.6900000000000001,0.68,0.15386171017947098
7038,0.6900000000000001,0.6900000000000001,0.15075490511639575
7039,0.6900000000000001,0.7000000000000001,0.14742700597487918
7040,0.6900000000000001,0.71,0.144024352416408
7041,0.6900000000000001,0.72,0.14041047476254642
7042,0.6900000000000001,0.73,0.1367254013634639
7043,0.6900000000000001,0.74,0.1328398075866655
7044,0.6900000000000001,0.75,0.12888685758200788
7045,0.6900000000000001,0.76,0.1247448824123979
7046,0.6900000000000001,0.77,0.12053965622299119
7047,0.6900000000000001,0.78,0.1161576462111869
7048,0.6900000000000001,0.79,0.1117167398769684
7049,0.6900000000000001,0.8,0.10711198888065657
7050,0.6900000000000001,0.81,0.10245292856473823
7051,0.6900000000000001,0.8200000000000001,0.09764360949667689
7052,0.6900000000000001,0.8300000000000001,0.09278478231861682
7053,0.6900000000000001,0.84,0.08778987542543717
7054,0.6900000000000001,0.85,0.08275045689667238
7055,0.6900000000000001,0.86,0.07758967485154773
7056,0.6900000000000001,0.87,0.0723895531993515
7057,0.6900000000000001,0.88,0.06708326330417336
7058,0.6900000000000001,0.89,0.06174296098278159
7059,0.6900000000000001,0.9,0.05631210478688979
7060,0.6900000000000001,0.91,0.05085269748554185
7061,0.6900000000000001,0.92,0.04531870813825006
7062,0.6900000000000001,0.93,0.039761741605770104
7063,0.6900000000000001,0.9400000000000001,0.034146459268870326
7064,0.6900000000000001,0.9500000000000001,0.0285138642830334
7065,0.6900000000000001,0.96,0.022839449937117725
7066,0.6900000000000001,0.97,0.017153455754368434
7067,0.6900000000000001,0.98,0.011442303739143773
7068,0.6900000000000001,0.99,0.00572535036623432
7069,0.6900000000000001,1.0,0.0
7070,0.7000000000000001,0.0,0.0
7071,0.7000000000000001,0.01,0.005587012105624915
7072,0.7000000000000001,0.02,0.011161076257388434
7073,0.7000000000000001,0.03,0.01673898693758794
7074,0.7000000000000001,0.04,0.022278104835757404
7075,0.7000000000000001,0.05,0.027824900650437856
7076,0.7000000000000001,0.06,0.03330721189231144
7077,0.7000000000000001,0.07,0.03880100221716827
7078,0.7000000000000001,0.08,0.04420487057064839
7079,0.7000000000000001,0.09,0.049623973988754656
7080,0.7000000000000001,0.1,0.054928072781527025
7081,0.7000000000000001,0.11,0.06025110264897754
7082,0.7000000000000001,0.12,0.06543449893629039
7083,0.7000000000000001,0.13,0.07064044778422872
7084,0.7000000000000001,0.14,0.07568268496308211
7085,0.7000000000000001,0.15,0.08075100740303466
7086,0.7000000000000001,0.16,0.08563218594671732
7087,0.7000000000000001,0.17,0.0905428797520691
7088,0.7000000000000001,0.18,0.09524373574639386
7089,0.7000000000000001,0.19,0.09997742079004285
7090,0.7000000000000001,0.2,0.10447940196130431
7091,0.7000000000000001,0.21,0.10901739669799519
7092,0.7000000000000001,0.22,0.1133027356325688
7093,0.7000000000000001,0.23,0.11762713082409897
7094,0.7000000000000001,0.24,0.12167891509068224
7095,0.7000000000000001,0.25,0.12577264448305722
7096,0.7000000000000001,0.26,0.1295748833807747
7097,0.7000000000000001,0.27,0.13342179105442117
7098,0.7000000000000001,0.28,0.13695947872332997
7099,0.7000000000000001,0.29,0.14054438285060442
7100,0.7000000000000001,0.3,0.14380355749549278
7101,0.7000000000000001,0.31,0.14711231025390467
7102,0.7000000000000001,0.32,0.1500801092476139
7103,0.7000000000000001,0.33,0.1530996526523524
7104,0.7000000000000001,0.34,0.15576436330111548
7105,0.7000000000000001,0.35000000000000003,0.15848278073657326
7106,0.7000000000000001,0.36,0.16083388650698452
7107,0.7000000000000001,0.37,0.16324044975394464
7108,0.7000000000000001,0.38,0.16526867177908658
7109,0.7000000000000001,0.39,0.16735388335201326
7110,0.7000000000000001,0.4,0.1690512170529014
7111,0.7000000000000001,0.41000000000000003,0.17080684768028168
7112,0.7000000000000001,0.42,0.1721665943580668
7113,0.7000000000000001,0.43,0.17358571545791507
7114,0.7000000000000001,0.44,0.17460250873213556
7115,0.7000000000000001,0.45,0.17567951975452153
7116,0.7000000000000001,0.46,0.17634934674304117
7117,0.7000000000000001,0.47000000000000003,0.177079997271755
7118,0.7000000000000001,0.48,0.17740021442877854
7119,0.7000000000000001,0.49,0.17778162095492636
7120,0.7000000000000001,0.5,0.1777509645045717
7121,0.7000000000000001,0.51,0.17778162180591667
7122,0.7000000000000001,0.52,0.17740021273015638
7123,0.7000000000000001,0.53,0.17707999981130526
7124,0.7000000000000001,0.54,0.17634934337258523
7125,0.7000000000000001,0.55,0.17567952394258143
7126,0.7000000000000001,0.56,0.17460250374299996
7127,0.7000000000000001,0.5700000000000001,0.1735857212284364
7128,0.7000000000000001,0.58,0.17216658782893315
7129,0.7000000000000001,0.59,0.17080685494225997
7130,0.7000000000000001,0.6,0.169051209086738
7131,0.7000000000000001,0.61,0.16735389199092282
7132,0.7000000000000001,0.62,0.16526866250152464
7133,0.7000000000000001,0.63,0.16324045963354467
7134,0.7000000000000001,0.64,0.16083387606433663
7135,0.7000000000000001,0.65,0.1584827917010566
7136,0.7000000000000001,0.66,0.15576435185806847
7137,0.7000000000000001,0.67,0.15309966452880255
7138,0.7000000000000001,0.68,0.15008009698463148
7139,0.7000000000000001,0.6900000000000001,0.1471123228550229
7140,0.7000000000000001,0.7000000000000001,0.14380354460596956
7141,0.7000000000000001,0.71,0.14054439597766355
7142,0.7000000000000001,0.72,0.13695946541054144
7143,0.7000000000000001,0.73,0.13342180450039967
7144,0.7000000000000001,0.74,0.1295748698546714
7145,0.7000000000000001,0.75,0.12577265803590404
7146,0.7000000000000001,0.76,0.12167890156457893
7147,0.7000000000000001,0.77,0.11762714427007753
7148,0.7000000000000001,0.78,0.11330272231978021
7149,0.7000000000000001,0.79,0.10901740982505441
7150,0.7000000000000001,0.8,0.10447938907178107
7151,0.7000000000000001,0.81,0.09997743339116114
7152,0.7000000000000001,0.8200000000000001,0.09524372348341148
7153,0.7000000000000001,0.8300000000000001,0.09054289162851924
7154,0.7000000000000001,0.84,0.08563217450367036
7155,0.7000000000000001,0.85,0.080751018367518
7156,0.7000000000000001,0.86,0.07568267452043424
7157,0.7000000000000001,0.87,0.07064045766382883
7158,0.7000000000000001,0.88,0.06543448965872835
7159,0.7000000000000001,0.89,0.06025111128788721
7160,0.7000000000000001,0.9,0.05492806481536357
7161,0.7000000000000001,0.91,0.04962398125073312
7162,0.7000000000000001,0.92,0.04420486404151465
7163,0.7000000000000001,0.93,0.038801007987689796
7164,0.7000000000000001,0.9400000000000001,0.033307206903175776
7165,0.7000000000000001,0.9500000000000001,0.027824904838497845
7166,0.7000000000000001,0.96,0.02227810146530147
7167,0.7000000000000001,0.97,0.016738989477138193
7168,0.7000000000000001,0.98,0.011161074558766321
7169,0.7000000000000001,0.99,0.005587012956615208
7170,0.7000000000000001,1.0,0.0
7171,0.71,0.0,0.0
7172,0.71,0.01,0.005449436196502547
7173,0.71,0.02,0.010891917685966389
7174,0.71,0.03,0.01632680215537994
7175,0.71,0.04,0.021740849947015174
7176,0.71,0.05,0.02713973368792972
7177,0.71,0.06,0.03250398100209199
7178,0.71,0.07,0.03784555709515166
7179,0.71,0.08,0.04313883368836163
7180,0.71,0.09,0.048402021384811034
7181,0.71,0.1,0.053603437099191714
7182,0.71,0.11,0.05876746501677506
7183,0.71,0.12,0.06385649222417293
7184,0.71,0.13,0.06890098032205279
7185,0.71,0.14,0.0738575349374702
7186,0.71,0.15,0.0787625749466519
7187,0.71,0.16,0.08356709569126364
7188,0.71,0.17,0.08831332968310793
7189,0.71,0.18,0.09294685528404191
7190,0.71,0.19,0.09751555206679673
7191,0.71,0.2,0.10195979608900145
7192,0.71,0.21,0.10633292513085678
7193,0.71,0.22,0.11057034814572186
7194,0.71,0.23,0.11473065073265315
7195,0.71,0.24,0.1187445295385601
7196,0.71,0.25,0.1226755868861397
7197,0.71,0.26,0.12645008050775391
7198,0.71,0.27,0.1301363785581314
7199,0.71,0.28,0.1336565907639593
7200,0.71,0.29,0.1370835814122937
7201,0.71,0.3,0.14033561950376935
7202,0.71,0.31,0.14348977801248802
7203,0.71,0.32,0.1464608076525682
7204,0.71,0.33,0.1493296860268719
7205,0.71,0.34,0.15200798189174897
7206,0.71,0.35000000000000003,0.15458025800572137
7207,0.71,0.36,0.15695525005974795
7208,0.71,0.37,0.1592207723391982
7209,0.71,0.38,0.16128308755039025
7210,0.71,0.39,0.16323291503609275
7211,0.71,0.4,0.1649744143675736
7212,0.71,0.41000000000000003,0.16660085200079916
7213,0.71,0.42,0.1680146625321894
7214,0.71,0.43,0.16931129152327812
7215,0.71,0.44,0.17039183357525856
7216,0.71,0.45,0.1713535367353877
7217,0.71,0.46,0.1720965458903818
7218,0.71,0.47000000000000003,0.17271952782656066
7219,0.71,0.48,0.17312207175862815
7220,0.71,0.49,0.1734038738522219
7221,0.71,0.5,0.1734643638997394
7222,0.71,0.51,0.17340387400941212
7223,0.71,0.52,0.17312207144486805
7224,0.71,0.53,0.17271952829565235
7225,0.71,0.54,0.1720965452678098
7226,0.71,0.55,0.17135353750898302
7227,0.71,0.56,0.1703918326536929
7228,0.71,0.5700000000000001,0.16931129258917701
7229,0.71,0.58,0.16801466132616386
7230,0.71,0.59,0.1666008533421918
7231,0.71,0.6,0.1649744128961078
7232,0.71,0.61,0.16323291663182457
7233,0.71,0.62,0.16128308583669015
7234,0.71,0.63,0.1592207741641035
7235,0.71,0.64,0.15695524813083958
7236,0.71,0.65,0.15458026003102032
7237,0.71,0.66,0.15200797977805242
7238,0.71,0.67,0.14932968822062434
7239,0.71,0.68,0.14646080538741765
7240,0.71,0.6900000000000001,0.14348978034009716
7241,0.71,0.7000000000000001,0.1403356171228877
7242,0.71,0.71,0.13708358383705171
7243,0.71,0.72,0.13365658830489444
7244,0.71,0.73,0.13013638104179848
7245,0.71,0.74,0.1264500780092867
7246,0.71,0.75,0.12267558938954688
7247,0.71,0.76,0.11874452704009286
7248,0.71,0.77,0.11473065321632023
7249,0.71,0.78,0.11057034568665694
7250,0.71,0.79,0.10633292755561484
7251,0.71,0.8,0.10195979370811976
7252,0.71,0.81,0.09751555439440587
7253,0.71,0.8200000000000001,0.09294685301889138
7254,0.71,0.8300000000000001,0.08831333187686037
7255,0.71,0.84,0.08356709357756706
7256,0.71,0.85,0.07876257697195088
7257,0.71,0.86,0.07385753300856185
7258,0.71,0.87,0.0689009821469581
7259,0.71,0.88,0.0638564905104728
7260,0.71,0.89,0.05876746661250687
7261,0.71,0.9,0.053603435627725904
7262,0.71,0.91,0.04840202272620368
7263,0.71,0.92,0.04313883248233605
7264,0.71,0.93,0.0378455581610506
7265,0.71,0.9400000000000001,0.03250398008052635
7266,0.71,0.9500000000000001,0.027139734461525084
7267,0.71,0.96,0.021740849324443135
7268,0.71,0.97,0.01632680262447167
7269,0.71,0.98,0.010891917372206275
7270,0.71,0.99,0.0054494363536927845
7271,0.71,1.0,0.0
7272,0.72,0.0,0.0
7273,0.72,0.01,0.005314884109088284
7274,0.72,0.02,0.010629976053806786
7275,0.72,0.03,0.015923676904990938
7276,0.72,0.04,0.02121800045416197
7277,0.72,0.05,0.02646962621452552
7278,0.72,0.06,0.03172228711153499
7279,0.72,0.07,0.03691111198826151
7280,0.72,0.08,0.04210138041083364
7281,0.72,0.09,0.04720692644683939
7282,0.72,0.1,0.052314318817692496
7283,0.72,0.11,0.05731643670933281
7284,0.72,0.12,0.06232079653485466
7285,0.72,0.13,0.06719974515274463
7286,0.72,0.14,0.07208132257066399
7287,0.72,0.15,0.07681784686976968
7288,0.72,0.16,0.08155737659189859
7289,0.72,0.17,0.08613278360340948
7290,0.72,0.18,0.09071156094586662
7291,0.72,0.19,0.09510779355092808
7292,0.72,0.2,0.09950774825180343
7293,0.72,0.21,0.10370745644594051
7294,0.72,0.22,0.10791122397909547
7295,0.72,0.23,0.11189783334606035
7296,0.72,0.24,0.11588882344964002
7297,0.72,0.25,0.11964660057442766
7298,0.72,0.26,0.12340906272365597
7299,0.72,0.27,0.12692317728651112
7300,0.72,0.28,0.1304422628523993
7301,0.72,0.29,0.13369884615873578
7302,0.72,0.3,0.13696066700741474
7303,0.72,0.31,0.13994686672263404
7304,0.72,0.32,0.14293855002406805
7305,0.72,0.33,0.14564258089724133
7306,0.72,0.34,0.1483523199270402
7307,0.72,0.35000000000000003,0.15076351030324892
7308,0.72,0.36,0.15318061103710892
7309,0.72,0.37,0.15528944497485941
7310,0.72,0.38,0.15740436829176654
7311,0.72,0.39,0.15920252311924094
7312,0.72,0.4,0.16100692244689876
7313,0.72,0.41000000000000003,0.1624873016088061
7314,0.72,0.42,0.163974055862737
7315,0.72,0.43,0.16513081692811615
7316,0.72,0.44,0.1662940586144561
7317,0.72,0.45,0.16712263633488153
7318,0.72,0.46,0.16795777470597317
7319,0.72,0.47000000000000003,0.16845489903315122
7320,0.72,0.48,0.16895863820456228
7321,0.72,0.49,0.16912234719619976
7322,0.72,0.5,0.1692926991536761
7323,0.72,0.51,0.1691223467166808
7324,0.72,0.52,0.16895863916170775
7325,0.72,0.53,0.1684548976021567
7326,0.72,0.54,0.1679577766051693
7327,0.72,0.55,0.16712263397497912
7328,0.72,0.56,0.16629406142575143
7329,0.72,0.5700000000000001,0.16513081367652283
7330,0.72,0.58,0.16397405954179578
7331,0.72,0.59,0.1624872975168015
7332,0.72,0.6,0.16100692693569998
7333,0.72,0.61,0.1592025182513584
7334,0.72,0.62,0.15740437351951916
7335,0.72,0.63,0.15528943940786835
7336,0.72,0.64,0.15318061692136814
7337,0.72,0.65,0.1507635041249441
7338,0.72,0.66,0.14835232637500773
7339,0.72,0.67,0.14564257420505833
7340,0.72,0.68,0.1429385569340556
7341,0.72,0.6900000000000001,0.1399468596221125
7342,0.72,0.7000000000000001,0.13696067427044775
7343,0.72,0.71,0.13369883876185523
7344,0.72,0.72,0.13044227035393535
7345,0.72,0.73,0.1269231697099248
7346,0.72,0.74,0.12340907034539134
7347,0.72,0.75,0.11964659293762285
7348,0.72,0.76,0.11588883107137542
7349,0.72,0.77,0.11189782576947398
7350,0.72,0.78,0.10791123148063156
7351,0.72,0.79,0.1037074490490599
7352,0.72,0.8,0.09950775551483651
7353,0.72,0.81,0.09510778645040646
7354,0.72,0.8200000000000001,0.0907115678558543
7355,0.72,0.8300000000000001,0.08613277691122635
7356,0.72,0.84,0.08155738303986623
7357,0.72,0.85,0.07681784069146476
7358,0.72,0.86,0.07208132845492331
7359,0.72,0.87,0.06719973958575345
7360,0.72,0.88,0.06232080176260737
7361,0.72,0.89,0.057316431841450174
7362,0.72,0.9,0.05231432330649382
7363,0.72,0.91,0.047206922354834695
7364,0.72,0.92,0.042101384089892474
7365,0.72,0.93,0.03691110873666814
7366,0.72,0.9400000000000001,0.03172228992283038
7367,0.72,0.9500000000000001,0.026469623854623023
7368,0.72,0.96,0.021218002353358117
7369,0.72,0.97,0.015923675473996403
7370,0.72,0.98,0.010629977010952238
7371,0.72,0.99,0.005314883629569338
7372,0.72,1.0,0.0
7373,0.73,0.0,0.0
7374,0.73,0.01,0.005181700630298106
7375,0.73,0.02,0.010378236967587126
7376,0.73,0.03,0.01552465207673544
7377,0.73,0.04,0.02071551579332274
7378,0.73,0.05,0.025806334786912934
7379,0.73,0.06,0.030971039978143884
7380,0.73,0.07,0.035986171638867255
7381,0.73,0.08,0.0411043356706389
7382,0.73,0.09,0.046023987450412134
7383,0.73,0.1,0.0510754113985763
7384,0.73,0.11,0.05588016753249389
7385,0.73,0.12,0.060844915896716714
7386,0.73,0.13,0.06551581403052152
7387,0.73,0.14,0.07037429340803734
7388,0.73,0.15,0.07489289943665936
7389,0.73,0.16,0.0796259358454702
7390,0.73,0.17,0.08397441666723579
7391,0.73,0.18,0.08856333121364464
7392,0.73,0.19,0.09272452511297778
7393,0.73,0.2,0.09715120770488413
7394,0.73,0.21,0.10110869208567498
7395,0.73,0.22,0.10535567290077939
7396,0.73,0.23,0.10909382910304527
7397,0.73,0.24,0.11314434752997453
7398,0.73,0.25,0.11664842247394595
7399,0.73,0.26,0.12048649325428742
7400,0.73,0.27,0.12374265766856903
7401,0.73,0.28,0.1273531339788516
7402,0.73,0.29,0.1303485369827875
7403,0.73,0.3,0.1337171702075245
7404,0.73,0.31,0.13643999003228463
7405,0.73,0.32,0.13955348599225453
7406,0.73,0.33,0.14199297664039648
7407,0.73,0.34,0.14483904805432454
7408,0.73,0.35000000000000003,0.14698558171361836
7409,0.73,0.36,0.14955299668628494
7410,0.73,0.37,0.15139810173034515
7411,0.73,0.38,0.1536767280758271
7412,0.73,0.39,0.1552131225015158
7413,0.73,0.4,0.1571939677266996
7414,0.73,0.41000000000000003,0.15841558789627988
7415,0.73,0.42,0.16009083468690494
7416,0.73,0.43,0.1609928592614589
7417,0.73,0.44,0.16235589633069625
7418,0.73,0.45,0.16293476530030512
7419,0.73,0.46,0.1639802134781694
7420,0.73,0.47000000000000003,0.16423364221371223
7421,0.73,0.48,0.1649573756743808
7422,0.73,0.49,0.16488436394546385
7423,0.73,0.5,0.16528352648875605
7424,0.73,0.51,0.1648843624121582
7425,0.73,0.52,0.1649573787349408
7426,0.73,0.53,0.16423363763797647
7427,0.73,0.54,0.16398021955102254
7428,0.73,0.55,0.16293475775430136
7429,0.73,0.56,0.16235590532006994
7430,0.73,0.5700000000000001,0.1609928488641922
7431,0.73,0.58,0.16009084645103136
7432,0.73,0.59,0.15841557481172133
7433,0.73,0.6,0.15719398208005153
7434,0.73,0.61,0.15521310693601664
7435,0.73,0.62,0.15367674479204368
7436,0.73,0.63,0.15139808392938256
7437,0.73,0.64,0.14955301550174135
7438,0.73,0.65,0.14698556195792412
7439,0.73,0.66,0.14483906867228993
7440,0.73,0.67,0.14199295524152963
7441,0.73,0.68,0.1395535080875712
7442,0.73,0.6900000000000001,0.1364399673277183
7443,0.73,0.7000000000000001,0.1337171934317359
7444,0.73,0.71,0.13034851333058636
7445,0.73,0.72,0.12735315796569815
7446,0.73,0.73,0.12374263344174219
7447,0.73,0.74,0.12048651762548238
7448,0.73,0.75,0.11664839805456494
7449,0.73,0.76,0.11314437190116952
7450,0.73,0.77,0.10909380487621835
7451,0.73,0.78,0.1053556968876261
7452,0.73,0.79,0.10110866843347369
7453,0.73,0.8,0.09715123092909562
7454,0.73,0.81,0.09272450240841147
7455,0.73,0.8200000000000001,0.08856335330896126
7456,0.73,0.8300000000000001,0.08397439526836903
7457,0.73,0.84,0.07962595646343561
7458,0.73,0.85,0.07489287968096507
7459,0.73,0.86,0.07037431222349387
7460,0.73,0.87,0.0655157962295588
7461,0.73,0.88,0.06084493261293341
7462,0.73,0.89,0.05588015196699455
7463,0.73,0.9,0.05107542575192842
7464,0.73,0.91,0.046023974365853426
7465,0.73,0.92,0.04110434743476548
7466,0.73,0.93,0.03598616124160048
7467,0.73,0.9400000000000001,0.030971048967517654
7468,0.73,0.9500000000000001,0.025806327240909165
7469,0.73,0.96,0.020715521866175902
7470,0.73,0.97,0.015524647500999692
7471,0.73,0.98,0.010378240028147138
7472,0.73,0.99,0.005181699096992476
7473,0.73,1.0,0.0
7474,0.74,0.0,0.0
7475,0.74,0.01,0.00506115307381847
7476,0.74,0.02,0.01011386160402827
7477,0.74,0.03,0.015163485163849855
7478,0.74,0.04,0.020187808414182825
7479,0.74,0.05,0.025205973909523276
7480,0.74,0.06,0.030182083162088726
7481,0.74,0.07,0.03514898619836287
7482,0.74,0.08,0.0400572430086867
7483,0.74,0.09,0.044953281505916196
7484,0.74,0.1,0.049774315207139916
7485,0.74,0.11,0.05458016676013717
7486,0.74,0.12,0.05929495091049941
7487,0.74,0.13,0.0639916490452268
7488,0.74,0.14,0.06858157651711926
7489,0.74,0.15,0.07315058554227998
7490,0.74,0.16,0.07759754195652943
7491,0.74,0.17,0.08202083011499142
7492,0.74,0.18,0.08630726533054942
7493,0.74,0.19,0.090567375961915
7494,0.74,0.2,0.09467637333880964
7495,0.74,0.21,0.09875649377229292
7496,0.74,0.22,0.10267183693448498
7497,0.74,0.23,0.1065558648402177
7498,0.74,0.24,0.11026210167486873
7499,0.74,0.25,0.11393470861178606
7500,0.74,0.26,0.11741721225235287
7501,0.74,0.27,0.12086390416187497
7502,0.74,0.28,0.12410893071434712
7503,0.74,0.29,0.1273161051211263
7504,0.74,0.3,0.13031084790557726
7505,0.74,0.31,0.13326584759957585
7506,0.74,0.32,0.13599848769295028
7507,0.74,0.33,0.13868965068100217
7508,0.74,0.34,0.14114940356165923
7509,0.74,0.35000000000000003,0.14356610909138803
7510,0.74,0.36,0.14574326720130631
7511,0.74,0.37,0.14787597767577654
7512,0.74,0.38,0.1497619487324365
7513,0.74,0.39,0.15160224735012823
7514,0.74,0.4,0.15318958825686374
7515,0.74,0.41000000000000003,0.15473021222843222
7516,0.74,0.42,0.15601265844941414
7517,0.74,0.43,0.1572475276601512
7518,0.74,0.44,0.15822001794406546
7519,0.74,0.45,0.15914425894895184
7520,0.74,0.46,0.1598029553037926
7521,0.74,0.47000000000000003,0.16041292056044992
7522,0.74,0.48,0.16075522340059117
7523,0.74,0.49,0.16104850566423465
7524,0.74,0.5,0.1610730640699968
7525,0.74,0.51,0.16104850589358213
7526,0.74,0.52,0.16075522294280137
7527,0.74,0.53,0.16041292124487544
7528,0.74,0.54,0.15980295439543257
7529,0.74,0.55,0.15914426007766158
7530,0.74,0.56,0.15822001659946056
7531,0.74,0.5700000000000001,0.15724752921534474
7532,0.74,0.58,0.15601265668976963
7533,0.74,0.59,0.1547302141855832
7534,0.74,0.6,0.15318958610993025
7535,0.74,0.61,0.15160224967837124
7536,0.74,0.62,0.14976194623207248
7537,0.74,0.63,0.1478759803383938
7538,0.74,0.64,0.145743264386944
7539,0.74,0.65,0.1435661120463885
7540,0.74,0.66,0.14114940047768273
7541,0.74,0.67,0.13868965388178367
7542,0.74,0.68,0.1359984843879958
7543,0.74,0.6900000000000001,0.13326585099566024
7544,0.74,0.7000000000000001,0.13031084443176585
7545,0.74,0.71,0.12731610865895515
7546,0.74,0.72,0.12410892712646295
7547,0.74,0.73,0.12086390778565471
7548,0.74,0.74,0.11741720860697898
7549,0.74,0.75,0.1139347122643675
7550,0.74,0.76,0.11026209802949485
7551,0.74,0.77,0.10655586846399742
7552,0.74,0.78,0.10267183334660081
7553,0.74,0.79,0.09875649731012179
7554,0.74,0.8,0.09467636986499826
7555,0.74,0.81,0.09056737935799933
7556,0.74,0.8200000000000001,0.08630726202559491
7557,0.74,0.8300000000000001,0.08202083331577295
7558,0.74,0.84,0.0775975388725529
7559,0.74,0.85,0.07315058849728044
7560,0.74,0.86,0.06858157370275689
7561,0.74,0.87,0.0639916517078441
7562,0.74,0.88,0.059294948410135356
7563,0.74,0.89,0.05458016908838022
7564,0.74,0.9,0.04977431306020641
7565,0.74,0.91,0.044953283463067206
7566,0.74,0.92,0.040057241249042176
7567,0.74,0.93,0.035148987753556425
7568,0.74,0.9400000000000001,0.030182081817483813
7569,0.74,0.9500000000000001,0.025205975038233026
7570,0.74,0.96,0.02018780750582276
7571,0.74,0.97,0.015163485848275374
7572,0.74,0.98,0.010113861146238428
7573,0.74,0.99,0.00506115330316596
7574,0.74,1.0,0.0
7575,0.75,0.0,0.0
7576,0.75,0.01,0.004938679252831995
7577,0.75,0.02,0.009865652345724629
7578,0.75,0.03,0.014796547050118777
7579,0.75,0.04,0.019692369464106265
7580,0.75,0.05,0.024596019643158135
7581,0.75,0.06,0.029441369787430904
7582,0.75,0.07,0.03429842299516144
7583,0.75,0.08,0.039074178460816955
7584,0.75,0.09,0.04386546615710411
7585,0.75,0.1,0.04855277918496099
7586,0.75,0.11,0.05325939238453855
7587,0.75,0.12,0.05783976424917053
7588,0.75,0.13,0.06244312814614967
7589,0.75,0.14,0.06689848216257134
7590,0.75,0.15,0.07138042943598531
7591,0.75,0.16,0.07569318230085476
7592,0.75,0.17,0.08003602481193509
7593,0.75,0.18,0.08418915599771014
7594,0.75,0.19,0.08837575459595083
7595,0.75,0.2,0.0923528735241177
7596,0.75,0.21,0.09636670568664978
7597,0.75,0.22,0.10015211641490666
7598,0.75,0.23,0.10397734145225736
7599,0.75,0.24,0.10755610462034552
7600,0.75,0.25,0.11117762619126208
7601,0.75,0.26,0.11453561798095488
7602,0.75,0.27,0.11793914366959339
7603,0.75,0.28,0.12106311154613673
7604,0.75,0.29,0.12423520926651069
7605,0.75,0.3,0.12711282428151047
7606,0.75,0.31,0.13004097528661515
7607,0.75,0.32,0.13266088073593707
7608,0.75,0.33,0.13533352902236548
7609,0.75,0.34,0.13768538526699867
7610,0.75,0.35000000000000003,0.14009198318008986
7611,0.75,0.36,0.14216650845306836
7612,0.75,0.37,0.14429755831262334
7613,0.75,0.38,0.14608656535094242
7614,0.75,0.39,0.14793365693324625
7615,0.75,0.4,0.1494300852901875
7616,0.75,0.41000000000000003,0.1509859290184294
7617,0.75,0.42,0.15218387292875804
7618,0.75,0.43,0.153442328640875
7619,0.75,0.44,0.1543370603289256
7620,0.75,0.45,0.15529316150934921
7621,0.75,0.46,0.15588114984800072
7622,0.75,0.47000000000000003,0.15653112322768603
7623,0.75,0.48,0.15681004767457896
7624,0.75,0.49,0.1571513281219711
7625,0.75,0.5,0.1571200878779597
7626,0.75,0.51,0.15715132852213706
7627,0.75,0.52,0.15681004687582634
7628,0.75,0.53,0.15653112442187306
7629,0.75,0.54,0.15588114826309224
7630,0.75,0.55,0.1552931634787243
7631,0.75,0.56,0.15433705798285624
7632,0.75,0.5700000000000001,0.15344233135437985
7633,0.75,0.58,0.1521838698585267
7634,0.75,0.59,0.15098593243327046
7635,0.75,0.6,0.1494300815442135
7636,0.75,0.61,0.14793366099556945
7637,0.75,0.62,0.1460865609883021
7638,0.75,0.63,0.1442975629583634
7639,0.75,0.64,0.1421665035425631
7640,0.75,0.65,0.1400919883359808
7641,0.75,0.66,0.13768537988607002
7642,0.75,0.67,0.13533353460709582
7643,0.75,0.68,0.13266087496944554
7644,0.75,0.6900000000000001,0.1300409812121103
7645,0.75,0.7000000000000001,0.12711281822039705
7646,0.75,0.71,0.124235215439322
7647,0.75,0.72,0.12106310528598886
7648,0.75,0.73,0.11793914999237194
7649,0.75,0.74,0.11453561162049881
7650,0.75,0.75,0.11117763256429393
7651,0.75,0.76,0.10755609825988943
7652,0.75,0.77,0.10397734777503596
7653,0.75,0.78,0.10015211015475874
7654,0.75,0.79,0.09636671185946115
7655,0.75,0.8,0.09235286746300421
7656,0.75,0.81,0.08837576052144601
7657,0.75,0.8200000000000001,0.0841891502312185
7658,0.75,0.8300000000000001,0.08003603039666549
7659,0.75,0.84,0.075693176919926
7660,0.75,0.85,0.07138043459187639
7661,0.75,0.86,0.0668984772520659
7662,0.75,0.87,0.06244313279188997
7663,0.75,0.88,0.05783975988653002
7664,0.75,0.89,0.053259396446861965
7665,0.75,0.9,0.04855277543898683
7666,0.75,0.91,0.04386546957194537
7667,0.75,0.92,0.039074175390585435
7668,0.75,0.93,0.03429842570866645
7669,0.75,0.9400000000000001,0.02944136744136138
7670,0.75,0.9500000000000001,0.024596021612533304
7671,0.75,0.96,0.01969236787919768
7672,0.75,0.97,0.014796548244305879
7673,0.75,0.98,0.009865651546971931
7674,0.75,0.99,0.004938679652997981
7675,0.75,1.0,0.0
7676,0.76,0.0,0.0
7677,0.76,0.01,0.004817988049308485
7678,0.76,0.02,0.009625894957488867
7679,0.76,0.03,0.014434949751839432
7680,0.76,0.04,0.01921380090200953
7681,0.76,0.05,0.023994943307221333
7682,0.76,0.06,0.028725878745923288
7683,0.76,0.07,0.03346023979156568
7684,0.76,0.08,0.03812458866056286
7685,0.76,0.09,0.04279348400693501
7686,0.76,0.1,0.04737283822883428
7687,0.76,0.11,0.05195784190519581
7688,0.76,0.12,0.05643412883208733
7689,0.76,0.13,0.06091714595513405
7690,0.76,0.14,0.06527269969353175
7691,0.76,0.15,0.06963603787913618
7692,0.76,0.16,0.07385366900972495
7693,0.76,0.17,0.07808010819612016
7694,0.76,0.18,0.08214317161314907
7695,0.76,0.19,0.08621603202000462
7696,0.76,0.2,0.09010849262258563
7697,0.76,0.21,0.09401170057778217
7698,0.76,0.22,0.09771819655383016
7699,0.76,0.23,0.10143634792815573
7700,0.76,0.24,0.1049422513812057
7701,0.76,0.25,0.10846067238063742
7702,0.76,0.26,0.11175214706026043
7703,0.76,0.27,0.11505695213592475
7704,0.76,0.28,0.11812100804389454
7705,0.76,0.29,0.1211991546911743
7706,0.76,0.3,0.12402369934786628
7707,0.76,0.31,0.12686303957840062
7708,0.76,0.32,0.12943692574708537
7709,0.76,0.33,0.13202625403053844
7710,0.76,0.34,0.1343393237112113
7711,0.76,0.35000000000000003,0.13666842119761796
7712,0.76,0.36,0.13871154571672845
7713,0.76,0.37,0.14077122056490424
7714,0.76,0.38,0.14253633660275816
7715,0.76,0.39,0.14431846025562617
7716,0.76,0.4,0.14579860166926537
7717,0.76,0.41000000000000003,0.1472961409329492
7718,0.76,0.42,0.14848546624890882
7719,0.76,0.43,0.1496925110489994
7720,0.76,0.44,0.15058632651743195
7721,0.76,0.45,0.15149811322289505
7722,0.76,0.46,0.15209289134206969
7723,0.76,0.47000000000000003,0.15270582156475349
7724,0.76,0.48,0.15299921500281544
7725,0.76,0.49,0.1533108697983698
7726,0.76,0.5,0.15330172065741346
7727,0.76,0.51,0.15331087007158126
7728,0.76,0.52,0.15299921445747086
7729,0.76,0.53,0.15270582238007904
7730,0.76,0.54,0.1520928902599809
7731,0.76,0.55,0.15149811456747658
7732,0.76,0.56,0.15058632491566415
7733,0.76,0.5700000000000001,0.149692512901632
7734,0.76,0.58,0.14848546415272287
7735,0.76,0.59,0.14729614326441584
7736,0.76,0.6,0.1457985991117193
7737,0.76,0.61,0.14431846302915818
7738,0.76,0.62,0.14253633362418608
7739,0.76,0.63,0.14077122373676135
7740,0.76,0.64,0.1387115423641042
7741,0.76,0.65,0.13666842471777807
7742,0.76,0.66,0.13433932003740776
7743,0.76,0.67,0.13202625784348657
7744,0.76,0.68,0.1294369218100406
7745,0.76,0.6900000000000001,0.1268630436240043
7746,0.76,0.7000000000000001,0.12402369520966983
7747,0.76,0.71,0.12119915890563192
7748,0.76,0.72,0.11812100376980827
7749,0.76,0.73,0.11505695645277178
7750,0.76,0.74,0.11175214271768924
7751,0.76,0.75,0.10846067673179464
7752,0.76,0.76,0.1049422470386345
7753,0.76,0.77,0.10143635224500278
7754,0.76,0.78,0.0977181922797439
7755,0.76,0.79,0.09401170479223978
7756,0.76,0.8,0.09010848848438922
7757,0.76,0.81,0.08621603606560826
7758,0.76,0.8200000000000001,0.08214316767610434
7759,0.76,0.8300000000000001,0.07808011200906827
7760,0.76,0.84,0.07385366533592143
7761,0.76,0.85,0.06963604139929629
7762,0.76,0.86,0.06527269634090752
7763,0.76,0.87,0.06091714912699115
7764,0.76,0.88,0.05643412585351525
7765,0.76,0.89,0.051957844678727806
7766,0.76,0.9,0.047372835671288235
7767,0.76,0.91,0.04279348633840164
7768,0.76,0.92,0.03812458656437688
7769,0.76,0.93,0.03346024164419832
7770,0.76,0.9400000000000001,0.02872587714415548
7771,0.76,0.9500000000000001,0.02399494465180286
7772,0.76,0.96,0.019213799819920732
7773,0.76,0.97,0.014434950567164989
7774,0.76,0.98,0.009625894412144263
7775,0.76,0.99,0.004817988322519906
7776,0.76,1.0,0.0
7777,0.77,0.0,0.0
7778,0.77,0.01,0.004698016122132942
7779,0.77,0.02,0.009396422256912104
7780,0.77,0.03,0.014075507441749381
7781,0.77,0.04,0.018755761130657477
7782,0.77,0.05,0.023397449159997592
7783,0.77,0.06,0.02804107958919894
7784,0.77,0.07,0.032627051829120006
7785,0.77,0.08,0.037215732725178044
7786,0.77,0.09,0.04172789042150386
7787,0.77,0.1,0.046243512376582904
7788,0.77,0.11,0.0506640480826633
7789,0.77,0.12,0.05508879002378364
7790,0.77,0.13,0.05940025787869209
7791,0.77,0.14,0.06371665739898666
7792,0.77,0.15,0.06790204197877385
7793,0.77,0.16,0.07209306425318714
7794,0.77,0.17,0.07613584772345963
7795,0.77,0.18,0.08018495273691699
7796,0.77,0.19,0.08406918004171277
7797,0.77,0.2,0.08796038786444921
7798,0.77,0.21,0.09167072969413119
7799,0.77,0.22,0.09538868354657656
7800,0.77,0.23,0.09891049683622957
7801,0.77,0.24,0.10244052369457107
7802,0.77,0.25,0.10575990941413285
7803,0.77,0.26,0.10908807791738255
7804,0.77,0.27,0.11219193592542731
7805,0.77,0.28,0.11530511135547215
7806,0.77,0.29,0.11818119210015395
7807,0.77,0.3,0.12106708821781757
7808,0.77,0.31,0.12370404108092217
7809,0.77,0.32,0.12635126861347606
7810,0.77,0.33,0.12873868670677954
7811,0.77,0.34,0.13113679829555566
7812,0.77,0.35000000000000003,0.13326525953268825
7813,0.77,0.36,0.1354047909634156
7814,0.77,0.37,0.13726589524512928
7815,0.77,0.38,0.13913840279828713
7816,0.77,0.39,0.14072480516436384
7817,0.77,0.4,0.14232289893815553
7818,0.77,0.41000000000000003,0.14362833855511248
7819,0.77,0.42,0.14494571162955763
7820,0.77,0.43,0.14596503649973977
7821,0.77,0.44,0.1469964898267957
7822,0.77,0.45,0.14772567712133342
7823,0.77,0.46,0.14846714004282116
7824,0.77,0.47000000000000003,0.14890331197820236
7825,0.77,0.48,0.14935185829056855
7826,0.77,0.49,0.14949329348616236
7827,0.77,0.5,0.14964715298868111
7828,0.77,0.51,0.14949329326038693
7829,0.77,0.52,0.14935185874122833
7830,0.77,0.53,0.14890331130443676
7831,0.77,0.54,0.14846714093703353
7832,0.77,0.55,0.14772567601020334
7833,0.77,0.56,0.14699649115045843
7834,0.77,0.5700000000000001,0.14596503496876834
7835,0.77,0.58,0.14494571336179574
7836,0.77,0.59,0.14362833662844407
7837,0.77,0.6,0.14232290105165055
7838,0.77,0.61,0.14072480287238318
7839,0.77,0.62,0.139138405259708
7840,0.77,0.63,0.13726589262398223
7841,0.77,0.64,0.1354047937339443
7842,0.77,0.65,0.13326525662371186
7843,0.77,0.66,0.1311368013314993
7844,0.77,0.67,0.1287386835558501
7845,0.77,0.68,0.12635127186695597
7846,0.77,0.6900000000000001,0.12370403773773178
7847,0.77,0.7000000000000001,0.1210670916375244
7848,0.77,0.71,0.11818118861742669
7849,0.77,0.72,0.1153051148874751
7850,0.77,0.73,0.11219193235808789
7851,0.77,0.74,0.10908808150597982
7852,0.77,0.75,0.10575990581844029
7853,0.77,0.76,0.10244052728316837
7854,0.77,0.77,0.09891049326889013
7855,0.77,0.78,0.09538868707857953
7856,0.77,0.79,0.0916707262114039
7857,0.77,0.8,0.08796039128415607
7858,0.77,0.81,0.08406917669852235
7859,0.77,0.8200000000000001,0.08018495599039692
7860,0.77,0.8300000000000001,0.07613584457253021
7861,0.77,0.84,0.07209306728913081
7862,0.77,0.85,0.06790203906979744
7863,0.77,0.86,0.06371666016951542
7864,0.77,0.87,0.05940025525754497
7865,0.77,0.88,0.055088792485204624
7866,0.77,0.89,0.05066404579068256
7867,0.77,0.9,0.04624351449007801
7868,0.77,0.91,0.04172788849483541
7869,0.77,0.92,0.03721573445741618
7870,0.77,0.93,0.03262705029814856
7871,0.77,0.9400000000000001,0.02804108091286168
7872,0.77,0.9500000000000001,0.02339744804886747
7873,0.77,0.96,0.01875576202486987
7874,0.77,0.97,0.014075506767983772
7875,0.77,0.98,0.009396422707571886
7876,0.77,0.99,0.004698015896357533
7877,0.77,1.0,0.0
7878,0.78,0.0,0.0
7879,0.78,0.01,0.0045825545469603025
7880,0.78,0.02,0.009169370153491396
7881,0.78,0.03,0.013729578389611745
7882,0.78,0.04,0.01830255299615033
7883,0.78,0.05,0.02282241785271232
7884,0.78,0.06,0.02736350403186347
7885,0.78,0.07,0.03182518764906801
7886,0.78,0.08,0.036316463830332386
7887,0.78,0.09,0.04070235795546909
7888,0.78,0.1,0.04512609915314671
7889,0.78,0.11,0.04941889463273008
7890,0.78,0.12,0.05375764239787565
7891,0.78,0.13,0.0579403974894881
7892,0.78,0.14,0.062177028809856524
7893,0.78,0.15,0.06623323604409426
7894,0.78,0.16,0.07035103092016917
7895,0.78,0.17,0.07426468224880742
7896,0.78,0.18,0.07824738967923149
7897,0.78,0.19,0.08200303965248762
7898,0.78,0.2,0.08583494176849238
7899,0.78,0.21,0.0894177684920426
7900,0.78,0.22,0.09308374258778206
7901,0.78,0.23,0.09647960621894779
7902,0.78,0.24,0.09996518443294466
7903,0.78,0.25,0.10316068298517649
7904,0.78,0.26,0.10645210939736101
7905,0.78,0.27,0.10943463163276951
7906,0.78,0.28,0.1125189165517907
7907,0.78,0.29,0.11527669175296579
7908,0.78,0.3,0.11814166297954376
7909,0.78,0.31,0.12066380740421967
7910,0.78,0.32,0.12329815826824256
7911,0.78,0.33,0.12557471810345697
7912,0.78,0.34,0.12796805208525755
7913,0.78,0.35000000000000003,0.1299900427314686
7914,0.78,0.36,0.13213291449119674
7915,0.78,0.37,0.1338923560213065
7916,0.78,0.38,0.13577630867448748
7917,0.78,0.39,0.1372662573278167
7918,0.78,0.4,0.1388838558200008
7919,0.78,0.41000000000000003,0.14009843140690875
7920,0.78,0.42,0.14144329185570922
7921,0.78,0.43,0.14237770096469451
7922,0.78,0.44,0.1434445158534261
7923,0.78,0.45,0.14409507076910785
7924,0.78,0.46,0.1448796298926089
7925,0.78,0.47000000000000003,0.14524376314992024
7926,0.78,0.48,0.14574297022990143
7927,0.78,0.49,0.14581924474704872
7928,0.78,0.5,0.1460311296514027
7929,0.78,0.51,0.14581924440159427
7930,0.78,0.52,0.1457429709194469
7931,0.78,0.53,0.145243762119005
7932,0.78,0.54,0.1448796312608254
7933,0.78,0.55,0.14409506906898986
7934,0.78,0.56,0.143444517878736
7935,0.78,0.5700000000000001,0.1423776986221857
7936,0.78,0.58,0.14144329450617207
7937,0.78,0.59,0.14009842845895193
7938,0.78,0.6,0.1388838590538173
7939,0.78,0.61,0.1372662538209028
7940,0.78,0.62,0.13577631244065846
7941,0.78,0.63,0.13389235201074173
7942,0.78,0.64,0.13213291873032737
7943,0.78,0.65,0.12999003828050187
7944,0.78,0.66,0.1279680567304943
7945,0.78,0.67,0.12557471328228267
7946,0.78,0.68,0.12329816324632722
7947,0.78,0.6900000000000001,0.12066380228887068
7948,0.78,0.7000000000000001,0.11814166821196899
7949,0.78,0.71,0.11527668642411418
7950,0.78,0.72,0.11251892195603799
7951,0.78,0.73,0.10943462617445446
7952,0.78,0.74,0.10645211488820219
7953,0.78,0.75,0.10316067748347887
7954,0.78,0.76,0.09996518992378588
7955,0.78,0.77,0.09647960076063271
7956,0.78,0.78,0.09308374799202944
7957,0.78,0.79,0.08941776316319093
7958,0.78,0.8,0.08583494700091775
7959,0.78,0.81,0.08200303453713852
7960,0.78,0.8200000000000001,0.07824739465731634
7961,0.78,0.8300000000000001,0.07426467742763297
7962,0.78,0.84,0.07035103556540616
7963,0.78,0.85,0.06623323159312733
7964,0.78,0.86,0.06217703304898744
7965,0.78,0.87,0.05794039347892309
7966,0.78,0.88,0.053757646164046866
7967,0.78,0.89,0.049418891125815996
7968,0.78,0.9,0.045126102386963476
7969,0.78,0.91,0.040702355007512056
7970,0.78,0.92,0.03631646648079546
7971,0.78,0.93,0.03182518530655907
7972,0.78,0.9400000000000001,0.02736350605717346
7973,0.78,0.9500000000000001,0.022822416152594234
7974,0.78,0.96,0.0183025543643669
7975,0.78,0.97,0.013729577358696397
7976,0.78,0.98,0.00916937084303696
7977,0.78,0.99,0.004582554201505843
7978,0.78,1.0,0.0
7979,0.79,0.0,0.0
7980,0.79,0.01,0.004473468394124736
7981,0.79,0.02,0.008940731629566006
7982,0.79,0.03,0.01340275044671519
7983,0.79,0.04,0.0178461782753047
7984,0.79,0.05,0.022279137967498898
7985,0.79,0.06,0.02668119420711108
7986,0.79,0.07,0.031067599910863036
7987,0.79,0.08,0.035410911652753736
7988,0.79,0.09,0.0397334522332516
7989,0.79,0.1,0.04400087840505306
7990,0.79,0.11,0.04824249477522916
7991,0.79,0.12,0.05241719378901354
7992,0.79,0.13,0.05656114623387561
7993,0.79,0.14,0.06062664245230977
7994,0.79,0.15,0.06465657669283786
7995,0.79,0.16,0.06859682545111613
7996,0.79,0.17,0.07249683718700282
7997,0.79,0.18,0.07629628811394423
7998,0.79,0.19,0.08005098579045931
7999,0.79,0.2,0.08369464417886764
8000,0.79,0.21,0.08728920973013768
8001,0.79,0.22,0.09076269571422092
8002,0.79,0.23,0.09418294304320003
8003,0.79,0.24,0.09747254834950093
8004,0.79,0.25,0.10070497931384154
8005,0.79,0.26,0.10379772136170623
8006,0.79,0.27,0.10682957904458204
8007,0.79,0.28,0.10971325218265433
8008,0.79,0.29,0.11253257123830267
8009,0.79,0.3,0.11519579491483395
8010,0.79,0.31,0.11779144879012943
8011,0.79,0.32,0.12022371246699545
8012,0.79,0.33,0.1225854573126958
8013,0.79,0.34,0.12477716194586198
8014,0.79,0.35000000000000003,0.12689567704423146
8015,0.79,0.36,0.12883817296695982
8016,0.79,0.37,0.1307050975162231
8017,0.79,0.38,0.1323907185755105
8018,0.79,0.39,0.1339986846859684
8019,0.79,0.4,0.1354207784974927
8020,0.79,0.41000000000000003,0.13676344026908138
8021,0.79,0.42,0.13791639447125073
8022,0.79,0.43,0.13898845303779087
8023,0.79,0.44,0.13986771744128135
8024,0.79,0.45,0.14066494188258066
8025,0.79,0.46,0.14126704642794669
8026,0.79,0.47000000000000003,0.1417862904672272
8027,0.79,0.48,0.1421088589197124
8028,0.79,0.49,0.14234807334046634
8029,0.79,0.5,0.14238983266796687
8030,0.79,0.51,0.14234807340123865
8031,0.79,0.52,0.14210885879840762
8032,0.79,0.53,0.1417862906485857
8033,0.79,0.54,0.1412670461872502
8034,0.79,0.55,0.14066494218166523
8035,0.79,0.56,0.13986771708498907
8036,0.79,0.5700000000000001,0.13898845344988472
8037,0.79,0.58,0.1379163940049816
8038,0.79,0.59,0.13676344078768557
8039,0.79,0.6,0.1354207779286001
8040,0.79,0.61,0.1339986853029042
8041,0.79,0.62,0.13239071791296617
8042,0.79,0.63,0.13070509822176113
8043,0.79,0.64,0.12883817222121252
8044,0.79,0.65,0.1268956778272449
8045,0.79,0.66,0.12477716112867257
8046,0.79,0.67,0.12258545816083609
8047,0.79,0.68,0.12022371159125148
8048,0.79,0.6900000000000001,0.11779144969002087
8049,0.79,0.7000000000000001,0.11519579399434643
8050,0.79,0.71,0.11253257217575346
8051,0.79,0.72,0.10971325123193987
8052,0.79,0.73,0.10682958000480806
8053,0.79,0.74,0.10379772039575817
8054,0.79,0.75,0.10070498028169941
8055,0.79,0.76,0.09747254738355288
8056,0.79,0.77,0.09418294400342606
8057,0.79,0.78,0.09076269476350646
8058,0.79,0.79,0.08728921066758852
8059,0.79,0.8,0.0836946432583801
8060,0.79,0.81,0.0800509866903508
8061,0.79,0.8200000000000001,0.07629628723820026
8062,0.79,0.8300000000000001,0.07249683803514315
8063,0.79,0.84,0.06859682463392669
8064,0.79,0.85,0.06465657747585135
8065,0.79,0.86,0.06062664170656244
8066,0.79,0.87,0.056561146939413644
8067,0.79,0.88,0.05241719312646924
8068,0.79,0.89,0.04824249539216498
8069,0.79,0.9,0.04400087783616048
8070,0.79,0.91,0.03973345275185578
8071,0.79,0.92,0.035410911186484643
8072,0.79,0.93,0.031067600322956867
8073,0.79,0.9400000000000001,0.026681193850818827
8074,0.79,0.9500000000000001,0.022279138266583426
8075,0.79,0.96,0.017846178034608234
8076,0.79,0.97,0.013402750628073671
8077,0.79,0.98,0.008940731508261248
8078,0.79,0.99,0.004473468454897034
8079,0.79,1.0,0.0
8080,0.8,0.0,0.0
8081,0.8,0.01,0.004364790164934077
8082,0.8,0.02,0.008722163869651628
8083,0.8,0.03,0.013077144662652623
8084,0.8,0.04,0.017409905342192663
8085,0.8,0.05,0.02173788964640344
8086,0.8,0.06,0.026028937870005084
8087,0.8,0.07,0.030312845113516104
8088,0.8,0.08,0.03454524606831982
8089,0.8,0.09,0.038768169633306274
8090,0.8,0.1,0.04292521995841676
8091,0.8,0.11,0.04707049390372588
8092,0.8,0.12,0.05113578761087149
8093,0.8,0.13,0.05518705244473813
8094,0.8,0.14,0.05914454566536615
8095,0.8,0.15,0.0630858129086841
8096,0.8,0.16,0.0669198872119623
8097,0.8,0.17,0.07073560249731219
8098,0.8,0.18,0.0744311265291465
8099,0.8,0.19,0.07810623098656022
8100,0.8,0.2,0.08164862018636419
8101,0.8,0.21,0.08516860987356803
8102,0.8,0.22,0.08854388403310577
8103,0.8,0.23,0.09189486717570154
8104,0.8,0.24,0.09508970561284176
8105,0.8,0.25,0.09825845742852946
8106,0.8,0.26,0.10126025155816089
8107,0.8,0.27,0.10423426644864055
8108,0.8,0.28,0.10703116954327126
8109,0.8,0.29,0.10979871044785103
8110,0.8,0.3,0.11237968439150478
8111,0.8,0.31,0.11492982910764313
8112,0.8,0.32,0.11728468795853224
8113,0.8,0.33,0.11960737224651286
8114,0.8,0.34,0.12172682243656135
8115,0.8,0.35000000000000003,0.12381287973819022
8116,0.8,0.36,0.125688556750754
8117,0.8,0.37,0.12752975436533143
8118,0.8,0.38,0.12915425574636097
8119,0.8,0.39,0.13074332732116253
8120,0.8,0.4,0.13211024189352474
8121,0.8,0.41000000000000003,0.1334409161005691
8122,0.8,0.42,0.13454484926622926
8123,0.8,0.43,0.13561187455216248
8124,0.8,0.44,0.13644846958236684
8125,0.8,0.45,0.13724763489378958
8126,0.8,0.46,0.1378135901232236
8127,0.8,0.47000000000000003,0.13834174152567005
8128,0.8,0.48,0.1386348233827322
8129,0.8,0.49,0.13888987650771517
8130,0.8,0.5,0.13890892832948065
8131,0.8,0.51,0.13888987660048158
8132,0.8,0.52,0.1386348231975654
8133,0.8,0.53,0.1383417418025064
8134,0.8,0.54,0.13781358975581018
8135,0.8,0.55,0.13724763535032997
8136,0.8,0.56,0.13644846903850116
8137,0.8,0.5700000000000001,0.13561187518120696
8138,0.8,0.58,0.13454484855448837
8139,0.8,0.59,0.13344091689219734
8140,0.8,0.6,0.13211024102513325
8141,0.8,0.61,0.13074332826289004
8142,0.8,0.62,0.12915425473501393
8143,0.8,0.63,0.1275297554423066
8144,0.8,0.64,0.12568855561240097
8145,0.8,0.65,0.12381288093342846
8146,0.8,0.66,0.12172682118915487
8147,0.8,0.67,0.11960737354116457
8148,0.8,0.68,0.1172846866217446
8149,0.8,0.6900000000000001,0.11492983048129093
8150,0.8,0.7000000000000001,0.11237968298641791
8151,0.8,0.71,0.10979871187883165
8152,0.8,0.72,0.10703116809204424
8153,0.8,0.73,0.10423426791438656
8154,0.8,0.74,0.10126025008368043
8155,0.8,0.75,0.09825845890592519
8156,0.8,0.76,0.09508970413836129
8157,0.8,0.77,0.09189486864144758
8158,0.8,0.78,0.08854388258187874
8159,0.8,0.79,0.08516861130454867
8160,0.8,0.8,0.08164861878127731
8161,0.8,0.81,0.07810623236020806
8162,0.8,0.8200000000000001,0.07443112519235882
8163,0.8,0.8300000000000001,0.07073560379196396
8164,0.8,0.84,0.0669198859645558
8165,0.8,0.85,0.06308581410392236
8166,0.8,0.86,0.05914454452701313
8167,0.8,0.87,0.055187053521713283
8168,0.8,0.88,0.05113578659952447
8169,0.8,0.89,0.047070494845453385
8170,0.8,0.9,0.0429252190900253
8171,0.8,0.91,0.03876817042493452
8172,0.8,0.92,0.03454524535657896
8173,0.8,0.93,0.030312845742560632
8174,0.8,0.9400000000000001,0.02602893732613941
8175,0.8,0.9500000000000001,0.021737890102943844
8176,0.8,0.96,0.017409904974779268
8177,0.8,0.97,0.01307714493948898
8178,0.8,0.98,0.008722163684484835
8179,0.8,0.99,0.0043647902577005245
8180,0.8,1.0,0.0
8181,0.81,0.0,0.0
8182,0.81,0.01,0.004258647133393119
8183,0.81,0.02,0.008509149126423397
8184,0.81,0.03,0.012759134466144195
8185,0.81,0.04,0.016984716527488602
8186,0.81,0.05,0.021209267326070435
8187,0.81,0.06,0.02539325300958457
8188,0.81,0.07,0.029575696900452968
8189,0.81,0.08,0.03370157391955198
8190,0.81,0.09,0.03782540471515325
8191,0.81,0.1,0.04187689010936693
8192,0.81,0.11,0.04592583294342791
8193,0.81,0.12,0.04988693733994563
8194,0.81,0.13,0.05384501289677984
8195,0.81,0.14,0.05770010361337217
8196,0.81,0.15,0.061551691190751
8197,0.81,0.16,0.06528555393102696
8198,0.81,0.17,0.06901545308773852
8199,0.81,0.18,0.07261335198525228
8200,0.81,0.19,0.07620684253005669
8201,0.81,0.2,0.0796545783042933
8202,0.81,0.21,0.083097478389529
8203,0.81,0.22,0.08638144438425036
8204,0.81,0.23,0.08966016647482696
8205,0.81,0.24,0.09276740235761541
8206,0.81,0.25,0.09586900685451329
8207,0.81,0.26,0.09878724976558152
8208,0.81,0.27,0.10169949607223525
8209,0.81,0.28,0.10441722902063615
8210,0.81,0.29,0.10712862385067111
8211,0.81,0.3,0.1096351211669052
8212,0.81,0.31,0.11213496390258353
8213,0.81,0.32,0.1144203335682187
8214,0.81,0.33,0.11669875849059007
8215,0.81,0.34,0.11875398117783302
8216,0.81,0.35000000000000003,0.12080199640193226
8217,0.81,0.36,0.12261896106907559
8218,0.81,0.37,0.1244284840305119
8219,0.81,0.38,0.12600001993277354
8220,0.81,0.39,0.12756390928566655
8221,0.81,0.4,0.12888381427508525
8222,0.81,0.41000000000000003,0.130195898075465
8223,0.81,0.42,0.13125896307816118
8224,0.81,0.43,0.13231406314160898
8225,0.81,0.44,0.1331160927158072
8226,0.81,0.45,0.13391004505321175
8227,0.81,0.46,0.13444787394688837
8228,0.81,0.47000000000000003,0.13497754519766944
8229,0.81,0.48,0.13524905084047797
8230,0.81,0.49,0.13551235063842562
8231,0.81,0.5,0.1355164615185974
8232,0.81,0.51,0.13551235074152557
8233,0.81,0.52,0.13524905063468504
8234,0.81,0.53,0.13497754550534327
8235,0.81,0.54,0.13444787353854795
8236,0.81,0.55,0.13391004556060726
8237,0.81,0.56,0.13311609211135908
8238,0.81,0.5700000000000001,0.13231406384072428
8239,0.81,0.58,0.13125896228713785
8240,0.81,0.59,0.13019589895527459
8241,0.81,0.6,0.12888381330996165
8242,0.81,0.61,0.1275639103322953
8243,0.81,0.62,0.12600001880877024
8244,0.81,0.63,0.12442848522745387
8245,0.81,0.64,0.12261895980391878
8246,0.81,0.65,0.12080199773031094
8247,0.81,0.66,0.11875397979147499
8248,0.81,0.67,0.11669875992945612
8249,0.81,0.68,0.11442033208252314
8250,0.81,0.6900000000000001,0.11213496542924518
8251,0.81,0.7000000000000001,0.10963511960530241
8252,0.81,0.71,0.10712862544105205
8253,0.81,0.72,0.10441722740775351
8254,0.81,0.73,0.10169949770125417
8255,0.81,0.74,0.0987872481268552
8256,0.81,0.75,0.0958690084964796
8257,0.81,0.76,0.09276740071888909
8258,0.81,0.77,0.08966016810384589
8259,0.81,0.78,0.08638144277136772
8260,0.81,0.79,0.08309747997990992
8261,0.81,0.8,0.0796545767426905
8262,0.81,0.81,0.07620684405671833
8263,0.81,0.8200000000000001,0.0726133504995567
8264,0.81,0.8300000000000001,0.06901545452660456
8265,0.81,0.84,0.06528555254466892
8266,0.81,0.85,0.06155169251912964
8267,0.81,0.86,0.057700102348215335
8268,0.81,0.87,0.05384501409372178
8269,0.81,0.88,0.049886936215942305
8270,0.81,0.89,0.04592583399005663
8271,0.81,0.9,0.04187688914424332
8272,0.81,0.91,0.037825405594962794
8273,0.81,0.92,0.03370157312852866
8274,0.81,0.93,0.029575697599568226
8275,0.81,0.9400000000000001,0.025393252405136443
8276,0.81,0.9500000000000001,0.021209267833465936
8277,0.81,0.96,0.016984716119148178
8278,0.81,0.97,0.012759134773818003
8279,0.81,0.98,0.008509148920630446
8280,0.81,0.99,0.004258647236493039
8281,0.81,1.0,0.0
8282,0.8200000000000001,0.0,0.0
8283,0.8200000000000001,0.01,0.004152730050697063
8284,0.8200000000000001,0.02,0.008306044786026874
8285,0.8200000000000001,0.03,0.012441801223146835
8286,0.8200000000000001,0.04,0.016579309409223995
8287,0.8200000000000001,0.05,0.02068177028838873
8288,0.8200000000000001,0.06,0.024787143075068442
8289,0.8200000000000001,0.07,0.028840117851773695
8290,0.8200000000000001,0.08,0.03289715321509367
8291,0.8200000000000001,0.09,0.03688464664148056
8292,0.8200000000000001,0.1,0.040877333325539396
8293,0.8200000000000001,0.11,0.044783608576457044
8294,0.8200000000000001,0.12,0.04869618928238145
8295,0.8200000000000001,0.13,0.05250583006160894
8296,0.8200000000000001,0.14,0.05632286363423398
8297,0.8200000000000001,0.15,0.060020835015754274
8298,0.8200000000000001,0.16,0.06372725738259724
8299,0.8200000000000001,0.17,0.06729896514680725
8300,0.8200000000000001,0.18,0.07088014876884005
8301,0.8200000000000001,0.19,0.07431149699952025
8302,0.8200000000000001,0.2,0.07775330859911903
8303,0.8200000000000001,0.21,0.08103075531384996
8304,0.8200000000000001,0.22,0.08431961165210049
8305,0.8200000000000001,0.23,0.08743022224657365
8306,0.8200000000000001,0.24,0.09055314372980924
8307,0.8200000000000001,0.25,0.09348464202510783
8308,0.8200000000000001,0.26,0.09642930392912395
8309,0.8200000000000001,0.27,0.09917012062050799
8310,0.8200000000000001,0.28,0.10192490173030017
8311,0.8200000000000001,0.29,0.1044642200462861
8312,0.8200000000000001,0.3,0.10701824851935698
8313,0.8200000000000001,0.31,0.10934604691089096
8314,0.8200000000000001,0.32,0.11168924318313038
8315,0.8200000000000001,0.33,0.11379633487437572
8316,0.8200000000000001,0.34,0.11591945143918858
8317,0.8200000000000001,0.35000000000000003,0.1177975206838334
8318,0.8200000000000001,0.36,0.11969217858753027
8319,0.8200000000000001,0.37,0.12133381348752367
8320,0.8200000000000001,0.38,0.12299253539694825
8321,0.8200000000000001,0.39,0.12439125715413987
8322,0.8200000000000001,0.4,0.12580749686603435
8323,0.8200000000000001,0.41000000000000003,0.1269577853512705
8324,0.8200000000000001,0.42,0.1281259536269234
8325,0.8200000000000001,0.43,0.129023269165686
8326,0.8200000000000001,0.44,0.12993875578890798
8327,0.8200000000000001,0.45,0.13057955707751553
8328,0.8200000000000001,0.46,0.13123874904889413
8329,0.8200000000000001,0.47000000000000003,0.13162050713055448
8330,0.8200000000000001,0.48,0.13202080292618504
8331,0.8200000000000001,0.49,0.13214201117174057
8332,0.8200000000000001,0.5,0.13228183101016375
8333,0.8200000000000001,0.51,0.13214201106413812
8334,0.8200000000000001,0.52,0.13202080314096534
8335,0.8200000000000001,0.53,0.131620506809444
8336,0.8200000000000001,0.54,0.1312387494750675
8337,0.8200000000000001,0.55,0.1305795565479612
8338,0.8200000000000001,0.56,0.12993875641975342
8339,0.8200000000000001,0.5700000000000001,0.12902326843603912
8340,0.8200000000000001,0.58,0.12812595445249209
8341,0.8200000000000001,0.59,0.12695778443303807
8342,0.8200000000000001,0.6,0.1258074978733066
8343,0.8200000000000001,0.61,0.12439125606180297
8344,0.8200000000000001,0.62,0.1229925365700388
8345,0.8200000000000001,0.63,0.12133381223830908
8346,0.8200000000000001,0.64,0.11969217990793878
8347,0.8200000000000001,0.65,0.11779751929744202
8348,0.8200000000000001,0.66,0.11591945288609139
8349,0.8200000000000001,0.67,0.11379633337267177
8350,0.8200000000000001,0.68,0.11168924473370898
8351,0.8200000000000001,0.6900000000000001,0.10934604531755719
8352,0.8200000000000001,0.7000000000000001,0.1070182501491578
8353,0.8200000000000001,0.71,0.10446421838645031
8354,0.8200000000000001,0.72,0.10192490341362029
8355,0.8200000000000001,0.73,0.0991701189203468
8356,0.8200000000000001,0.74,0.09642930563941642
8357,0.8200000000000001,0.75,0.09348464031143379
8358,0.8200000000000001,0.76,0.09055314544010169
8359,0.8200000000000001,0.77,0.08743022054641246
8360,0.8200000000000001,0.78,0.0843196133354206
8361,0.8200000000000001,0.79,0.08103075365401416
8362,0.8200000000000001,0.8,0.07775331022891983
8363,0.8200000000000001,0.81,0.07431149540618645
8364,0.8200000000000001,0.8200000000000001,0.07088015031941862
8365,0.8200000000000001,0.8300000000000001,0.06729896364510328
8366,0.8200000000000001,0.84,0.06372725882950003
8367,0.8200000000000001,0.85,0.060020833629362884
8368,0.8200000000000001,0.86,0.05632286495464247
8369,0.8200000000000001,0.87,0.05250582881239435
8370,0.8200000000000001,0.88,0.04869619045547201
8371,0.8200000000000001,0.89,0.04478360748412012
8372,0.8200000000000001,0.9,0.04087733433281169
8373,0.8200000000000001,0.91,0.03688464572324811
8374,0.8200000000000001,0.92,0.0328971540406624
8375,0.8200000000000001,0.93,0.02884011712212679
8376,0.8200000000000001,0.9400000000000001,0.024787143705913905
8377,0.8200000000000001,0.9500000000000001,0.02068176975883434
8378,0.8200000000000001,0.96,0.01657930983539738
8379,0.8200000000000001,0.97,0.012441800902036348
8380,0.8200000000000001,0.98,0.008306045000807174
8381,0.8200000000000001,0.99,0.004152729943094582
8382,0.8200000000000001,1.0,0.0
8383,0.8300000000000001,0.0,0.0
8384,0.8300000000000001,0.01,0.00405090389334686
8385,0.8300000000000001,0.02,0.008104872184113812
8386,0.8300000000000001,0.03,0.012136724612215233
8387,0.8300000000000001,0.04,0.01617775814215801
8388,0.8300000000000001,0.05,0.02017464722127373
8389,0.8300000000000001,0.06,0.024186797883057717
8390,0.8300000000000001,0.07,0.028132949710534212
8391,0.8300000000000001,0.08,0.03210038338753607
8392,0.8300000000000001,0.09,0.035980224294311636
8393,0.8300000000000001,0.1,0.03988728335050078
8394,0.8300000000000001,0.11,0.04368550136342992
8395,0.8300000000000001,0.12,0.047516766436713126
8396,0.8300000000000001,0.13,0.05121837170814395
8397,0.8300000000000001,0.14,0.05495872256330596
8398,0.8300000000000001,0.15,0.058549106529419206
8399,0.8300000000000001,0.16,0.06218378173050434
8400,0.8300000000000001,0.17,0.06564877476493908
8401,0.8300000000000001,0.18,0.0691634299315787
8402,0.8300000000000001,0.19,0.07248935726680739
8403,0.8300000000000001,0.2,0.07587012168458693
8404,0.8300000000000001,0.21,0.0790438573803386
8405,0.8300000000000001,0.22,0.08227738874179452
8406,0.8300000000000001,0.23,0.08528640748753161
8407,0.8300000000000001,0.24,0.0883599445477465
8408,0.8300000000000001,0.25,0.09119237109474827
8409,0.8300000000000001,0.26,0.09409378403374284
8410,0.8300000000000001,0.27,0.09673844006170348
8411,0.8300000000000001,0.28,0.09945627835487439
8412,0.8300000000000001,0.29,0.10190272658804807
8413,0.8300000000000001,0.3,0.10442626419573564
8414,0.8300000000000001,0.31,0.10666484959451558
8415,0.8300000000000001,0.32,0.1089841272923653
8416,0.8300000000000001,0.33,0.11100601515772582
8417,0.8300000000000001,0.34,0.11311187984079195
8418,0.8300000000000001,0.35000000000000003,0.11490909068120622
8419,0.8300000000000001,0.36,0.11679323148668813
8420,0.8300000000000001,0.37,0.11835867250991167
8421,0.8300000000000001,0.38,0.12001365361596926
8422,0.8300000000000001,0.39,0.1213411467213995
8423,0.8300000000000001,0.4,0.12276043669261162
8424,0.8300000000000001,0.41000000000000003,0.12384474285374485
8425,0.8300000000000001,0.42,0.12502274041740263
8426,0.8300000000000001,0.43,0.12585958035815722
8427,0.8300000000000001,0.44,0.12679163650966993
8428,0.8300000000000001,0.45,0.127377707592971
8429,0.8300000000000001,0.46,0.12806014394314855
8430,0.8300000000000001,0.47000000000000003,0.12839313320511928
8431,0.8300000000000001,0.48,0.1288232564969262
8432,0.8300000000000001,0.49,0.12890184977524236
8433,0.8300000000000001,0.5,0.12907796251273532
8434,0.8300000000000001,0.51,0.1289018496331158
8435,0.8300000000000001,0.52,0.1288232567806184
8436,0.8300000000000001,0.53,0.128393132780981
8437,0.8300000000000001,0.54,0.12806014450605893
8438,0.8300000000000001,0.55,0.12737770689351008
8439,0.8300000000000001,0.56,0.126791637342921
8440,0.8300000000000001,0.5700000000000001,0.1258595793944045
8441,0.8300000000000001,0.58,0.12502274150785356
8442,0.8300000000000001,0.59,0.12384474164089929
8443,0.8300000000000001,0.6,0.12276043802306533
8444,0.8300000000000001,0.61,0.12134114527858837
8445,0.8300000000000001,0.62,0.12001365516544373
8446,0.8300000000000001,0.63,0.11835867085988898
8447,0.8300000000000001,0.64,0.1167932332307472
8448,0.8300000000000001,0.65,0.11490908884999382
8449,0.8300000000000001,0.66,0.11311188175193079
8450,0.8300000000000001,0.67,0.11100601317420297
8451,0.8300000000000001,0.68,0.10898412934044409
8452,0.8300000000000001,0.6900000000000001,0.10666484748996365
8453,0.8300000000000001,0.7000000000000001,0.10442626634845495
8454,0.8300000000000001,0.71,0.1019027243956571
8455,0.8300000000000001,0.72,0.0994562805782846
8456,0.8300000000000001,0.73,0.09673843781604878
8457,0.8300000000000001,0.74,0.0940937862927794
8458,0.8300000000000001,0.75,0.09119236883124518
8459,0.8300000000000001,0.76,0.08835994680678307
8460,0.8300000000000001,0.77,0.08528640524187693
8461,0.8300000000000001,0.78,0.08227739096520471
8462,0.8300000000000001,0.79,0.07904385518794764
8463,0.8300000000000001,0.8,0.07587012383730626
8464,0.8300000000000001,0.81,0.07248935516225542
8465,0.8300000000000001,0.8200000000000001,0.0691634319796575
8466,0.8300000000000001,0.8300000000000001,0.06564877278141619
8467,0.8300000000000001,0.84,0.06218378364164319
8468,0.8300000000000001,0.85,0.05854910469820673
8469,0.8300000000000001,0.86,0.05495872430736504
8470,0.8300000000000001,0.87,0.051218370058121215
8471,0.8300000000000001,0.88,0.047516767986187584
8472,0.8300000000000001,0.89,0.04368549992061876
8473,0.8300000000000001,0.9,0.03988728468095448
8474,0.8300000000000001,0.91,0.035980223081466034
8475,0.8300000000000001,0.92,0.03210038447798698
8476,0.8300000000000001,0.93,0.02813294874678146
8477,0.8300000000000001,0.9400000000000001,0.02418679871630877
8478,0.8300000000000001,0.9500000000000001,0.020174646521812806
8479,0.8300000000000001,0.96,0.016177758705068334
8480,0.8300000000000001,0.97,0.01213672418807705
8481,0.8300000000000001,0.98,0.008104872467805972
8482,0.8300000000000001,0.99,0.004050903751220325
8483,0.8300000000000001,1.0,0.0
8484,0.84,0.0,0.0
8485,0.84,0.01,0.003954446597176248
8486,0.84,0.02,0.007902830339169106
8487,0.84,0.03,0.011847733397647105
8488,0.84,0.04,0.01577447181700491
8489,0.84,0.05,0.019694262607776302
8490,0.84,0.06,0.02358385866036797
8491,0.84,0.07,0.027463067561940915
8492,0.84,0.08,0.03130017078673357
8493,0.84,0.09,0.0351234883366302
8494,0.84,0.1,0.03889295543698377
8495,0.84,0.11,0.04264529275114995
8496,0.84,0.12,0.04633224735854147
8497,0.84,0.13,0.04999879568022183
8498,0.84,0.14,0.05358868706453842
8499,0.84,0.15,0.05715497620760527
8500,0.84,0.16,0.06063363670230222
8501,0.84,0.17,0.0640855921583904
8502,0.84,0.18,0.06743929307388226
8503,0.84,0.19,0.07076329155795526
8504,0.84,0.2,0.07397879736257407
8505,0.84,0.21,0.07716172057771002
8506,0.84,0.22,0.0802263411324016
8507,0.84,0.23,0.08325562754161543
8508,0.84,0.24,0.08615726818222587
8509,0.84,0.25,0.08902096258300966
8510,0.84,0.26,0.09174817185250825
8511,0.84,0.27,0.09443497255844337
8512,0.84,0.28,0.09697698740070305
8513,0.84,0.29,0.09947629084394138
8514,0.84,0.3,0.10182307908071594
8515,0.84,0.31,0.10412502165930669
8516,0.84,0.32,0.10626732158276538
8517,0.84,0.33,0.10836281858767652
8518,0.84,0.34,0.1102921755122409
8519,0.84,0.35000000000000003,0.1121729569804503
8520,0.84,0.36,0.1138817566096782
8521,0.84,0.37,0.11554039996183985
8522,0.84,0.38,0.117021898438671
8523,0.84,0.39,0.1184518577725522
8524,0.84,0.4,0.11970020829431939
8525,0.84,0.41000000000000003,0.12089584021840244
8526,0.84,0.42,0.1219061161115696
8527,0.84,0.43,0.12286270201686596
8528,0.84,0.44,0.12363091618042625
8529,0.84,0.45,0.12434468086260776
8530,0.84,0.46,0.12486780150340662
8531,0.84,0.47000000000000003,0.1253359280617615
8532,0.84,0.48,0.1256118906596435
8533,0.84,0.49,0.1258325316140586
8534,0.84,0.5,0.12586024706961657
8535,0.84,0.51,0.12583253165171304
8536,0.84,0.52,0.12561189058448322
8537,0.84,0.53,0.125335928174131
8538,0.84,0.54,0.12486780135427136
8539,0.84,0.55,0.1243446810479202
8540,0.84,0.56,0.12363091595966799
8541,0.84,0.5700000000000001,0.12286270227219881
8542,0.84,0.58,0.12190611582266982
8543,0.84,0.59,0.12089584053972897
8544,0.84,0.6,0.11970020794183422
8545,0.84,0.61,0.11845185815480491
8546,0.84,0.62,0.11702189802815932
8547,0.84,0.63,0.1155404003989904
8548,0.84,0.64,0.11388175614761402
8549,0.84,0.65,0.11217295746560453
8550,0.84,0.66,0.11029217500591125
8551,0.84,0.67,0.10836281911318327
8552,0.84,0.68,0.10626732104015539
8553,0.84,0.6900000000000001,0.10412502221687842
8554,0.84,0.7000000000000001,0.10182307851038291
8555,0.84,0.71,0.09947629142478484
8556,0.84,0.72,0.09697698681164145
8557,0.84,0.73,0.0944349731533983
8558,0.84,0.74,0.09174817125400793
8559,0.84,0.75,0.0890209631826933
8560,0.84,0.76,0.08615726758372555
8561,0.84,0.77,0.08325562813657035
8562,0.84,0.78,0.08022634054333999
8563,0.84,0.79,0.07716172115855348
8564,0.84,0.8,0.07397879679224101
8565,0.84,0.81,0.07076329211552698
8566,0.84,0.8200000000000001,0.06743929253127227
8567,0.84,0.8300000000000001,0.06408559268389716
8568,0.84,0.84,0.06063363619597256
8569,0.84,0.85,0.05715497669275951
8570,0.84,0.86,0.05358868660247423
8571,0.84,0.87,0.049998796117372374
8572,0.84,0.88,0.04633224694802977
8573,0.84,0.89,0.04264529313340268
8574,0.84,0.9,0.038892955084498575
8575,0.84,0.91,0.03512348865795675
8576,0.84,0.92,0.031300170497833776
8577,0.84,0.93,0.027463067817273788
8578,0.84,0.9400000000000001,0.023583858439609702
8579,0.84,0.9500000000000001,0.019694262793088738
8580,0.84,0.96,0.015774471667869657
8581,0.84,0.97,0.011847733510016611
8582,0.84,0.98,0.007902830264008818
8583,0.84,0.99,0.003954446634830694
8584,0.84,1.0,0.0
8585,0.85,0.0,0.0
8586,0.85,0.01,0.003858113509297001
8587,0.85,0.02,0.007710163014847239
8588,0.85,0.03,0.01155911431667767
8589,0.85,0.04,0.015389897538307181
8590,0.85,0.05,0.019214496581314588
8591,0.85,0.06,0.02300889516635299
8592,0.85,0.07,0.02679404800721485
8593,0.85,0.08,0.030537087195748675
8594,0.85,0.09,0.034267855568046436
8595,0.85,0.1,0.03794476329148981
8596,0.85,0.11,0.04160642356018121
8597,0.85,0.12,0.04520268873992823
8598,0.85,0.13,0.048780790008756236
8599,0.85,0.14,0.05228221982483613
8600,0.85,0.15,0.05576264096735186
8601,0.85,0.16,0.05915541687107293
8602,0.85,0.17,0.06252442226019819
8603,0.85,0.18,0.065795154509723
8604,0.85,0.19,0.06903944822591444
8605,0.85,0.2,0.07217522872953813
8606,0.85,0.21,0.07528200703361938
8607,0.85,0.22,0.07827046029220157
8608,0.85,0.23,0.08122746215577863
8609,0.85,0.24,0.08405679410328071
8610,0.85,0.25,0.08685234959732133
8611,0.85,0.26,0.08951139414669669
8612,0.85,0.27,0.0921344704973079
8613,0.85,0.28,0.09461273360804782
8614,0.85,0.29,0.09705297873769203
8615,0.85,0.3,0.09934067983111153
8616,0.85,0.31,0.10158846321342534
8617,0.85,0.32,0.10367657377223971
8618,0.85,0.33,0.10572302443922213
8619,0.85,0.34,0.10760330363907807
8620,0.85,0.35000000000000003,0.10944034519065228
8621,0.85,0.36,0.11110537242299041
8622,0.85,0.37,0.11272575490077415
8623,0.85,0.38,0.1141689590586689
8624,0.85,0.39,0.11556628755816344
8625,0.85,0.4,0.11678197296956068
8626,0.85,0.41000000000000003,0.11795073287784073
8627,0.85,0.42,0.11893410178384546
8628,0.85,0.43,0.11986968054314955
8629,0.85,0.44,0.12061685203265096
8630,0.85,0.45,0.12131555734398206
8631,0.85,0.46,0.12182358266988884
8632,0.85,0.47000000000000003,0.12228265706478532
8633,0.85,0.48,0.12254953128142371
8634,0.85,0.49,0.12276716300439304
8635,0.85,0.5,0.12279183288013987
8636,0.85,0.51,0.1227671630388076
8637,0.85,0.52,0.12254953121273042
8638,0.85,0.53,0.12228265716748622
8639,0.85,0.54,0.12182358253358562
8640,0.85,0.55,0.12131555751334966
8641,0.85,0.56,0.1206168518308874
8642,0.85,0.5700000000000001,0.11986968077651282
8643,0.85,0.58,0.11893410151980344
8644,0.85,0.59,0.11795073317151941
8645,0.85,0.6,0.11678197264740435
8646,0.85,0.61,0.11556628790752599
8647,0.85,0.62,0.11416895868347884
8648,0.85,0.63,0.11272575530031095
8649,0.85,0.64,0.1111053720006836
8650,0.85,0.65,0.1094403456340624
8651,0.85,0.66,0.1076033031763145
8652,0.85,0.67,0.10572302491951271
8653,0.85,0.68,0.1036765732763175
8654,0.85,0.6900000000000001,0.10158846372302192
8655,0.85,0.7000000000000001,0.09934067930985165
8656,0.85,0.71,0.09705297926855797
8657,0.85,0.72,0.09461273306967084
8658,0.85,0.73,0.09213447104107116
8659,0.85,0.74,0.0895113935996931
8660,0.85,0.75,0.08685235014540642
8661,0.85,0.76,0.08405679355627714
8662,0.85,0.77,0.08122746269954188
8663,0.85,0.78,0.07827045975382457
8664,0.85,0.79,0.07528200756448535
8665,0.85,0.8,0.07217522820827824
8666,0.85,0.81,0.06903944873551104
8667,0.85,0.8200000000000001,0.06579515401380079
8668,0.85,0.8300000000000001,0.0625244227404888
8669,0.85,0.84,0.05915541640830938
8670,0.85,0.85,0.055762641410761996
8671,0.85,0.86,0.05228221940252931
8672,0.85,0.87,0.04878079040829305
8673,0.85,0.88,0.04520268836473817
8674,0.85,0.89,0.041606423909543784
8675,0.85,0.9,0.03794476296933348
8676,0.85,0.91,0.0342678558617251
8677,0.85,0.92,0.030537086931706675
8678,0.85,0.93,0.026794048240578117
8679,0.85,0.9400000000000001,0.023008894964589417
8680,0.85,0.9500000000000001,0.019214496750682188
8681,0.85,0.96,0.015389897402003968
8682,0.85,0.97,0.011559114419378567
8683,0.85,0.98,0.007710162946153967
8684,0.85,0.99,0.0038581135437115465
8685,0.85,1.0,0.0
8686,0.86,0.0,0.0
8687,0.86,0.01,0.003764169975737686
8688,0.86,0.02,0.0075221072453374995
8689,0.86,0.03,0.011277654468203105
8690,0.86,0.04,0.015014528169505145
8691,0.86,0.05,0.01874663121134543
8692,0.86,0.06,0.022447693609686608
8693,0.86,0.07,0.026141623566595103
8694,0.86,0.08,0.029792268257401996
8695,0.86,0.09,0.03343344687794591
8696,0.86,0.1,0.037019266431574355
8697,0.86,0.11,0.04059332365045319
8698,0.86,0.12,0.044100166471776274
8699,0.86,0.13,0.04759299712185378
8700,0.86,0.14,0.05100702330019853
8701,0.86,0.15,0.054404842779092216
8702,0.86,0.16,0.05771257870811018
8703,0.86,0.17,0.06100197737964883
8704,0.86,0.18,0.06419036893155958
8705,0.86,0.19,0.06735836504741217
8706,0.86,0.2,0.07041482909176427
8707,0.86,0.21,0.07344892002438397
8708,0.86,0.22,0.07636139408801106
8709,0.86,0.23,0.07924960567270278
8710,0.86,0.24,0.08200659554488811
8711,0.86,0.25,0.0847375293362703
8712,0.86,0.26,0.08732815443124257
8713,0.86,0.27,0.08989103268760519
8714,0.86,0.28,0.092305068985339
8715,0.86,0.29,0.09468977720336652
8716,0.86,0.3,0.09691769759921812
8717,0.86,0.31,0.09911482443121401
8718,0.86,0.32,0.1011478363351493
8719,0.86,0.33,0.10314871073122837
8720,0.86,0.34,0.10497879076825462
8721,0.86,0.35000000000000003,0.10677551619692166
8722,0.86,0.36,0.10839544187177455
8723,0.86,0.37,0.10998092748383777
8724,0.86,0.38,0.11138430568495639
8725,0.86,0.39,0.11275229429778717
8726,0.86,0.4,0.11393358652808337
8727,0.86,0.41000000000000003,0.11507867931978275
8728,0.86,0.42,0.1160332235546294
8729,0.86,0.43,0.11695090137064551
8730,0.86,0.44,0.11767493045681897
8731,0.86,0.45,0.11836157164492957
8732,0.86,0.46,0.11885222816789306
8733,0.86,0.47000000000000003,0.11930512287116694
8734,0.86,0.48,0.11956047043201999
8735,0.86,0.49,0.11977783128335051
8736,0.86,0.5,0.11979686214093854
8737,0.86,0.51,0.11977783131694324
8738,0.86,0.52,0.11956047036496711
8739,0.86,0.53,0.11930512297141535
8740,0.86,0.54,0.11885222803484477
8741,0.86,0.55,0.11836157181025267
8742,0.86,0.56,0.11767493025987352
8743,0.86,0.5700000000000001,0.11695090159843605
8744,0.86,0.58,0.11603322329689275
8745,0.86,0.59,0.11507867960644834
8746,0.86,0.6,0.11393358621362015
8747,0.86,0.61,0.11275229463880695
8748,0.86,0.62,0.11138430531872587
8749,0.86,0.63,0.10998092787383362
8750,0.86,0.64,0.10839544145955245
8751,0.86,0.65,0.10677551662974312
8752,0.86,0.66,0.10497879031654189
8753,0.86,0.67,0.1031487112000496
8754,0.86,0.68,0.10114783585106972
8755,0.86,0.6900000000000001,0.09911482492864143
8756,0.86,0.7000000000000001,0.09691769709040592
8757,0.86,0.71,0.0946897777215554
8758,0.86,0.72,0.09230506845981844
8759,0.86,0.73,0.08989103321838336
8760,0.86,0.74,0.08732815389730143
8761,0.86,0.75,0.08473752987126708
8762,0.86,0.76,0.08200659501094698
8763,0.86,0.77,0.07924960620348095
8764,0.86,0.78,0.07636139356249051
8765,0.86,0.79,0.07344892054257285
8766,0.86,0.8,0.07041482858295206
8767,0.86,0.81,0.0673583655448396
8768,0.86,0.8200000000000001,0.06419036844748
8769,0.86,0.8300000000000001,0.06100197784847009
8770,0.86,0.84,0.05771257825639743
8771,0.86,0.85,0.05440484321191371
8772,0.86,0.86,0.051007022887976414
8773,0.86,0.87,0.04759299751184965
8774,0.86,0.88,0.04410016610554576
8775,0.86,0.89,0.04059332399147298
8776,0.86,0.9,0.03701926611711113
8777,0.86,0.91,0.033433447164611524
8778,0.86,0.92,0.02979226799966532
8779,0.86,0.93,0.026141623794385664
8780,0.86,0.9400000000000001,0.02244769341274115
8781,0.86,0.9500000000000001,0.018746631376668533
8782,0.86,0.96,0.015014528036456854
8783,0.86,0.97,0.011277654568451506
8784,0.86,0.98,0.00752210717828462
8785,0.86,0.99,0.0037641700093304126
8786,0.86,1.0,0.0
8787,0.87,0.0,0.0
8788,0.87,0.01,0.003670650954774965
8789,0.87,0.02,0.0073423623808730664
8790,0.87,0.03,0.01099746648164153
8791,0.87,0.04,0.014655747812485386
8792,0.87,0.05,0.01828088003159739
8793,0.87,0.06,0.021911293704346378
8794,0.87,0.07,0.02549214729820493
8795,0.87,0.08,0.029080365732184144
8796,0.87,0.09,0.03260280870347169
8797,0.87,0.1,0.036134670844531806
8798,0.87,0.11,0.0395848017148123
8799,0.87,0.12,0.04304636892246651
8800,0.87,0.13,0.046410571595053095
8801,0.87,0.14,0.049788182651831145
8802,0.87,0.15,0.05305318014839942
8803,0.87,0.16,0.05633350517432365
8804,0.87,0.17,0.05948641203319511
8805,0.87,0.18,0.06265650509260415
8806,0.87,0.19,0.06568487822190582
8807,0.87,0.2,0.06873222841501295
8808,0.87,0.21,0.07162411620001713
8809,0.87,0.22,0.0745366970375703
8810,0.87,0.23,0.07728068650840783
8811,0.87,0.24,0.08004700337459447
8812,0.87,0.25,0.08263226524818978
8813,0.87,0.26,0.08524140076447442
8814,0.87,0.27,0.0876577321829399
8815,0.87,0.28,0.09009938929380672
8816,0.87,0.29,0.09233725409062507
8817,0.87,0.3,0.09460179670118826
8818,0.87,0.31,0.09665236303626801
8819,0.87,0.32,0.09873085404137437
8820,0.87,0.33,0.1005860292564473
8821,0.87,0.34,0.10247026581119033
8822,0.87,0.35000000000000003,0.1041227283679905
8823,0.87,0.36,0.10580527426044153
8824,0.87,0.37,0.10724850263561758
8825,0.87,0.38,0.10872271763401627
8826,0.87,0.39,0.10995101605673996
8827,0.87,0.4,0.11121108211532608
8828,0.87,0.41000000000000003,0.11221960304602036
8829,0.87,0.42,0.11326054726608685
8830,0.87,0.43,0.11404531052755802
8831,0.87,0.44,0.11486302478310992
8832,0.87,0.45,0.11542093326858069
8833,0.87,0.46,0.11601219041914841
8834,0.87,0.47000000000000003,0.11634104231519757
8835,0.87,0.48,0.11670350894182108
8836,0.87,0.49,0.1168020064179906
8837,0.87,0.5,0.1169342520321123
8838,0.87,0.51,0.11680200636288691
8839,0.87,0.52,0.11670350905181094
8840,0.87,0.53,0.11634104215075558
8841,0.87,0.54,0.11601219063739353
8842,0.87,0.55,0.11542093299739373
8843,0.87,0.56,0.11486302510616843
8844,0.87,0.5700000000000001,0.11404531015390287
8845,0.87,0.58,0.11326054768886394
8846,0.87,0.59,0.11221960257578978
8847,0.87,0.6,0.11121108263115433
8848,0.87,0.61,0.10995101549734976
8849,0.87,0.62,0.10872271823476072
8850,0.87,0.63,0.10724850199588969
8851,0.87,0.64,0.1058052749366281
8852,0.87,0.65,0.1041227276580138
8853,0.87,0.66,0.10247026655215516
8854,0.87,0.67,0.10058602848741853
8855,0.87,0.68,0.09873085483543198
8856,0.87,0.6900000000000001,0.09665236222031523
8857,0.87,0.7000000000000001,0.09460179753581592
8858,0.87,0.71,0.09233725324061637
8859,0.87,0.72,0.09009939015584183
8860,0.87,0.73,0.08765773131228038
8861,0.87,0.74,0.08524140164032218
8862,0.87,0.75,0.08263226437061032
8863,0.87,0.76,0.08004700425044223
8864,0.87,0.77,0.07728068563774833
8865,0.87,0.78,0.07453669789960542
8866,0.87,0.79,0.07162411535000841
8867,0.87,0.8,0.06873222924964062
8868,0.87,0.81,0.06568487740595305
8869,0.87,0.8200000000000001,0.0626565058866618
8870,0.87,0.8300000000000001,0.059486411264166345
8871,0.87,0.84,0.05633350591528851
8872,0.87,0.85,0.053053179438422714
8873,0.87,0.86,0.04978818332801775
8874,0.87,0.87,0.046410570955325185
8875,0.87,0.88,0.04304636952321099
8876,0.87,0.89,0.039584801155422095
8877,0.87,0.9,0.036134671360360075
8878,0.87,0.91,0.03260280823324109
8879,0.87,0.92,0.029080366154961273
8880,0.87,0.93,0.02549214692454976
8881,0.87,0.9400000000000001,0.021911294027404923
8882,0.87,0.9500000000000001,0.018280879760410415
8883,0.87,0.96,0.014655748030730522
8884,0.87,0.97,0.010997466317199533
8885,0.87,0.98,0.007342362490862938
8886,0.87,0.99,0.003670650899671293
8887,0.87,1.0,0.0
8888,0.88,0.0,0.0
8889,0.88,0.01,0.0035793691068765217
8890,0.88,0.02,0.0071670816708839175
8891,0.88,0.03,0.010723981185300371
8892,0.88,0.04,0.014305878146183261
8893,0.88,0.05,0.017826270607150557
8894,0.88,0.06,0.02138821585903541
8895,0.88,0.07,0.024858207879406725
8896,0.88,0.08,0.028386144059474445
8897,0.88,0.09,0.0317920411568982
8898,0.88,0.1,0.03527204512325009
8899,0.88,0.11,0.03860040576617947
8900,0.88,0.12,0.04201874354595272
8901,0.88,0.13,0.045256432201414516
8902,0.88,0.14,0.048599613192294715
8903,0.88,0.15,0.051733852166059247
8904,0.88,0.16,0.05498868237728456
8905,0.88,0.17,0.05800710224184378
8906,0.88,0.18,0.06116073636458657
8907,0.88,0.19,0.06405142477592
8908,0.88,0.2,0.06709141687755231
8909,0.88,0.21,0.06984296558801893
8910,0.88,0.22,0.07275731823019926
8911,0.88,0.23,0.07535886811201194
8912,0.88,0.24,0.07813607969875205
8913,0.88,0.25,0.08057736360034219
8914,0.88,0.26,0.08320647376919775
8915,0.88,0.27,0.08547785703533037
8916,0.88,0.28,0.08794848991258303
8917,0.88,0.29,0.09004100840830179
8918,0.88,0.3,0.09234341355742995
8919,0.88,0.31,0.0942488090457636
8920,0.88,0.32,0.09637389994760252
8921,0.88,0.33,0.09808465268140765
8922,0.88,0.34,0.10002404259414084
8923,0.88,0.35000000000000003,0.1015334009934496
8924,0.88,0.36,0.10327943605091436
8925,0.88,0.37,0.10458144334865933
8926,0.88,0.38,0.10612723276634765
8927,0.88,0.39,0.10721675051730008
8928,0.88,0.4,0.10855619378685018
8929,0.88,0.41000000000000003,0.10942892214698799
8930,0.88,0.42,0.11055673311184727
8931,0.88,0.43,0.11120922780811492
8932,0.88,0.44,0.11212095552536253
8933,0.88,0.45,0.112550641448847
8934,0.88,0.46,0.11324268775484746
8935,0.88,0.47000000000000003,0.11344786912372148
8936,0.88,0.48,0.11391750283428863
8937,0.88,0.49,0.11389736988640971
8938,0.88,0.5,0.11414273757544163
8939,0.88,0.51,0.11389736976419239
8940,0.88,0.52,0.11391750307824089
8941,0.88,0.53,0.11344786875899698
8942,0.88,0.54,0.11324268823890474
8943,0.88,0.55,0.11255064084736725
8944,0.88,0.56,0.11212095624189093
8945,0.88,0.5700000000000001,0.11120922697936561
8946,0.88,0.58,0.11055673404954675
8947,0.88,0.59,0.10942892110403901
8948,0.88,0.6,0.10855619493093263
8949,0.88,0.61,0.10721674927659931
8950,0.88,0.62,0.10612723409877024
8951,0.88,0.63,0.10458144192977335
8952,0.88,0.64,0.10327943755066397
8953,0.88,0.65,0.10153339941875512
8954,0.88,0.66,0.10002404423756553
8955,0.88,0.67,0.09808465097573853
8956,0.88,0.68,0.09637390170878453
8957,0.88,0.6900000000000001,0.09424880723601925
8958,0.88,0.7000000000000001,0.09234341540859435
8959,0.88,0.71,0.09004100652302295
8960,0.88,0.72,0.08794849182453587
8961,0.88,0.73,0.08547785510424909
8962,0.88,0.74,0.08320647571178635
8963,0.88,0.75,0.08057736165391276
8964,0.88,0.76,0.07813608164134064
8965,0.88,0.77,0.07535886618093066
8966,0.88,0.78,0.07275732014215211
8967,0.88,0.79,0.06984296370274012
8968,0.88,0.8,0.06709141872871674
8969,0.88,0.81,0.06405142296617565
8970,0.88,0.8200000000000001,0.06116073812576861
8971,0.88,0.8300000000000001,0.058007100536174645
8972,0.88,0.84,0.05498868402070929
8973,0.88,0.85,0.05173385059136475
8974,0.88,0.86,0.048599614692044366
8975,0.88,0.87,0.045256430782528514
8976,0.88,0.88,0.04201874487837534
8977,0.88,0.89,0.03860040452547865
8978,0.88,0.9,0.035272046267332595
8979,0.88,0.91,0.031792040113949156
8980,0.88,0.92,0.028386144997173957
8981,0.88,0.93,0.02485820705065739
8982,0.88,0.9400000000000001,0.021388216575563855
8983,0.88,0.9500000000000001,0.0178262700056708
8984,0.88,0.96,0.014305878630240559
8985,0.88,0.97,0.010723980820575877
8986,0.88,0.98,0.007167081914836202
8987,0.88,0.99,0.0035793689846592117
8988,0.88,1.0,0.0
8989,0.89,0.0,0.0
8990,0.89,0.01,0.003494520378866473
8991,0.89,0.02,0.006987659583901645
8992,0.89,0.03,0.010469769861047662
8993,0.89,0.04,0.013947742068004936
8994,0.89,0.05,0.0174036999444393
8995,0.89,0.06,0.020852779186722153
8996,0.89,0.07,0.02426894557459879
8997,0.89,0.08,0.027675519913368002
8998,0.89,0.09,0.03103841276325011
8999,0.89,0.1,0.03438903800750878
9000,0.89,0.11,0.03768538551588073
9001,0.89,0.12,0.04096683828052882
9002,0.89,0.13,0.04418363126756959
9003,0.89,0.14,0.04738296116003244
9004,0.89,0.15,0.05050750441093925
9005,0.89,0.16,0.05361208514041377
9006,0.89,0.17,0.05663204750765429
9007,0.89,0.18,0.05962962671526861
9008,0.89,0.19,0.06253308978403077
9009,0.89,0.2,0.0654118373972611
9010,0.89,0.21,0.06818734252203917
9011,0.89,0.22,0.07093589744255181
9012,0.89,0.23,0.07357249096923645
9013,0.89,0.24,0.07618000590990014
9014,0.89,0.25,0.07866728240490022
9015,0.89,0.26,0.08112346669901845
9016,0.89,0.27,0.08345161001480884
9017,0.89,0.28,0.08574677022862454
9018,0.89,0.29,0.08790659224365127
9019,0.89,0.3,0.09003167043184572
9020,0.89,0.31,0.09201464731189961
9021,0.89,0.32,0.09396125676510944
9022,0.89,0.33,0.09575956260305983
9023,0.89,0.34,0.09752002094633391
9024,0.89,0.35000000000000003,0.09912655864746123
9025,0.89,0.36,0.1006939181590337
9026,0.89,0.37,0.10210234745006948
9027,0.89,0.38,0.10347042248079566
9028,0.89,0.39,0.10467518493213067
9029,0.89,0.4,0.10583857631737417
9030,0.89,0.41000000000000003,0.10683491727968236
9031,0.89,0.42,0.10778903364731196
9032,0.89,0.43,0.10857302101601603
9033,0.89,0.44,0.10931409690641974
9034,0.89,0.45,0.10988263663994272
9035,0.89,0.46,0.11040774736654835
9036,0.89,0.47000000000000003,0.11075859569710743
9037,0.89,0.48,0.1110656688887621
9038,0.89,0.49,0.11119744117751397
9039,0.89,0.5,0.11128526495717074
9040,0.89,0.51,0.11119744115876055
9041,0.89,0.52,0.1110656689261949
9042,0.89,0.53,0.11075859564114296
9043,0.89,0.54,0.1104077474408236
9044,0.89,0.55,0.10988263654764978
9045,0.89,0.56,0.10931409701636612
9046,0.89,0.5700000000000001,0.10857302088885012
9047,0.89,0.58,0.10778903379119549
9048,0.89,0.59,0.10683491711964901
9049,0.89,0.6,0.10583857649292573
9050,0.89,0.61,0.10467518474175365
9051,0.89,0.62,0.10347042268524671
9052,0.89,0.63,0.10210234723235116
9053,0.89,0.64,0.10069391838915995
9054,0.89,0.65,0.09912655840583515
9055,0.89,0.66,0.09752002119850613
9056,0.89,0.67,0.09575956234133662
9057,0.89,0.68,0.09396125703535071
9058,0.89,0.6900000000000001,0.09201464703420674
9059,0.89,0.7000000000000001,0.09003167071589419
9060,0.89,0.71,0.08790659195436817
9061,0.89,0.72,0.08574677052200055
9062,0.89,0.73,0.08345160971849766
9063,0.89,0.74,0.08112346699709531
9064,0.89,0.75,0.07866728210623397
9065,0.89,0.76,0.07618000620797699
9066,0.89,0.77,0.07357249067292526
9067,0.89,0.78,0.07093589773592783
9068,0.89,0.79,0.06818734223275608
9069,0.89,0.8,0.06541183768130954
9070,0.89,0.81,0.06253308950633793
9071,0.89,0.8200000000000001,0.059629626985509866
9072,0.89,0.8300000000000001,0.05663204724593108
9073,0.89,0.84,0.05361208539258598
9074,0.89,0.85,0.05050750416931319
9075,0.89,0.86,0.047382961390158705
9076,0.89,0.87,0.04418363104985127
9077,0.89,0.88,0.0409668384849799
9078,0.89,0.89,0.0376853853255037
9079,0.89,0.9,0.03438903818306037
9080,0.89,0.91,0.031038412603216745
9081,0.89,0.92,0.02767552005725154
9082,0.89,0.93,0.0242689454474329
9083,0.89,0.9400000000000001,0.020852779296668515
9084,0.89,0.9500000000000001,0.017403699852146366
9085,0.89,0.96,0.013947742142280199
9086,0.89,0.97,0.010469769805083195
9087,0.89,0.98,0.006987659621334443
9088,0.89,0.99,0.0034945203601130658
9089,0.89,1.0,0.0
9090,0.9,0.0,0.0
9091,0.9,0.01,0.0034105069629625675
9092,0.9,0.02,0.006815073740272939
9093,0.9,0.03,0.010218061176135744
9094,0.9,0.04,0.013603251497767652
9095,0.9,0.05,0.01698528937038825
9096,0.9,0.06,0.020337743435866064
9097,0.9,0.07,0.023685484387919266
9098,0.9,0.08,0.02699197159135994
9099,0.9,0.09,0.030292203620242767
9100,0.9,0.1,0.03353967476553289
9101,0.9,0.11,0.03677937336507925
9102,0.9,0.12,0.03995501216511751
9103,0.9,0.13,0.0431213917273434
9104,0.9,0.14,0.04621266538410399
9105,0.9,0.15,0.049293229658124646
9106,0.9,0.16,0.05228793832392468
9107,0.9,0.17,0.055270529732905686
9108,0.9,0.18,0.05815685465767505
9109,0.9,0.19,0.061029702279186936
9110,0.9,0.2,0.06379625245372453
9111,0.9,0.21,0.06654801847414474
9112,0.9,0.22,0.06918387558528068
9113,0.9,0.23,0.07180370004490967
9114,0.9,0.24,0.07429846156515522
9115,0.9,0.25,0.0767760052174588
9116,0.9,0.26,0.07911982545908798
9117,0.9,0.27,0.08144531057492112
9118,0.9,0.28,0.08362893954646128
9119,0.9,0.29,0.0857931885022385
9120,0.9,0.3,0.08780800841402017
9121,0.9,0.31,0.08980247991154396
9122,0.9,0.32,0.09164053918623827
9123,0.9,0.33,0.09345736196124278
9124,0.9,0.34,0.09511140661516158
9125,0.9,0.35000000000000003,0.09674341050154077
9126,0.9,0.36,0.09820691277285078
9127,0.9,0.37,0.09964765699997516
9128,0.9,0.38,0.10091484111084291
9129,0.9,0.39,0.10215863972228971
9130,0.9,0.4,0.10322450467328485
9131,0.9,0.41000000000000003,0.10426644896666565
9132,0.9,0.42,0.10512678827346307
9133,0.9,0.43,0.10596276617279025
9134,0.9,0.44,0.10661418446727833
9135,0.9,0.45,0.10724089675141699
9136,0.9,0.46,0.10768082318169467
9137,0.9,0.47000000000000003,0.10809579650485411
9138,0.9,0.48,0.10832249488123243
9139,0.9,0.49,0.10852409153411191
9140,0.9,0.5,0.10853666718107814
9141,0.9,0.51,0.10852409155414429
9142,0.9,0.52,0.1083224948412467
9143,0.9,0.53,0.10809579656463535
9144,0.9,0.54,0.1076808231023538
9145,0.9,0.55,0.1072408968500043
9146,0.9,0.56,0.10661418434983357
9147,0.9,0.5700000000000001,0.10596276630862889
9148,0.9,0.58,0.1051267881197666
9149,0.9,0.59,0.1042664491376133
9150,0.9,0.6,0.10322450448576057
9151,0.9,0.61,0.10215863992565045
9152,0.9,0.62,0.10091484089244816
9153,0.9,0.63,0.0996476572325419
9154,0.9,0.64,0.09820691252702979
9155,0.9,0.65,0.09674341075964575
9156,0.9,0.66,0.0951114063457911
9157,0.9,0.67,0.09345736224081556
9158,0.9,0.68,0.09164053889756643
9159,0.9,0.6900000000000001,0.0898024802081755
9160,0.9,0.7000000000000001,0.08780800811059948
9161,0.9,0.71,0.08579318881125073
9162,0.9,0.72,0.08362893923307688
9163,0.9,0.73,0.08144531089144072
9164,0.9,0.74,0.07911982514068215
9165,0.9,0.75,0.07677600553649412
9166,0.9,0.76,0.07429846124674937
9167,0.9,0.77,0.07180370036142933
9168,0.9,0.78,0.06918387527189628
9169,0.9,0.79,0.066548018783157
9170,0.9,0.8,0.06379625215030385
9171,0.9,0.81,0.06102970257581849
9172,0.9,0.8200000000000001,0.05815685436900322
9173,0.9,0.8300000000000001,0.055270530012478475
9174,0.9,0.84,0.05228793805455421
9175,0.9,0.85,0.04929322991622964
9176,0.9,0.86,0.046212665138283024
9177,0.9,0.87,0.04312139195991015
9178,0.9,0.88,0.039955011946722775
9179,0.9,0.89,0.03677937356844002
9180,0.9,0.9,0.03353967457800862
9181,0.9,0.91,0.030292203791190454
9182,0.9,0.92,0.02699197143766349
9183,0.9,0.93,0.023685484523757905
9184,0.9,0.9400000000000001,0.020337743318421322
9185,0.9,0.9500000000000001,0.016985289468975588
9186,0.9,0.96,0.013603251418426787
9187,0.9,0.97,0.010218061235917005
9188,0.9,0.98,0.0068150737002872054
9189,0.9,0.99,0.003410506982994963
9190,0.9,1.0,0.0
9191,0.91,0.0,0.0
9192,0.91,0.01,0.0033283218815973476
9193,0.91,0.02,0.0066471317817964285
9194,0.91,0.03,0.009971830279143902
9195,0.91,0.04,0.013268030370730962
9196,0.91,0.05,0.01657598441902928
9197,0.91,0.06,0.019836566104377094
9198,0.91,0.07,0.02311472072250427
9199,0.91,0.08,0.026326815972591625
9200,0.91,0.09,0.029562233785113797
9201,0.91,0.1,0.03271316592380017
9202,0.91,0.11,0.03589307821883151
9203,0.91,0.12,0.03897041195196401
9204,0.91,0.13,0.0420822690733744
9205,0.91,0.14,0.04507385956528408
9206,0.91,0.15,0.04810538044038065
9207,0.91,0.16,0.050999421244084325
9208,0.91,0.17,0.053938641851304904
9209,0.91,0.18,0.05672371150325287
9210,0.91,0.19,0.05955903208859289
9211,0.91,0.2,0.062224139184072595
9212,0.91,0.21,0.06494437003990544
9213,0.91,0.22,0.06747899661120745
9214,0.91,0.23,0.07007340223683194
9215,0.91,0.24,0.07246754526298277
9216,0.91,0.25,0.07492588673261777
9217,0.91,0.26,0.07717009761685767
9218,0.91,0.27,0.07948267298787916
9219,0.91,0.28,0.08156809484708323
9220,0.91,0.29,0.08372577744903242
9221,0.91,0.3,0.08564418006790896
9222,0.91,0.31,0.08763845452116469
9223,0.91,0.32,0.08938226683328021
9224,0.91,0.33,0.091205262655248
9225,0.91,0.34,0.09276760262268971
9226,0.91,0.35000000000000003,0.09441212528888147
9227,0.91,0.36,0.09578682706263311
9228,0.91,0.37,0.0972463864000553
9229,0.91,0.38,0.09842802465389569
9230,0.91,0.39,0.09969686045469199
9231,0.91,0.4,0.10068077179657937
9232,0.91,0.41000000000000003,0.10175387655084431
9233,0.91,0.42,0.10253617792728395
9234,0.91,0.43,0.10340931658533281
9235,0.91,0.44,0.10398692060609303
9236,0.91,0.45,0.10465664729219679
9237,0.91,0.46,0.1050272744148923
9238,0.91,0.47000000000000003,0.10549094602651714
9239,0.91,0.48,0.1056531335529719
9240,0.91,0.49,0.10590892019185445
9241,0.91,0.5,0.10586202804073848
9242,0.91,0.51,0.10590892023463058
9243,0.91,0.52,0.10565313346758845
9244,0.91,0.53,0.10549094615417093
9245,0.91,0.54,0.10502727424547197
9246,0.91,0.55,0.10465664750271506
9247,0.91,0.56,0.10398692035530765
9248,0.91,0.5700000000000001,0.10340931687539555
9249,0.91,0.58,0.10253617759908858
9250,0.91,0.59,0.10175387691587703
9251,0.91,0.6,0.10068077139614982
9252,0.91,0.61,0.09969686088893795
9253,0.91,0.62,0.09842802418754698
9254,0.91,0.63,0.09724638689666619
9255,0.91,0.64,0.09578682653771983
9256,0.91,0.65,0.09441212584002545
9257,0.91,0.66,0.09276760204749007
9258,0.91,0.67,0.09120526325223322
9259,0.91,0.68,0.08938226621686543
9260,0.91,0.6900000000000001,0.08763845515457627
9261,0.91,0.7000000000000001,0.08564417942000026
9262,0.91,0.71,0.08372577810888114
9263,0.91,0.72,0.08156809417789855
9264,0.91,0.73,0.07948267366375876
9265,0.91,0.74,0.07717009693695046
9266,0.91,0.75,0.07492588741386924
9267,0.91,0.76,0.07246754458307555
9268,0.91,0.77,0.07007340291271152
9269,0.91,0.78,0.0674789959420228
9270,0.91,0.79,0.06494437069975412
9271,0.91,0.8,0.06222413853616396
9272,0.91,0.81,0.05955903272200443
9273,0.91,0.8200000000000001,0.05672371088683815
9274,0.91,0.8300000000000001,0.05393864244829005
9275,0.91,0.84,0.05099942066888473
9276,0.91,0.85,0.048105380991524616
9277,0.91,0.86,0.045073859040370826
9278,0.91,0.87,0.04208226956998531
9279,0.91,0.88,0.038970411485615315
9280,0.91,0.89,0.0358930786530775
9281,0.91,0.9,0.03271316552337062
9282,0.91,0.91,0.02956223415014657
9283,0.91,0.92,0.026326815644396234
9284,0.91,0.93,0.02311472101256702
9285,0.91,0.9400000000000001,0.01983656585359171
9286,0.91,0.9500000000000001,0.016575984629547545
9287,0.91,0.96,0.013268030201310618
9288,0.91,0.97,0.009971830406797692
9289,0.91,0.98,0.00664713169641298
9290,0.91,0.99,0.0033283219243734805
9291,0.91,1.0,0.0
9292,0.92,0.0,0.0
9293,0.92,0.01,0.00324450203724072
9294,0.92,0.02,0.00649055424449183
9295,0.92,0.03,0.009720701544284125
9296,0.92,0.04,0.012955493236970225
9297,0.92,0.05,0.016158537882793908
9298,0.92,0.06,0.019369302817113628
9299,0.92,0.07,0.02253260385358219
9300,0.92,0.08,0.02570667060902161
9301,0.92,0.09,0.02881774392998168
9302,0.92,0.1,0.03194258591759334
9303,0.92,0.11,0.03498915353522195
9304,0.92,0.12,0.038052438434310026
9305,0.92,0.13,0.04102247693476649
9306,0.92,0.14,0.04401211536287479
9307,0.92,0.15,0.04689390335727411
9308,0.92,0.16,0.049798096581399394
9309,0.92,0.17,0.05258026096483926
9310,0.92,0.18,0.05538754746557641
9311,0.92,0.19,0.058059108301653437
9312,0.92,0.2,0.06075840900650607
9313,0.92,0.21,0.06330882286018152
9314,0.92,0.22,0.06588948486752401
9315,0.92,0.23,0.068308686415323
9316,0.92,0.24,0.07076052503645645
9317,0.92,0.25,0.07303896678978274
9318,0.92,0.26,0.07535230574316557
9319,0.92,0.27,0.07748099572796106
9320,0.92,0.28,0.07964670532698702
9321,0.92,0.29,0.08161724257103022
9322,0.92,0.3,0.08362677575464567
9323,0.92,0.31,0.0854313834424354
9324,0.92,0.32,0.08727680950640064
9325,0.92,0.33,0.08890836567077681
9326,0.92,0.34,0.09058240156645116
9327,0.92,0.35000000000000003,0.09203446719582524
9328,0.92,0.36,0.09353050627295466
9329,0.92,0.37,0.0947973507232224
9330,0.92,0.38,0.09610948880329682
9331,0.92,0.39,0.09718611241414257
9332,0.92,0.4,0.098309171091424
9333,0.92,0.41000000000000003,0.09919132491775952
9334,0.92,0.42,0.10012087199602372
9335,0.92,0.43,0.10080507457668943
9336,0.92,0.44,0.1015374415610275
9337,0.92,0.45,0.10202099265857682
9338,0.92,0.46,0.10255328923322546
9339,0.92,0.47000000000000003,0.10283428049056698
9340,0.92,0.48,0.10316440592563053
9341,0.92,0.49,0.10324172839747031
9342,0.92,0.5,0.10336837983951841
9343,0.92,0.51,0.10324172836887896
9344,0.92,0.52,0.10316440598270038
9345,0.92,0.53,0.1028342804052438
9346,0.92,0.54,0.10255328934646514
9347,0.92,0.55,0.10202099251786742
9348,0.92,0.56,0.1015374417286512
9349,0.92,0.5700000000000001,0.10080507438281287
9350,0.92,0.58,0.10012087221538789
9351,0.92,0.59,0.0991913246737734
9352,0.92,0.6,0.09830917135906914
9353,0.92,0.61,0.09718611212389468
9354,0.92,0.62,0.09610948911500199
9355,0.92,0.63,0.09479735039129011
9356,0.92,0.64,0.09353050662380408
9357,0.92,0.65,0.09203446682744333
9358,0.92,0.66,0.0905824019509117
9359,0.92,0.67,0.08890836527175487
9360,0.92,0.68,0.08727680991840918
9361,0.92,0.6900000000000001,0.08543138301906622
9362,0.92,0.7000000000000001,0.08362677618770457
9363,0.92,0.71,0.08161724212999062
9364,0.92,0.72,0.07964670577426669
9365,0.92,0.73,0.0774809952762065
9366,0.92,0.74,0.07535230619761213
9367,0.92,0.75,0.07303896633443763
9368,0.92,0.76,0.07076052549090305
9369,0.92,0.77,0.06830868596356841
9370,0.92,0.78,0.06588948531480372
9371,0.92,0.79,0.06330882241914189
9372,0.92,0.8,0.06075840943956502
9373,0.92,0.81,0.058059107878284236
9374,0.92,0.8200000000000001,0.05538754787758499
9375,0.92,0.8300000000000001,0.052580260565817286
9376,0.92,0.84,0.049798096965859996
9377,0.92,0.85,0.04689390298889215
9378,0.92,0.86,0.044012115713724244
9379,0.92,0.87,0.04102247660283416
9380,0.92,0.88,0.03805243874601524
9381,0.92,0.89,0.03498915324497403
9382,0.92,0.9,0.0319425861852385
9383,0.92,0.91,0.028817743685995555
9384,0.92,0.92,0.025706670828385802
9385,0.92,0.93,0.022532603659705663
9386,0.92,0.9400000000000001,0.019369302984737352
9387,0.92,0.9500000000000001,0.016158537742084526
9388,0.92,0.96,0.012955493350209957
9389,0.92,0.97,0.009720701458960954
9390,0.92,0.98,0.006490554301561708
9391,0.92,0.99,0.003244502008649364
9392,0.92,1.0,0.0
9393,0.93,0.0,0.0
9394,0.93,0.01,0.0031656518259080475
9395,0.93,0.02,0.006331941540963991
9396,0.93,0.03,0.009484462096098809
9397,0.93,0.04,0.012638893801688708
9398,0.93,0.05,0.015765841527085007
9399,0.93,0.06,0.01889596612320378
9400,0.93,0.07,0.02198500038371475
9401,0.93,0.08,0.025078464699863585
9402,0.93,0.09,0.02811739448702634
9403,0.93,0.1,0.03116199003451312
9404,0.93,0.11,0.034138822078912945
9405,0.93,0.12,0.037122533232152824
9406,0.93,0.13,0.04002551933540829
9407,0.93,0.14,0.04293657075207542
9408,0.93,0.15,0.04575425415164626
9409,0.93,0.16,0.04858115724453136
9410,0.93,0.17,0.05130241782836768
9411,0.93,0.18,0.054034016105538984
9412,0.93,0.19,0.05664811429812982
9413,0.93,0.2,0.05927362739246111
9414,0.93,0.21,0.06177024653908308
9415,0.93,0.22,0.06427931275338523
9416,0.93,0.23,0.06664859983527961
9417,0.93,0.24,0.06903131703513025
9418,0.93,0.25,0.07126392155492298
9419,0.93,0.26,0.0735108862478097
9420,0.93,0.27,0.07559799713171102
9421,0.93,0.28,0.07770034157826167
9422,0.93,0.29,0.07963372194940764
9423,0.93,0.3,0.08158314916024752
9424,0.93,0.31,0.0833551688459486
9425,0.93,0.32,0.08514398532606893
9426,0.93,0.33,0.08674765097067305
9427,0.93,0.34,0.08836879708208442
9428,0.93,0.35000000000000003,0.08979777974661222
9429,0.93,0.36,0.09124485756945637
9430,0.93,0.37,0.09249351770908436
9431,0.93,0.38,0.09376081629125037
9432,0.93,0.39,0.09482422601206657
9433,0.93,0.4,0.09590674390766321
9434,0.93,0.41000000000000003,0.09678070641485724
9435,0.93,0.42,0.09767417142259334
9436,0.93,0.43,0.0983552375833271
9437,0.93,0.44,0.09905612360690222
9438,0.93,0.45,0.0995416055624945
9439,0.93,0.46,0.10004714652646009
9440,0.93,0.47000000000000003,0.10033512830016364
9441,0.93,0.48,0.10064332906633584
9442,0.93,0.49,0.10073267412484208
9443,0.93,0.5,0.10084231836618418
9444,0.93,0.51,0.1007326741050138
9445,0.93,0.52,0.10064332910591413
9446,0.93,0.53,0.10033512824099156
9447,0.93,0.54,0.10004714660499248
9448,0.93,0.55,0.0995416054649118
9449,0.93,0.56,0.09905612372315017
9450,0.93,0.5700000000000001,0.09835523744887267
9451,0.93,0.58,0.09767417157472362
9452,0.93,0.59,0.09678070624565153
9453,0.93,0.6,0.09590674409327658
9454,0.93,0.61,0.09482422581077807
9455,0.93,0.62,0.09376081650741962
9456,0.93,0.63,0.09249351747888748
9457,0.93,0.64,0.09124485781277236
9458,0.93,0.65,0.08979777949113732
9459,0.93,0.66,0.08836879734870995
9460,0.93,0.67,0.08674765069394913
9461,0.93,0.68,0.08514398561179912
9462,0.93,0.6900000000000001,0.08335516855233974
9463,0.93,0.7000000000000001,0.08158314946057622
9464,0.93,0.71,0.07963372164354426
9465,0.93,0.72,0.07770034188845253
9466,0.93,0.73,0.07559799681841675
9467,0.93,0.74,0.07351088656297086
9468,0.93,0.75,0.07126392123913866
9469,0.93,0.76,0.06903131735029142
9470,0.93,0.77,0.06664859952198532
9471,0.93,0.78,0.06427931306357615
9472,0.93,0.79,0.061770246233219674
9473,0.93,0.8,0.059273627692789835
9474,0.93,0.81,0.05664811400452096
9475,0.93,0.8200000000000001,0.054034016391269174
9476,0.93,0.8300000000000001,0.05130241755164377
9477,0.93,0.84,0.048581157511156874
9478,0.93,0.85,0.045754253896171375
9479,0.93,0.86,0.04293657099539142
9480,0.93,0.87,0.04002551910521144
9481,0.93,0.88,0.037122533448322066
9482,0.93,0.89,0.03413882187762444
9483,0.93,0.9,0.031161990220126487
9484,0.93,0.91,0.02811739431782064
9485,0.93,0.92,0.02507846485199385
9486,0.93,0.93,0.02198500024926031
9487,0.93,0.9400000000000001,0.01889596623945175
9488,0.93,0.9500000000000001,0.015765841429502273
9489,0.93,0.96,0.012638893880221087
9490,0.93,0.97,0.00948446203692672
9491,0.93,0.98,0.006331941580542266
9492,0.93,0.99,0.0031656518060797834
9493,0.93,1.0,0.0
9494,0.9400000000000001,0.0,0.0
9495,0.9400000000000001,0.01,0.003088984870231604
9496,0.9400000000000001,0.02,0.006176671171933429
9497,0.9400000000000001,0.03,0.009254763798586939
9498,0.9400000000000001,0.04,0.012328965844699726
9499,0.9400000000000001,0.05,0.015384018402185349
9500,0.9400000000000001,0.06,0.01843260372203589
9501,0.9400000000000001,0.07,0.02145255931320348
9502,0.9400000000000001,0.08,0.024463496533818314
9503,0.9400000000000001,0.09,0.027436436773028875
9504,0.9400000000000001,0.1,0.03039784310145864
9505,0.9400000000000001,0.11,0.033312035151017015
9506,0.9400000000000001,0.12,0.03621222327028053
9507,0.9400000000000001,0.13,0.039056166144597844
9508,0.9400000000000001,0.14,0.041883690338169265
9509,0.9400000000000001,0.15,0.04464616029291354
9510,0.9400000000000001,0.16,0.04738986161572046
9511,0.9400000000000001,0.17,0.05005995644282486
9512,0.9400000000000001,0.18,0.052709006760488473
9513,0.9400000000000001,0.19,0.05527618881420486
9514,0.9400000000000001,0.2,0.05782013353671941
9515,0.9400000000000001,0.21,0.06027427132091269
9516,0.9400000000000001,0.22,0.06270307066211457
9517,0.9400000000000001,0.23,0.06503447881467139
9518,0.9400000000000001,0.24,0.06733854741466565
9519,0.9400000000000001,0.25,0.06953802493121705
9520,0.9400000000000001,0.26,0.07170826968539026
9521,0.9400000000000001,0.27,0.07376713623149614
9522,0.9400000000000001,0.28,0.0757949921768221
9523,0.9400000000000001,0.29,0.07770512234530967
9524,0.9400000000000001,0.3,0.07958258646232132
9525,0.9400000000000001,0.31,0.0813364418405791
9526,0.9400000000000001,0.32,0.0830561046376064
9527,0.9400000000000001,0.33,0.08464676355827838
9528,0.9400000000000001,0.34,0.08620183831330366
9529,0.9400000000000001,0.35000000000000003,0.08762302317097077
9530,0.9400000000000001,0.36,0.08900737271569788
9531,0.9400000000000001,0.37,0.09025347474174013
9532,0.9400000000000001,0.38,0.09146163568217308
9533,0.9400000000000001,0.39,0.09252773708003682
9534,0.9400000000000001,0.4,0.09355494135798095
9535,0.9400000000000001,0.41000000000000003,0.09443683471149326
9536,0.9400000000000001,0.42,0.09527902842188549
9537,0.9400000000000001,0.43,0.09597323330001953
9538,0.9400000000000001,0.44,0.09662709268982482
9539,0.9400000000000001,0.45,0.09713086938238459
9540,0.9400000000000001,0.46,0.09759381396791847
9541,0.9400000000000001,0.47000000000000003,0.09790517429793429
9542,0.9400000000000001,0.48,0.09817537704884341
9543,0.9400000000000001,0.49,0.0982930922190062
9544,0.9400000000000001,0.5,0.09836948676871579
9545,0.9400000000000001,0.51,0.09829309221088403
9546,0.9400000000000001,0.52,0.09817537706505572
9547,0.9400000000000001,0.53,0.09790517427369581
9548,0.9400000000000001,0.54,0.09759381400008742
9549,0.9400000000000001,0.55,0.09713086934241211
9550,0.9400000000000001,0.56,0.09662709273744306
9551,0.9400000000000001,0.5700000000000001,0.09597323324494342
9552,0.9400000000000001,0.58,0.0952790284842021
9553,0.9400000000000001,0.59,0.09443683464218211
9554,0.9400000000000001,0.6,0.09355494143401313
9555,0.9400000000000001,0.61,0.09252773699758371
9556,0.9400000000000001,0.62,0.09146163577072175
9557,0.9400000000000001,0.63,0.09025347464744536
9558,0.9400000000000001,0.64,0.08900737281536655
9559,0.9400000000000001,0.65,0.08762302306632147
9560,0.9400000000000001,0.66,0.08620183842252055
9561,0.9400000000000001,0.67,0.0846467634449249
9562,0.9400000000000001,0.68,0.08305610475464906
9563,0.9400000000000001,0.6900000000000001,0.0813364417203091
9564,0.9400000000000001,0.7000000000000001,0.07958258658534392
9565,0.9400000000000001,0.71,0.07770512222001988
9566,0.9400000000000001,0.72,0.0757949923038845
9567,0.9400000000000001,0.73,0.07376713610316248
9568,0.9400000000000001,0.74,0.07170826981448863
9569,0.9400000000000001,0.75,0.06953802480186339
9570,0.9400000000000001,0.76,0.067338547543764
9571,0.9400000000000001,0.77,0.06503447868633773
9572,0.9400000000000001,0.78,0.06270307078917697
9573,0.9400000000000001,0.79,0.06027427119562292
9574,0.9400000000000001,0.8,0.057820133659742014
9575,0.9400000000000001,0.81,0.05527618869393487
9576,0.9400000000000001,0.8200000000000001,0.052709006877531134
9577,0.9400000000000001,0.8300000000000001,0.0500599563294714
9578,0.9400000000000001,0.84,0.04738986172493735
9579,0.9400000000000001,0.85,0.04464616018826424
9580,0.9400000000000001,0.86,0.04188369043783794
9581,0.9400000000000001,0.87,0.039056166050303105
9582,0.9400000000000001,0.88,0.036212223358829176
9583,0.9400000000000001,0.89,0.0333120350685639
9584,0.9400000000000001,0.9,0.030397843177490794
9585,0.9400000000000001,0.91,0.027436436703717728
9586,0.9400000000000001,0.92,0.024463496596134903
9587,0.9400000000000001,0.93,0.02145255925812738
9588,0.9400000000000001,0.9400000000000001,0.018432603769654134
9589,0.9400000000000001,0.9500000000000001,0.015384018362212874
9590,0.9400000000000001,0.96,0.012328965876868662
9591,0.9400000000000001,0.97,0.009254763774348482
9592,0.9400000000000001,0.98,0.006176671188145738
9593,0.9400000000000001,0.99,0.003088984862109421
9594,0.9400000000000001,1.0,0.0
9595,0.9500000000000001,0.0,0.0
9596,0.9500000000000001,0.01,0.003014589498521395
9597,0.9500000000000001,0.02,0.006024378754989745
9598,0.9500000000000001,0.03,0.009031871288091292
9599,0.9500000000000001,0.04,0.012024982039224896
9600,0.9500000000000001,0.05,0.015013508408084419
9601,0.9500000000000001,0.06,0.0179781282128733
9602,0.9500000000000001,0.07,0.020935894069621194
9603,0.9500000000000001,0.08,0.02386032292763986
9604,0.9500000000000001,0.09,0.026775655322255835
9605,0.9500000000000001,0.1,0.029648351848227037
9606,0.9500000000000001,0.11,0.032509745296332396
9607,0.9500000000000001,0.12,0.03531937226871181
9608,0.9500000000000001,0.13,0.03811553415844904
9609,0.9500000000000001,0.14,0.040851003262271306
9610,0.9500000000000001,0.15,0.04357089842107075
9611,0.9500000000000001,0.16,0.04622141400847712
9612,0.9500000000000001,0.17,0.04885430825382643
9613,0.9500000000000001,0.18,0.0514094099495709
9614,0.9500000000000001,0.19,0.053944912451912456
9615,0.9500000000000001,0.2,0.056394516435701765
9616,0.9500000000000001,0.21,0.058822620726271285
9617,0.9500000000000001,0.22,0.061157059529015935
9618,0.9500000000000001,0.23,0.06346818299078344
9619,0.9500000000000001,0.24,0.06567824364770179
9620,0.9500000000000001,0.25,0.06786326533356249
9621,0.9500000000000001,0.26,0.06994022574356466
9622,0.9500000000000001,0.27,0.07199052237252894
9623,0.9500000000000001,0.28,0.0739261857203866
9624,0.9500000000000001,0.29,0.07583366570970904
9625,0.9500000000000001,0.3,0.07762039281516173
9626,0.9500000000000001,0.31,0.0793775282141
9627,0.9500000000000001,0.32,0.08100826768023094
9628,0.9500000000000001,0.33,0.08260812387940739
9629,0.9500000000000001,0.34,0.08407643992130613
9630,0.9500000000000001,0.35000000000000003,0.08551270302042244
9631,0.9500000000000001,0.36,0.08681280086430766
9632,0.9500000000000001,0.37,0.08807980259020572
9633,0.9500000000000001,0.38,0.08920655134276823
9634,0.9500000000000001,0.39,0.09029929141949687
9635,0.9500000000000001,0.4,0.09124824431720854
9636,0.9500000000000001,0.41000000000000003,0.09216241019981222
9637,0.9500000000000001,0.42,0.09292982215828535
9638,0.9500000000000001,0.43,0.09366180605243458
9639,0.9500000000000001,0.44,0.09424464844657206
9640,0.9500000000000001,0.45,0.09479156154686741
9641,0.9500000000000001,0.46,0.0951875341634733
9642,0.9500000000000001,0.47000000000000003,0.09554721805423066
9643,0.9500000000000001,0.48,0.09575475816990947
9644,0.9500000000000001,0.49,0.09592579334343343
9645,0.9500000000000001,0.5,0.0959440818919513
9646,0.9500000000000001,0.51,0.09592579335067886
9647,0.9500000000000001,0.52,0.0957547581554472
9648,0.9500000000000001,0.53,0.09554721807585266
9649,0.9500000000000001,0.54,0.09518753413477685
9650,0.9500000000000001,0.55,0.09479156158252501
9651,0.9500000000000001,0.56,0.09424464840409397
9652,0.9500000000000001,0.5700000000000001,0.09366180610156548
9653,0.9500000000000001,0.58,0.09292982210269553
9654,0.9500000000000001,0.59,0.09216241026164156
9655,0.9500000000000001,0.6,0.09124824424938369
9656,0.9500000000000001,0.61,0.09029929149304955
9657,0.9500000000000001,0.62,0.08920655126377794
9658,0.9500000000000001,0.63,0.08807980267432179
9659,0.9500000000000001,0.64,0.08681280077539771
9660,0.9500000000000001,0.65,0.08551270311377535
9661,0.9500000000000001,0.66,0.08407643982387866
9662,0.9500000000000001,0.67,0.08260812398052486
9663,0.9500000000000001,0.68,0.08100826757582243
9664,0.9500000000000001,0.6900000000000001,0.07937752832138739
9665,0.9500000000000001,0.7000000000000001,0.07762039270541876
9666,0.9500000000000001,0.71,0.07583366582147433
9667,0.9500000000000001,0.72,0.07392618560703992
9668,0.9500000000000001,0.73,0.07199052248700956
9669,0.9500000000000001,0.74,0.0699402256284018
9670,0.9500000000000001,0.75,0.06786326544895299
9671,0.9500000000000001,0.76,0.06567824353253893
9672,0.9500000000000001,0.77,0.06346818310526409
9673,0.9500000000000001,0.78,0.061157059415669256
9674,0.9500000000000001,0.79,0.058822620838036604
9675,0.9500000000000001,0.8,0.05639451632595883
9676,0.9500000000000001,0.81,0.05394491255919985
9677,0.9500000000000001,0.8200000000000001,0.05140940984516241
9678,0.9500000000000001,0.8300000000000001,0.04885430835494392
9679,0.9500000000000001,0.84,0.04622141391104966
9680,0.9500000000000001,0.85,0.043570898514423646
9681,0.9500000000000001,0.86,0.04085100317336138
9682,0.9500000000000001,0.87,0.038115534242565106
9683,0.9500000000000001,0.88,0.03531937218972156
9684,0.9500000000000001,0.89,0.03250974536988509
9685,0.9500000000000001,0.9,0.029648351780402184
9686,0.9500000000000001,0.91,0.026775655384085176
9687,0.9500000000000001,0.92,0.02386032287205005
9688,0.9500000000000001,0.93,0.0209358941187521
9689,0.9500000000000001,0.9400000000000001,0.017978128170395208
9690,0.9500000000000001,0.9500000000000001,0.015013508443742057
9691,0.9500000000000001,0.96,0.012024982010528436
9692,0.9500000000000001,0.97,0.009031871309713323
9693,0.9500000000000001,0.98,0.006024378740527476
9694,0.9500000000000001,0.99,0.0030145895057668262
9695,0.9500000000000001,1.0,0.0
9696,0.96,0.0,0.0
9697,0.96,0.01,0.002942231881376167
9698,0.96,0.02,0.005875348482245524
9699,0.96,0.03,0.008815083999199662
9700,0.96,0.04,0.0117275096479654
9701,0.96,0.05,0.014653147008092279
9702,0.96,0.06,0.017533387690383092
9703,0.96,0.07,0.02043338074076523
9704,0.96,0.08,0.023270069461073052
9705,0.96,0.09,0.02613297325565326
9706,0.96,0.1,0.028914914897693406
9707,0.96,0.11,0.03172943086522244
9708,0.96,0.12,0.03444564637397244
9709,0.96,0.13,0.0372006669082749
9710,0.96,0.14,0.03984043661932526
9711,0.96,0.15,0.04252508891590688
9712,0.96,0.16,0.04507799486112195
9713,0.96,0.17,0.04768168382711582
9714,0.96,0.18,0.050137650849643195
9715,0.96,0.19,0.05265010091774962
9716,0.96,0.2,0.05499943643411489
9717,0.96,0.21,0.057410732115515305
9718,0.96,0.22,0.05964416436787863
9719,0.96,0.23,0.061944789384080594
9720,0.96,0.24,0.06405350403169001
9721,0.96,0.25,0.06623437887086853
9722,0.96,0.26,0.06821005377629932
9723,0.96,0.27,0.07026257152591804
9724,0.96,0.28,0.07209740959881149
9725,0.96,0.29,0.07401346991310956
9726,0.96,0.3,0.07570022988179138
9727,0.96,0.31,0.07747227095008297
9728,0.96,0.32,0.07900429593961829
9729,0.96,0.33,0.08062532432924144
9730,0.96,0.34,0.0819965681331412
9731,0.96,0.35000000000000003,0.08346018638928063
9732,0.96,0.36,0.08466523733117574
9733,0.96,0.37,0.08596566922463647
9734,0.96,0.38,0.08699977151574805
9735,0.96,0.39,0.0881318848390395
9736,0.96,0.4,0.08899095734715545
9737,0.96,0.41000000000000003,0.08995028416892131
9738,0.96,0.42,0.0906309365248066
9739,0.96,0.43,0.09141369082266568
9740,0.96,0.44,0.09191323680034047
9741,0.96,0.45,0.09251632940255095
9742,0.96,0.46,0.0928327975206303
9743,0.96,0.47000000000000003,0.09325384829760998
9744,0.96,0.48,0.09338598959986602
9745,0.96,0.49,0.09362333685745428
9746,0.96,0.5,0.09357062984189381
9747,0.96,0.51,0.0936233368792853
9748,0.96,0.52,0.09338598955629013
9749,0.96,0.53,0.09325384836275877
9750,0.96,0.54,0.09283279743416575
9751,0.96,0.55,0.09251632950999003
9752,0.96,0.56,0.09191323667235085
9753,0.96,0.5700000000000001,0.09141369097070066
9754,0.96,0.58,0.09063093635731043
9755,0.96,0.59,0.08995028435521761
9756,0.96,0.6,0.0889909571427942
9757,0.96,0.61,0.08813188506065912
9758,0.96,0.62,0.08699977127774462
9759,0.96,0.63,0.08596566947808433
9760,0.96,0.64,0.0846652370632836
9761,0.96,0.65,0.08346018667055971
9762,0.96,0.66,0.08199656783958516
9763,0.96,0.67,0.08062532463391585
9764,0.96,0.68,0.07900429562502789
9765,0.96,0.6900000000000001,0.07747227127334777
9766,0.96,0.7000000000000001,0.0757002295511279
9767,0.96,0.71,0.07401347024986668
9768,0.96,0.72,0.07209740925728966
9769,0.96,0.73,0.07026257187085665
9770,0.96,0.74,0.06821005342930515
9771,0.96,0.75,0.06623437921854874
9772,0.96,0.76,0.06405350368469585
9773,0.96,0.77,0.061944789729019234
9774,0.96,0.78,0.05964416402635678
9775,0.96,0.79,0.05741073245227249
9776,0.96,0.8,0.05499943610345135
9777,0.96,0.81,0.052650101241014484
9778,0.96,0.8200000000000001,0.050137650535052744
9779,0.96,0.8300000000000001,0.047681684131790275
9780,0.96,0.84,0.04507799456756586
9781,0.96,0.85,0.04252508919718603
9782,0.96,0.86,0.03984043635143308
9783,0.96,0.87,0.03720066716172281
9784,0.96,0.88,0.03444564613596899
9785,0.96,0.89,0.03172943108684209
9786,0.96,0.9,0.028914914693332138
9787,0.96,0.91,0.026132973441949595
9788,0.96,0.92,0.023270069293576858
9789,0.96,0.93,0.020433380888800243
9790,0.96,0.9400000000000001,0.017533387562393487
9791,0.96,0.9500000000000001,0.014653147115531359
9792,0.96,0.96,0.011727509561500857
9793,0.96,0.97,0.00881508406434843
9794,0.96,0.98,0.005875348438669643
9795,0.96,0.99,0.0029422319032071853
9796,0.96,1.0,0.0
9797,0.97,0.0,0.0
9798,0.97,0.01,0.0028684902540145286
9799,0.97,0.02,0.005736241736002966
9800,0.97,0.03,0.008594150141461466
9801,0.97,0.04,0.011449845146589475
9802,0.97,0.05,0.01428589284448019
9803,0.97,0.06,0.017118261249469826
9804,0.97,0.07,0.019921255654858038
9805,0.97,0.08,0.02271911939601134
9806,0.97,0.09,0.02547799837006405
9807,0.97,0.1,0.028230315557967192
9808,0.97,0.11,0.030934191065168853
9809,0.97,0.12,0.03363009956197645
9810,0.97,0.13,0.036268300640240614
9811,0.97,0.14,0.03889716092756058
9812,0.97,0.15,0.04145927580165391
9813,0.97,0.16,0.044010712969853205
9814,0.97,0.17,0.04648663014192905
9815,0.97,0.18,0.04895057483514784
9816,0.97,0.19,0.05133052299022393
9817,0.97,0.2,0.05369725114550707
9818,0.97,0.21,0.055971837714398044
9819,0.97,0.22,0.05823200893811205
9820,0.97,0.23,0.060392257165626566
9821,0.97,0.24,0.06253695159570807
9822,0.97,0.25,0.06457433596781877
9823,0.97,0.26,0.06659508947637638
9824,0.97,0.27,0.06850156936654768
9825,0.97,0.28,0.07039040696388879
9826,0.97,0.29,0.07215845836577559
9827,0.97,0.3,0.07390792567402822
9828,0.97,0.31,0.07553057089531046
9829,0.97,0.32,0.07713376356742821
9830,0.97,0.33,0.07860459876759342
9831,0.97,0.34,0.08005518973564066
9832,0.97,0.35000000000000003,0.08136841019903474
9833,0.97,0.36,0.08266067464421561
9834,0.97,0.37,0.08381109768862063
9835,0.97,0.38,0.08493993563450701
9836,0.97,0.39,0.08592302106483601
9837,0.97,0.4,0.08688397750462938
9838,0.97,0.41000000000000003,0.08769584553101643
9839,0.97,0.42,0.08848512800941088
9840,0.97,0.43,0.08912257455898197
9841,0.97,0.44,0.089737068139241
9842,0.97,0.45,0.09019757750113638
9843,0.97,0.46,0.09063485705831545
9844,0.97,0.47000000000000003,0.09091661181205998
9845,0.97,0.48,0.09117495160385895
9846,0.97,0.49,0.09127683979189674
9847,0.97,0.5,0.0913552202693712
9848,0.97,0.51,0.09127683978545832
9849,0.97,0.52,0.09117495161671038
9850,0.97,0.53,0.09091661179284624
9851,0.97,0.54,0.09063485708381562
9852,0.97,0.55,0.0901975774694504
9853,0.97,0.56,0.08973706817698777
9854,0.97,0.5700000000000001,0.08912257451532338
9855,0.97,0.58,0.08848512805880897
9856,0.97,0.59,0.0876958454760738
9857,0.97,0.6,0.08688397756489973
9858,0.97,0.61,0.0859230209994758
9859,0.97,0.62,0.08493993570469915
9860,0.97,0.63,0.08381109761387362
9861,0.97,0.64,0.08266067472322254
9862,0.97,0.65,0.08136841011607973
9863,0.97,0.66,0.08005518982221638
9864,0.97,0.67,0.07860459867773867
9865,0.97,0.68,0.07713376366020738
9866,0.97,0.6900000000000001,0.07553057079997301
9867,0.97,0.7000000000000001,0.07390792577154767
9868,0.97,0.71,0.07215845826645896
9869,0.97,0.72,0.0703904070646106
9870,0.97,0.73,0.06850156926481818
9871,0.97,0.74,0.06659508957871207
9872,0.97,0.75,0.06457433586528072
9873,0.97,0.76,0.06253695169804377
9874,0.97,0.77,0.06039225706389706
9875,0.97,0.78,0.05823200903883385
9876,0.97,0.79,0.05597183761508142
9877,0.97,0.8,0.05369725124302653
9878,0.97,0.81,0.05133052289488647
9879,0.97,0.8200000000000001,0.048950574927927024
9880,0.97,0.8300000000000001,0.046486630052074276
9881,0.97,0.84,0.044010713056428924
9882,0.97,0.85,0.04145927571869888
9883,0.97,0.86,0.03889716100656749
9884,0.97,0.87,0.03626830056549359
9885,0.97,0.88,0.03363009963216855
9886,0.97,0.89,0.030934190999808635
9887,0.97,0.9,0.02823031561823753
9888,0.97,0.91,0.02547799831512141
9889,0.97,0.92,0.022719119445409414
9890,0.97,0.93,0.01992125561119946
9891,0.97,0.9400000000000001,0.017118261287216593
9892,0.97,0.9500000000000001,0.01428589281279419
9893,0.97,0.96,0.011449845172089645
9894,0.97,0.97,0.008594150122247752
9895,0.97,0.98,0.005736241748854388
9896,0.97,0.99,0.0028684902475761107
9897,0.97,1.0,0.0
9898,0.98,0.0,0.0
9899,0.98,0.01,0.0027971035502928595
9900,0.98,0.02,0.005599409924545178
9901,0.98,0.03,0.008380271760913799
9902,0.98,0.04,0.011176721536498393
9903,0.98,0.05,0.013930366867097919
9904,0.98,0.06,0.01670992373520773
9905,0.98,0.07,0.019425485178812683
9906,0.98,0.08,0.022177179499715753
9907,0.98,0.09,0.024843939974326667
9908,0.98,0.1,0.02755691206950104
9909,0.98,0.11,0.030164347087796223
9910,0.98,0.12,0.03282789009809083
9911,0.98,0.13,0.03536570930280208
9912,0.98,0.14,0.03796931144348254
9913,0.98,0.15,0.04042749921877306
9914,0.98,0.16,0.04296088526469152
9915,0.98,0.17,0.04532974026326099
9916,0.98,0.18,0.047782912100427705
9917,0.98,0.19,0.050053085530348256
9918,0.98,0.2,0.05241636161386715
9919,0.98,0.21,0.054578894134048865
9920,0.98,0.22,0.05684294769669542
9921,0.98,0.23,0.0588893047753709
9922,0.98,0.24,0.061045200636021514
9923,0.98,0.25,0.0629673062327048
9924,0.98,0.26,0.06500653605935244
9925,0.98,0.27,0.0667968044973442
9926,0.98,0.28,0.06871132038553435
9927,0.98,0.29,0.07036268628918586
9928,0.98,0.3,0.07214493252335488
9929,0.98,0.31,0.07365087870194137
9930,0.98,0.32,0.07529382157431118
9931,0.98,0.33,0.07664840474246813
9932,0.98,0.34,0.07814556031181635
9933,0.98,0.35000000000000003,0.07934343454503158
9934,0.98,0.36,0.08068889422578676
9935,0.98,0.37,0.08172533205837892
9936,0.98,0.38,0.0829137859390536
9937,0.98,0.39,0.08378469702137212
9938,0.98,0.4,0.08481145482030733
9939,0.98,0.41000000000000003,0.08551340206152146
9940,0.98,0.42,0.08637441163724063
9941,0.98,0.43,0.08690462477000895
9942,0.98,0.44,0.08759648811312992
9943,0.98,0.45,0.08795287462661568
9944,0.98,0.46,0.08847286127020894
9945,0.98,0.47000000000000003,0.08865401466829327
9946,0.98,0.48,0.08900007246376233
9947,0.98,0.49,0.08900527781586329
9948,0.98,0.5,0.08917604103181988
9949,0.98,0.51,0.08900527779441081
9950,0.98,0.52,0.08900007250658261
9951,0.98,0.53,0.08865401460427418
9952,0.98,0.54,0.08847286135517417
9953,0.98,0.55,0.0879528745210396
9954,0.98,0.56,0.08759648823890016
9955,0.98,0.5700000000000001,0.08690462462454082
9956,0.98,0.58,0.08637441180183249
9957,0.98,0.59,0.0855134018784554
9958,0.98,0.6,0.08481145502112508
9959,0.98,0.61,0.08378469680359517
9960,0.98,0.62,0.08291378617293023
9961,0.98,0.63,0.08172533180932558
9962,0.98,0.64,0.08068889448903391
9963,0.98,0.65,0.07934343426862955
9964,0.98,0.66,0.07814556060028244
9965,0.98,0.67,0.07664840444307647
9966,0.98,0.68,0.07529382188344687
9967,0.98,0.6900000000000001,0.07365087838428168
9968,0.98,0.7000000000000001,0.0721449328482849
9969,0.98,0.71,0.07036268595826786
9970,0.98,0.72,0.06871132072113434
9971,0.98,0.73,0.06679680415838662
9972,0.98,0.74,0.06500653640032988
9973,0.98,0.75,0.06296730589105316
9974,0.98,0.76,0.061045200976998996
9975,0.98,0.77,0.05888930443641324
9976,0.98,0.78,0.05684294803229552
9977,0.98,0.79,0.054578893803130794
9978,0.98,0.8,0.052416361938797215
9979,0.98,0.81,0.05005308521268855
9980,0.98,0.8200000000000001,0.04778291240956339
9981,0.98,0.8300000000000001,0.04532973996386934
9982,0.98,0.84,0.042960885553157566
9983,0.98,0.85,0.04042749894237104
9984,0.98,0.86,0.0379693117067297
9985,0.98,0.87,0.0353657090537487
9986,0.98,0.88,0.032827890331967535
9987,0.98,0.89,0.030164346870019204
9988,0.98,0.9,0.027556912270318895
9989,0.98,0.91,0.024843939791260507
9990,0.98,0.92,0.022177179664307736
9991,0.98,0.93,0.019425485033344438
9992,0.98,0.9400000000000001,0.016709923860978127
9993,0.98,0.9500000000000001,0.013930366761521717
9994,0.98,0.96,0.011176721621463727
9995,0.98,0.97,0.008380271696894644
9996,0.98,0.98,0.0055994099673654955
9997,0.98,0.99,0.0027971035288403665
9998,0.98,1.0,0.0
9999,0.99,0.0,0.0
10000,0.99,0.01,0.002730017775342594
10001,0.99,0.02,0.005460792794746225
10002,0.99,0.03,0.008179279193046668
10003,0.99,0.04,0.010900034335226957
10004,0.99,0.05,0.013596260732388803
10005,0.99,0.06,0.01629625842012994
10006,0.99,0.07,0.018959584041923067
10007,0.99,0.08,0.021628168618384246
10008,0.99,0.09,0.024248082534726222
10009,0.99,0.1,0.026874722316442883
10010,0.99,0.11,0.029440884923247625
10011,0.99,0.12,0.0320152137638636
10012,0.99,0.13,0.03451749758874733
10013,0.99,0.14,0.037029355789445044
10014,0.99,0.15,0.039457885460247887
10015,0.99,0.16,0.04189735986542198
10016,0.99,0.17,0.04424255108380742
10017,0.99,0.18,0.046600014203742865
10018,0.99,0.19,0.04885261157006371
10019,0.99,0.2,0.051118759576219294
10020,0.99,0.21,0.053269873116372685
10021,0.99,0.22,0.05543576255932008
10022,0.99,0.23,0.05747690280943604
10023,0.99,0.24,0.05953398591454601
10024,0.99,0.25,0.06145709742504616
10025,0.99,0.26,0.06339725582662628
10026,0.99,0.27,0.06519474895342715
10027,0.99,0.28,0.06701032573417805
10028,0.99,0.29,0.06867510659157312
10029,0.99,0.3,0.07035893650091873
10030,0.99,0.31,0.07188443495792854
10031,0.99,0.32,0.07342987268996268
10032,0.99,0.33,0.07481006829966395
10033,0.99,0.34,0.07621101471911346
10034,0.99,0.35000000000000003,0.07744046047861543
10035,0.99,0.36,0.0786913866913184
10036,0.99,0.37,0.07976523053861631
10037,0.99,0.38,0.08086119971152055
10038,0.99,0.39,0.08177520367438772
10039,0.99,0.4,0.08271189051895633
10040,0.99,0.41000000000000003,0.08346244744030264
10041,0.99,0.42,0.0842361552824345
10042,0.99,0.43,0.08482030305612358
10043,0.99,0.44,0.08542797842522236
10044,0.99,0.45,0.08584341168616476
10045,0.99,0.46,0.08628265636578007
10046,0.99,0.47000000000000003,0.08652773558816715
10047,0.99,0.48,0.08679681608064954
10048,0.99,0.49,0.08687057404842102
10049,0.99,0.5,0.08696842841623847
10050,0.99,0.51,0.0868705740402476
10051,0.99,0.52,0.08679681609696412
10052,0.99,0.53,0.0865277355637758
10053,0.99,0.54,0.08628265639815193
10054,0.99,0.55,0.08584341164594014
10055,0.99,0.56,0.08542797847314097
10056,0.99,0.5700000000000001,0.08482030300070005
10057,0.99,0.58,0.08423615534514418
10058,0.99,0.59,0.08346244737055429
10059,0.99,0.6,0.08271189059546809
10060,0.99,0.61,0.08177520359141448
10061,0.99,0.62,0.0808611998006278
10062,0.99,0.63,0.07976523044372671
10063,0.99,0.64,0.07869138679161579
10064,0.99,0.65,0.07744046037330601
10065,0.99,0.66,0.07621101482901925
10066,0.99,0.67,0.07481006818559548
10067,0.99,0.68,0.07342987280774362
10068,0.99,0.6900000000000001,0.07188443483689992
10069,0.99,0.7000000000000001,0.07035893662471734
10070,0.99,0.71,0.06867510646549303
10071,0.99,0.72,0.06701032586204199
10072,0.99,0.73,0.06519474882428396
10073,0.99,0.74,0.06339725595653904
10074,0.99,0.75,0.061457097294876535
10075,0.99,0.76,0.059533986044458774
10076,0.99,0.77,0.057476902680292825
10077,0.99,0.78,0.05543576268718403
10078,0.99,0.79,0.053269872990292566
10079,0.99,0.8,0.05111875970001796
10080,0.99,0.81,0.04885261144903503
10081,0.99,0.8200000000000001,0.04660001432152387
10082,0.99,0.8300000000000001,0.04424255096973887
10083,0.99,0.84,0.04189735997532784
10084,0.99,0.85,0.039457885354938424
10085,0.99,0.86,0.037029355889742474
10086,0.99,0.87,0.034517497493857734
10087,0.99,0.88,0.032015213852970854
10088,0.99,0.89,0.029440884840274354
10089,0.99,0.9,0.02687472239295469
10090,0.99,0.91,0.024248082464977824
10091,0.99,0.92,0.021628168681093955
10092,0.99,0.93,0.018959583986499516
10093,0.99,0.9400000000000001,0.01629625846804858
10094,0.99,0.9500000000000001,0.013596260692164163
10095,0.99,0.96,0.010900034367598833
10096,0.99,0.97,0.008179279168655306
10097,0.99,0.98,0.005460792811060808
10098,0.99,0.99,0.0027300177671691736
10099,0.99,1.0,0.0
10100,1.0,0.0,0.0
10101,1.0,0.01,0.002663997835570589
10102,1.0,0.02,0.005326691324785819
10103,1.0,0.03,0.007981479924303427
10104,1.0,0.04,0.010632360632478795
10105,1.0,0.05,0.013267462758118072
10106,1.0,0.06,0.015896068870283
10107,1.0,0.07,0.01850108497767395
10108,1.0,0.08,0.021097042586574157
10109,1.0,0.09,0.023661691867054937
10110,1.0,0.1,0.026214755914222218
10111,1.0,0.11,0.028728916868497295
10112,1.0,0.12,0.031229011576811103
10113,1.0,0.13,0.03368276195988905
10114,1.0,0.14,0.03612002059806103
10115,1.0,0.15,0.03850367657782743
10116,1.0,0.16,0.040868480399876755
10117,1.0,0.17,0.043172634774761194
10118,1.0,0.18,0.045455650980804466
10119,1.0,0.19,0.04767121030571378
10120,1.0,0.2,0.049863428874255725
10121,1.0,0.21,0.05198164934825442
10122,1.0,0.22,0.05407441859461917
10123,1.0,0.23,0.056086940568724486
10124,1.0,0.24,0.05807200128929479
10125,1.0,0.25,0.059970882258199874
10126,1.0,0.26,0.061840400325712544
10127,1.0,0.27,0.06361814627323435
10128,1.0,0.28,0.06536474355449347
10129,1.0,0.29,0.06701433852903907
10130,1.0,0.3,0.06863112200302876
10131,1.0,0.31,0.07014605580635905
10132,1.0,0.32,0.07162664476784039
10133,1.0,0.33,0.07300093864785623
10134,1.0,0.34,0.07433948988908788
10135,1.0,0.35000000000000003,0.07556772013524096
10136,1.0,0.36,0.07675895100644312
10137,1.0,0.37,0.07783627035465077
10138,1.0,0.38,0.07887547961220355
10139,1.0,0.39,0.07979763637479229
10140,1.0,0.4,0.08068072273488999
10141,1.0,0.41000000000000003,0.08144407758007051
10142,1.0,0.42,0.08216755590460942
10143,1.0,0.43,0.08276909621926183
10144,1.0,0.44,0.08333011127008307
10145,1.0,0.45,0.08376746304916917
10146,1.0,0.46,0.08416380075637514
10147,1.0,0.47000000000000003,0.08443523797205539
10148,1.0,0.48,0.08466533417192897
10149,1.0,0.49,0.08476978558540853
10150,1.0,0.5,0.08483273219345042
10151,1.0,0.51,0.08476978558267109
10152,1.0,0.52,0.08466533417739307
10153,1.0,0.53,0.08443523796388623
10154,1.0,0.54,0.08416380076721715
10155,1.0,0.55,0.08376746303569714
10156,1.0,0.56,0.08333011128613199
10157,1.0,0.5700000000000001,0.08276909620069939
10158,1.0,0.58,0.08216755592561215
10159,1.0,0.59,0.08144407755671039
10160,1.0,0.6,0.08068072276051533
10161,1.0,0.61,0.07979763634700289
10162,1.0,0.62,0.07887547964204736
10163,1.0,0.63,0.07783627032287035
10164,1.0,0.64,0.07675895104003475
10165,1.0,0.65,0.07556772009997073
10166,1.0,0.66,0.07433948992589755
10167,1.0,0.67,0.07300093860965241
10168,1.0,0.68,0.07162664480728761
10169,1.0,0.6900000000000001,0.07014605576582413
10170,1.0,0.7000000000000001,0.06863112204449141
10171,1.0,0.71,0.0670143384868123
10172,1.0,0.72,0.06536474359731766
10173,1.0,0.73,0.06361814622998171
10174,1.0,0.74,0.06184040036922292
10175,1.0,0.75,0.059970882214603456
10176,1.0,0.76,0.058072001332805157
10177,1.0,0.77,0.05608694052547185
10178,1.0,0.78,0.05407441863744336
10179,1.0,0.79,0.051981649306027666
10180,1.0,0.8,0.04986342891571837
10181,1.0,0.81,0.04767121026517886
10182,1.0,0.8200000000000001,0.045455651020251675
10183,1.0,0.8300000000000001,0.04317263473655735
10184,1.0,0.84,0.04086848043668643
10185,1.0,0.85,0.03850367654255719
10186,1.0,0.86,0.03612002063165265
10187,1.0,0.87,0.03368276192810862
10188,1.0,0.88,0.031229011606654904
10189,1.0,0.89,0.02872891684070788
10190,1.0,0.9,0.026214755939847543
10191,1.0,0.91,0.023661691843694793
10192,1.0,0.92,0.021097042607576888
10193,1.0,0.93,0.018501084959111486
10194,1.0,0.9400000000000001,0.015896068886331917
10195,1.0,0.9500000000000001,0.013267462744646031
10196,1.0,0.96,0.010632360643320786
10197,1.0,0.97,0.007981479916134269
10198,1.0,0.98,0.0053266913302499
10199,1.0,0.99,0.0026639978328331457
10200,1.0,1.0,0.0
